id,mutation,status,reason
fixture-01-overfit,input-bool,REJECTED,refutation input
fixture-01-overfit,input-outside,REJECTED,refutation input outside domain
fixture-01-overfit,obligation,REJECTED,refutation obligation
fixture-01-overfit,trace-type,REJECTED,refutation trace
fixture-01-overfit,trace-content,REJECTED,refutation trace mismatch
fixture-01-overfit,source-binding,REJECTED,refutation source binding
fixture-01-overfit,domain-binding,REJECTED,refutation request/domain binding
fixture-01-overfit,request-id,REJECTED,refutation request/domain binding
fixture-01-overfit,extra-field,REJECTED,refutation certificate schema
fixture-01-overfit,digest,REJECTED,refutation digest
fixture-01-regression,input-bool,REJECTED,refutation input
fixture-01-regression,input-outside,REJECTED,refutation input outside domain
fixture-01-regression,obligation,REJECTED,refutation obligation
fixture-01-regression,trace-type,REJECTED,refutation trace
fixture-01-regression,trace-content,REJECTED,refutation trace mismatch
fixture-01-regression,source-binding,REJECTED,refutation source binding
fixture-01-regression,domain-binding,REJECTED,refutation request/domain binding
fixture-01-regression,request-id,REJECTED,refutation request/domain binding
fixture-01-regression,extra-field,REJECTED,refutation certificate schema
fixture-01-regression,digest,REJECTED,refutation digest
fixture-01-undefined,input-bool,REJECTED,refutation input
fixture-01-undefined,input-outside,REJECTED,refutation input outside domain
fixture-01-undefined,obligation,REJECTED,refutation obligation
fixture-01-undefined,trace-type,REJECTED,refutation trace
fixture-01-undefined,trace-content,REJECTED,refutation trace mismatch
fixture-01-undefined,source-binding,REJECTED,refutation source binding
fixture-01-undefined,domain-binding,REJECTED,refutation request/domain binding
fixture-01-undefined,request-id,REJECTED,refutation request/domain binding
fixture-01-undefined,extra-field,REJECTED,refutation certificate schema
fixture-01-undefined,digest,REJECTED,refutation digest
fixture-02-overfit,input-bool,REJECTED,refutation input
fixture-02-overfit,input-outside,REJECTED,refutation input outside domain
fixture-02-overfit,obligation,REJECTED,refutation obligation
fixture-02-overfit,trace-type,REJECTED,refutation trace
fixture-02-overfit,trace-content,REJECTED,refutation trace mismatch
fixture-02-overfit,source-binding,REJECTED,refutation source binding
fixture-02-overfit,domain-binding,REJECTED,refutation request/domain binding
fixture-02-overfit,request-id,REJECTED,refutation request/domain binding
fixture-02-overfit,extra-field,REJECTED,refutation certificate schema
fixture-02-overfit,digest,REJECTED,refutation digest
fixture-02-regression,input-bool,REJECTED,refutation input
fixture-02-regression,input-outside,REJECTED,refutation input outside domain
fixture-02-regression,obligation,REJECTED,refutation obligation
fixture-02-regression,trace-type,REJECTED,refutation trace
fixture-02-regression,trace-content,REJECTED,refutation trace mismatch
fixture-02-regression,source-binding,REJECTED,refutation source binding
fixture-02-regression,domain-binding,REJECTED,refutation request/domain binding
fixture-02-regression,request-id,REJECTED,refutation request/domain binding
fixture-02-regression,extra-field,REJECTED,refutation certificate schema
fixture-02-regression,digest,REJECTED,refutation digest
fixture-02-undefined,input-bool,REJECTED,refutation input
fixture-02-undefined,input-outside,REJECTED,refutation input outside domain
fixture-02-undefined,obligation,REJECTED,refutation obligation
fixture-02-undefined,trace-type,REJECTED,refutation trace
fixture-02-undefined,trace-content,REJECTED,refutation trace mismatch
fixture-02-undefined,source-binding,REJECTED,refutation source binding
fixture-02-undefined,domain-binding,REJECTED,refutation request/domain binding
fixture-02-undefined,request-id,REJECTED,refutation request/domain binding
fixture-02-undefined,extra-field,REJECTED,refutation certificate schema
fixture-02-undefined,digest,REJECTED,refutation digest
fixture-03-overfit,input-bool,REJECTED,refutation input
fixture-03-overfit,input-outside,REJECTED,refutation input outside domain
fixture-03-overfit,obligation,REJECTED,refutation obligation
fixture-03-overfit,trace-type,REJECTED,refutation trace
fixture-03-overfit,trace-content,REJECTED,refutation trace mismatch
fixture-03-overfit,source-binding,REJECTED,refutation source binding
fixture-03-overfit,domain-binding,REJECTED,refutation request/domain binding
fixture-03-overfit,request-id,REJECTED,refutation request/domain binding
fixture-03-overfit,extra-field,REJECTED,refutation certificate schema
fixture-03-overfit,digest,REJECTED,refutation digest
fixture-03-regression,input-bool,REJECTED,refutation input
fixture-03-regression,input-outside,REJECTED,refutation input outside domain
fixture-03-regression,obligation,REJECTED,refutation obligation
fixture-03-regression,trace-type,REJECTED,refutation trace
fixture-03-regression,trace-content,REJECTED,refutation trace mismatch
fixture-03-regression,source-binding,REJECTED,refutation source binding
fixture-03-regression,domain-binding,REJECTED,refutation request/domain binding
fixture-03-regression,request-id,REJECTED,refutation request/domain binding
fixture-03-regression,extra-field,REJECTED,refutation certificate schema
fixture-03-regression,digest,REJECTED,refutation digest
fixture-03-undefined,input-bool,REJECTED,refutation input
fixture-03-undefined,input-outside,REJECTED,refutation input outside domain
fixture-03-undefined,obligation,REJECTED,refutation obligation
fixture-03-undefined,trace-type,REJECTED,refutation trace
fixture-03-undefined,trace-content,REJECTED,refutation trace mismatch
fixture-03-undefined,source-binding,REJECTED,refutation source binding
fixture-03-undefined,domain-binding,REJECTED,refutation request/domain binding
fixture-03-undefined,request-id,REJECTED,refutation request/domain binding
fixture-03-undefined,extra-field,REJECTED,refutation certificate schema
fixture-03-undefined,digest,REJECTED,refutation digest
fixture-04-overfit,input-bool,REJECTED,refutation input
fixture-04-overfit,input-outside,REJECTED,refutation input outside domain
fixture-04-overfit,obligation,REJECTED,refutation obligation
fixture-04-overfit,trace-type,REJECTED,refutation trace
fixture-04-overfit,trace-content,REJECTED,refutation trace mismatch
fixture-04-overfit,source-binding,REJECTED,refutation source binding
fixture-04-overfit,domain-binding,REJECTED,refutation request/domain binding
fixture-04-overfit,request-id,REJECTED,refutation request/domain binding
fixture-04-overfit,extra-field,REJECTED,refutation certificate schema
fixture-04-overfit,digest,REJECTED,refutation digest
fixture-04-regression,input-bool,REJECTED,refutation input
fixture-04-regression,input-outside,REJECTED,refutation input outside domain
fixture-04-regression,obligation,REJECTED,refutation obligation
fixture-04-regression,trace-type,REJECTED,refutation trace
fixture-04-regression,trace-content,REJECTED,refutation trace mismatch
fixture-04-regression,source-binding,REJECTED,refutation source binding
fixture-04-regression,domain-binding,REJECTED,refutation request/domain binding
fixture-04-regression,request-id,REJECTED,refutation request/domain binding
fixture-04-regression,extra-field,REJECTED,refutation certificate schema
fixture-04-regression,digest,REJECTED,refutation digest
fixture-04-undefined,input-bool,REJECTED,refutation input
fixture-04-undefined,input-outside,REJECTED,refutation input outside domain
fixture-04-undefined,obligation,REJECTED,refutation obligation
fixture-04-undefined,trace-type,REJECTED,refutation trace
fixture-04-undefined,trace-content,REJECTED,refutation trace mismatch
fixture-04-undefined,source-binding,REJECTED,refutation source binding
fixture-04-undefined,domain-binding,REJECTED,refutation request/domain binding
fixture-04-undefined,request-id,REJECTED,refutation request/domain binding
fixture-04-undefined,extra-field,REJECTED,refutation certificate schema
fixture-04-undefined,digest,REJECTED,refutation digest
fixture-05-overfit,input-bool,REJECTED,refutation input
fixture-05-overfit,input-outside,REJECTED,refutation input outside domain
fixture-05-overfit,obligation,REJECTED,refutation obligation
fixture-05-overfit,trace-type,REJECTED,refutation trace
fixture-05-overfit,trace-content,REJECTED,refutation trace mismatch
fixture-05-overfit,source-binding,REJECTED,refutation source binding
fixture-05-overfit,domain-binding,REJECTED,refutation request/domain binding
fixture-05-overfit,request-id,REJECTED,refutation request/domain binding
fixture-05-overfit,extra-field,REJECTED,refutation certificate schema
fixture-05-overfit,digest,REJECTED,refutation digest
fixture-05-regression,input-bool,REJECTED,refutation input
fixture-05-regression,input-outside,REJECTED,refutation input outside domain
fixture-05-regression,obligation,REJECTED,refutation obligation
fixture-05-regression,trace-type,REJECTED,refutation trace
fixture-05-regression,trace-content,REJECTED,refutation trace mismatch
fixture-05-regression,source-binding,REJECTED,refutation source binding
fixture-05-regression,domain-binding,REJECTED,refutation request/domain binding
fixture-05-regression,request-id,REJECTED,refutation request/domain binding
fixture-05-regression,extra-field,REJECTED,refutation certificate schema
fixture-05-regression,digest,REJECTED,refutation digest
fixture-05-undefined,input-bool,REJECTED,refutation input
fixture-05-undefined,input-outside,REJECTED,refutation input outside domain
fixture-05-undefined,obligation,REJECTED,refutation obligation
fixture-05-undefined,trace-type,REJECTED,refutation trace
fixture-05-undefined,trace-content,REJECTED,refutation trace mismatch
fixture-05-undefined,source-binding,REJECTED,refutation source binding
fixture-05-undefined,domain-binding,REJECTED,refutation request/domain binding
fixture-05-undefined,request-id,REJECTED,refutation request/domain binding
fixture-05-undefined,extra-field,REJECTED,refutation certificate schema
fixture-05-undefined,digest,REJECTED,refutation digest
fixture-06-overfit,input-bool,REJECTED,refutation input
fixture-06-overfit,input-outside,REJECTED,refutation input outside domain
fixture-06-overfit,obligation,REJECTED,refutation obligation
fixture-06-overfit,trace-type,REJECTED,refutation trace
fixture-06-overfit,trace-content,REJECTED,refutation trace mismatch
fixture-06-overfit,source-binding,REJECTED,refutation source binding
fixture-06-overfit,domain-binding,REJECTED,refutation request/domain binding
fixture-06-overfit,request-id,REJECTED,refutation request/domain binding
fixture-06-overfit,extra-field,REJECTED,refutation certificate schema
fixture-06-overfit,digest,REJECTED,refutation digest
fixture-06-regression,input-bool,REJECTED,refutation input
fixture-06-regression,input-outside,REJECTED,refutation input outside domain
fixture-06-regression,obligation,REJECTED,refutation obligation
fixture-06-regression,trace-type,REJECTED,refutation trace
fixture-06-regression,trace-content,REJECTED,refutation trace mismatch
fixture-06-regression,source-binding,REJECTED,refutation source binding
fixture-06-regression,domain-binding,REJECTED,refutation request/domain binding
fixture-06-regression,request-id,REJECTED,refutation request/domain binding
fixture-06-regression,extra-field,REJECTED,refutation certificate schema
fixture-06-regression,digest,REJECTED,refutation digest
fixture-06-undefined,input-bool,REJECTED,refutation input
fixture-06-undefined,input-outside,REJECTED,refutation input outside domain
fixture-06-undefined,obligation,REJECTED,refutation obligation
fixture-06-undefined,trace-type,REJECTED,refutation trace
fixture-06-undefined,trace-content,REJECTED,refutation trace mismatch
fixture-06-undefined,source-binding,REJECTED,refutation source binding
fixture-06-undefined,domain-binding,REJECTED,refutation request/domain binding
fixture-06-undefined,request-id,REJECTED,refutation request/domain binding
fixture-06-undefined,extra-field,REJECTED,refutation certificate schema
fixture-06-undefined,digest,REJECTED,refutation digest
fixture-07-overfit,input-bool,REJECTED,refutation input
fixture-07-overfit,input-outside,REJECTED,refutation input outside domain
fixture-07-overfit,obligation,REJECTED,refutation obligation
fixture-07-overfit,trace-type,REJECTED,refutation trace
fixture-07-overfit,trace-content,REJECTED,refutation trace mismatch
fixture-07-overfit,source-binding,REJECTED,refutation source binding
fixture-07-overfit,domain-binding,REJECTED,refutation request/domain binding
fixture-07-overfit,request-id,REJECTED,refutation request/domain binding
fixture-07-overfit,extra-field,REJECTED,refutation certificate schema
fixture-07-overfit,digest,REJECTED,refutation digest
fixture-07-regression,input-bool,REJECTED,refutation input
fixture-07-regression,input-outside,REJECTED,refutation input outside domain
fixture-07-regression,obligation,REJECTED,refutation obligation
fixture-07-regression,trace-type,REJECTED,refutation trace
fixture-07-regression,trace-content,REJECTED,refutation trace mismatch
fixture-07-regression,source-binding,REJECTED,refutation source binding
fixture-07-regression,domain-binding,REJECTED,refutation request/domain binding
fixture-07-regression,request-id,REJECTED,refutation request/domain binding
fixture-07-regression,extra-field,REJECTED,refutation certificate schema
fixture-07-regression,digest,REJECTED,refutation digest
fixture-07-undefined,input-bool,REJECTED,refutation input
fixture-07-undefined,input-outside,REJECTED,refutation input outside domain
fixture-07-undefined,obligation,REJECTED,refutation obligation
fixture-07-undefined,trace-type,REJECTED,refutation trace
fixture-07-undefined,trace-content,REJECTED,refutation trace mismatch
fixture-07-undefined,source-binding,REJECTED,refutation source binding
fixture-07-undefined,domain-binding,REJECTED,refutation request/domain binding
fixture-07-undefined,request-id,REJECTED,refutation request/domain binding
fixture-07-undefined,extra-field,REJECTED,refutation certificate schema
fixture-07-undefined,digest,REJECTED,refutation digest
fixture-08-overfit,input-bool,REJECTED,refutation input
fixture-08-overfit,input-outside,REJECTED,refutation input outside domain
fixture-08-overfit,obligation,REJECTED,refutation obligation
fixture-08-overfit,trace-type,REJECTED,refutation trace
fixture-08-overfit,trace-content,REJECTED,refutation trace mismatch
fixture-08-overfit,source-binding,REJECTED,refutation source binding
fixture-08-overfit,domain-binding,REJECTED,refutation request/domain binding
fixture-08-overfit,request-id,REJECTED,refutation request/domain binding
fixture-08-overfit,extra-field,REJECTED,refutation certificate schema
fixture-08-overfit,digest,REJECTED,refutation digest
fixture-08-regression,input-bool,REJECTED,refutation input
fixture-08-regression,input-outside,REJECTED,refutation input outside domain
fixture-08-regression,obligation,REJECTED,refutation obligation
fixture-08-regression,trace-type,REJECTED,refutation trace
fixture-08-regression,trace-content,REJECTED,refutation trace mismatch
fixture-08-regression,source-binding,REJECTED,refutation source binding
fixture-08-regression,domain-binding,REJECTED,refutation request/domain binding
fixture-08-regression,request-id,REJECTED,refutation request/domain binding
fixture-08-regression,extra-field,REJECTED,refutation certificate schema
fixture-08-regression,digest,REJECTED,refutation digest
fixture-08-undefined,input-bool,REJECTED,refutation input
fixture-08-undefined,input-outside,REJECTED,refutation input outside domain
fixture-08-undefined,obligation,REJECTED,refutation obligation
fixture-08-undefined,trace-type,REJECTED,refutation trace
fixture-08-undefined,trace-content,REJECTED,refutation trace mismatch
fixture-08-undefined,source-binding,REJECTED,refutation source binding
fixture-08-undefined,domain-binding,REJECTED,refutation request/domain binding
fixture-08-undefined,request-id,REJECTED,refutation request/domain binding
fixture-08-undefined,extra-field,REJECTED,refutation certificate schema
fixture-08-undefined,digest,REJECTED,refutation digest
fixture-09-overfit,input-bool,REJECTED,refutation input
fixture-09-overfit,input-outside,REJECTED,refutation input outside domain
fixture-09-overfit,obligation,REJECTED,refutation obligation
fixture-09-overfit,trace-type,REJECTED,refutation trace
fixture-09-overfit,trace-content,REJECTED,refutation trace mismatch
fixture-09-overfit,source-binding,REJECTED,refutation source binding
fixture-09-overfit,domain-binding,REJECTED,refutation request/domain binding
fixture-09-overfit,request-id,REJECTED,refutation request/domain binding
fixture-09-overfit,extra-field,REJECTED,refutation certificate schema
fixture-09-overfit,digest,REJECTED,refutation digest
fixture-09-regression,input-bool,REJECTED,refutation input
fixture-09-regression,input-outside,REJECTED,refutation input outside domain
fixture-09-regression,obligation,REJECTED,refutation obligation
fixture-09-regression,trace-type,REJECTED,refutation trace
fixture-09-regression,trace-content,REJECTED,refutation trace mismatch
fixture-09-regression,source-binding,REJECTED,refutation source binding
fixture-09-regression,domain-binding,REJECTED,refutation request/domain binding
fixture-09-regression,request-id,REJECTED,refutation request/domain binding
fixture-09-regression,extra-field,REJECTED,refutation certificate schema
fixture-09-regression,digest,REJECTED,refutation digest
fixture-09-undefined,input-bool,REJECTED,refutation input
fixture-09-undefined,input-outside,REJECTED,refutation input outside domain
fixture-09-undefined,obligation,REJECTED,refutation obligation
fixture-09-undefined,trace-type,REJECTED,refutation trace
fixture-09-undefined,trace-content,REJECTED,refutation trace mismatch
fixture-09-undefined,source-binding,REJECTED,refutation source binding
fixture-09-undefined,domain-binding,REJECTED,refutation request/domain binding
fixture-09-undefined,request-id,REJECTED,refutation request/domain binding
fixture-09-undefined,extra-field,REJECTED,refutation certificate schema
fixture-09-undefined,digest,REJECTED,refutation digest
fixture-10-overfit,input-bool,REJECTED,refutation input
fixture-10-overfit,input-outside,REJECTED,refutation input outside domain
fixture-10-overfit,obligation,REJECTED,refutation obligation
fixture-10-overfit,trace-type,REJECTED,refutation trace
fixture-10-overfit,trace-content,REJECTED,refutation trace mismatch
fixture-10-overfit,source-binding,REJECTED,refutation source binding
fixture-10-overfit,domain-binding,REJECTED,refutation request/domain binding
fixture-10-overfit,request-id,REJECTED,refutation request/domain binding
fixture-10-overfit,extra-field,REJECTED,refutation certificate schema
fixture-10-overfit,digest,REJECTED,refutation digest
fixture-10-regression,input-bool,REJECTED,refutation input
fixture-10-regression,input-outside,REJECTED,refutation input outside domain
fixture-10-regression,obligation,REJECTED,refutation obligation
fixture-10-regression,trace-type,REJECTED,refutation trace
fixture-10-regression,trace-content,REJECTED,refutation trace mismatch
fixture-10-regression,source-binding,REJECTED,refutation source binding
fixture-10-regression,domain-binding,REJECTED,refutation request/domain binding
fixture-10-regression,request-id,REJECTED,refutation request/domain binding
fixture-10-regression,extra-field,REJECTED,refutation certificate schema
fixture-10-regression,digest,REJECTED,refutation digest
fixture-10-undefined,input-bool,REJECTED,refutation input
fixture-10-undefined,input-outside,REJECTED,refutation input outside domain
fixture-10-undefined,obligation,REJECTED,refutation obligation
fixture-10-undefined,trace-type,REJECTED,refutation trace
fixture-10-undefined,trace-content,REJECTED,refutation trace mismatch
fixture-10-undefined,source-binding,REJECTED,refutation source binding
fixture-10-undefined,domain-binding,REJECTED,refutation request/domain binding
fixture-10-undefined,request-id,REJECTED,refutation request/domain binding
fixture-10-undefined,extra-field,REJECTED,refutation certificate schema
fixture-10-undefined,digest,REJECTED,refutation digest
fixture-11-overfit,input-bool,REJECTED,refutation input
fixture-11-overfit,input-outside,REJECTED,refutation input outside domain
fixture-11-overfit,obligation,REJECTED,refutation obligation
fixture-11-overfit,trace-type,REJECTED,refutation trace
fixture-11-overfit,trace-content,REJECTED,refutation trace mismatch
fixture-11-overfit,source-binding,REJECTED,refutation source binding
fixture-11-overfit,domain-binding,REJECTED,refutation request/domain binding
fixture-11-overfit,request-id,REJECTED,refutation request/domain binding
fixture-11-overfit,extra-field,REJECTED,refutation certificate schema
fixture-11-overfit,digest,REJECTED,refutation digest
fixture-11-regression,input-bool,REJECTED,refutation input
fixture-11-regression,input-outside,REJECTED,refutation input outside domain
fixture-11-regression,obligation,REJECTED,refutation obligation
fixture-11-regression,trace-type,REJECTED,refutation trace
fixture-11-regression,trace-content,REJECTED,refutation trace mismatch
fixture-11-regression,source-binding,REJECTED,refutation source binding
fixture-11-regression,domain-binding,REJECTED,refutation request/domain binding
fixture-11-regression,request-id,REJECTED,refutation request/domain binding
fixture-11-regression,extra-field,REJECTED,refutation certificate schema
fixture-11-regression,digest,REJECTED,refutation digest
fixture-11-undefined,input-bool,REJECTED,refutation input
fixture-11-undefined,input-outside,REJECTED,refutation input outside domain
fixture-11-undefined,obligation,REJECTED,refutation obligation
fixture-11-undefined,trace-type,REJECTED,refutation trace
fixture-11-undefined,trace-content,REJECTED,refutation trace mismatch
fixture-11-undefined,source-binding,REJECTED,refutation source binding
fixture-11-undefined,domain-binding,REJECTED,refutation request/domain binding
fixture-11-undefined,request-id,REJECTED,refutation request/domain binding
fixture-11-undefined,extra-field,REJECTED,refutation certificate schema
fixture-11-undefined,digest,REJECTED,refutation digest
fixture-12-overfit,input-bool,REJECTED,refutation input
fixture-12-overfit,input-outside,REJECTED,refutation input outside domain
fixture-12-overfit,obligation,REJECTED,refutation obligation
fixture-12-overfit,trace-type,REJECTED,refutation trace
fixture-12-overfit,trace-content,REJECTED,refutation trace mismatch
fixture-12-overfit,source-binding,REJECTED,refutation source binding
fixture-12-overfit,domain-binding,REJECTED,refutation request/domain binding
fixture-12-overfit,request-id,REJECTED,refutation request/domain binding
fixture-12-overfit,extra-field,REJECTED,refutation certificate schema
fixture-12-overfit,digest,REJECTED,refutation digest
fixture-12-regression,input-bool,REJECTED,refutation input
fixture-12-regression,input-outside,REJECTED,refutation input outside domain
fixture-12-regression,obligation,REJECTED,refutation obligation
fixture-12-regression,trace-type,REJECTED,refutation trace
fixture-12-regression,trace-content,REJECTED,refutation trace mismatch
fixture-12-regression,source-binding,REJECTED,refutation source binding
fixture-12-regression,domain-binding,REJECTED,refutation request/domain binding
fixture-12-regression,request-id,REJECTED,refutation request/domain binding
fixture-12-regression,extra-field,REJECTED,refutation certificate schema
fixture-12-regression,digest,REJECTED,refutation digest
fixture-12-undefined,input-bool,REJECTED,refutation input
fixture-12-undefined,input-outside,REJECTED,refutation input outside domain
fixture-12-undefined,obligation,REJECTED,refutation obligation
fixture-12-undefined,trace-type,REJECTED,refutation trace
fixture-12-undefined,trace-content,REJECTED,refutation trace mismatch
fixture-12-undefined,source-binding,REJECTED,refutation source binding
fixture-12-undefined,domain-binding,REJECTED,refutation request/domain binding
fixture-12-undefined,request-id,REJECTED,refutation request/domain binding
fixture-12-undefined,extra-field,REJECTED,refutation certificate schema
fixture-12-undefined,digest,REJECTED,refutation digest
fixture-13-overfit,input-bool,REJECTED,refutation input
fixture-13-overfit,input-outside,REJECTED,refutation input outside domain
fixture-13-overfit,obligation,REJECTED,refutation obligation
fixture-13-overfit,trace-type,REJECTED,refutation trace
fixture-13-overfit,trace-content,REJECTED,refutation trace mismatch
fixture-13-overfit,source-binding,REJECTED,refutation source binding
fixture-13-overfit,domain-binding,REJECTED,refutation request/domain binding
fixture-13-overfit,request-id,REJECTED,refutation request/domain binding
fixture-13-overfit,extra-field,REJECTED,refutation certificate schema
fixture-13-overfit,digest,REJECTED,refutation digest
fixture-13-regression,input-bool,REJECTED,refutation input
fixture-13-regression,input-outside,REJECTED,refutation input outside domain
fixture-13-regression,obligation,REJECTED,refutation obligation
fixture-13-regression,trace-type,REJECTED,refutation trace
fixture-13-regression,trace-content,REJECTED,refutation trace mismatch
fixture-13-regression,source-binding,REJECTED,refutation source binding
fixture-13-regression,domain-binding,REJECTED,refutation request/domain binding
fixture-13-regression,request-id,REJECTED,refutation request/domain binding
fixture-13-regression,extra-field,REJECTED,refutation certificate schema
fixture-13-regression,digest,REJECTED,refutation digest
fixture-13-undefined,input-bool,REJECTED,refutation input
fixture-13-undefined,input-outside,REJECTED,refutation input outside domain
fixture-13-undefined,obligation,REJECTED,refutation obligation
fixture-13-undefined,trace-type,REJECTED,refutation trace
fixture-13-undefined,trace-content,REJECTED,refutation trace mismatch
fixture-13-undefined,source-binding,REJECTED,refutation source binding
fixture-13-undefined,domain-binding,REJECTED,refutation request/domain binding
fixture-13-undefined,request-id,REJECTED,refutation request/domain binding
fixture-13-undefined,extra-field,REJECTED,refutation certificate schema
fixture-13-undefined,digest,REJECTED,refutation digest
fixture-14-overfit,input-bool,REJECTED,refutation input
fixture-14-overfit,input-outside,REJECTED,refutation input outside domain
fixture-14-overfit,obligation,REJECTED,refutation obligation
fixture-14-overfit,trace-type,REJECTED,refutation trace
fixture-14-overfit,trace-content,REJECTED,refutation trace mismatch
fixture-14-overfit,source-binding,REJECTED,refutation source binding
fixture-14-overfit,domain-binding,REJECTED,refutation request/domain binding
fixture-14-overfit,request-id,REJECTED,refutation request/domain binding
fixture-14-overfit,extra-field,REJECTED,refutation certificate schema
fixture-14-overfit,digest,REJECTED,refutation digest
fixture-14-regression,input-bool,REJECTED,refutation input
fixture-14-regression,input-outside,REJECTED,refutation input outside domain
fixture-14-regression,obligation,REJECTED,refutation obligation
fixture-14-regression,trace-type,REJECTED,refutation trace
fixture-14-regression,trace-content,REJECTED,refutation trace mismatch
fixture-14-regression,source-binding,REJECTED,refutation source binding
fixture-14-regression,domain-binding,REJECTED,refutation request/domain binding
fixture-14-regression,request-id,REJECTED,refutation request/domain binding
fixture-14-regression,extra-field,REJECTED,refutation certificate schema
fixture-14-regression,digest,REJECTED,refutation digest
fixture-14-undefined,input-bool,REJECTED,refutation input
fixture-14-undefined,input-outside,REJECTED,refutation input outside domain
fixture-14-undefined,obligation,REJECTED,refutation obligation
fixture-14-undefined,trace-type,REJECTED,refutation trace
fixture-14-undefined,trace-content,REJECTED,refutation trace mismatch
fixture-14-undefined,source-binding,REJECTED,refutation source binding
fixture-14-undefined,domain-binding,REJECTED,refutation request/domain binding
fixture-14-undefined,request-id,REJECTED,refutation request/domain binding
fixture-14-undefined,extra-field,REJECTED,refutation certificate schema
fixture-14-undefined,digest,REJECTED,refutation digest
fixture-15-overfit,input-bool,REJECTED,refutation input
fixture-15-overfit,input-outside,REJECTED,refutation input outside domain
fixture-15-overfit,obligation,REJECTED,refutation obligation
fixture-15-overfit,trace-type,REJECTED,refutation trace
fixture-15-overfit,trace-content,REJECTED,refutation trace mismatch
fixture-15-overfit,source-binding,REJECTED,refutation source binding
fixture-15-overfit,domain-binding,REJECTED,refutation request/domain binding
fixture-15-overfit,request-id,REJECTED,refutation request/domain binding
fixture-15-overfit,extra-field,REJECTED,refutation certificate schema
fixture-15-overfit,digest,REJECTED,refutation digest
fixture-15-regression,input-bool,REJECTED,refutation input
fixture-15-regression,input-outside,REJECTED,refutation input outside domain
fixture-15-regression,obligation,REJECTED,refutation obligation
fixture-15-regression,trace-type,REJECTED,refutation trace
fixture-15-regression,trace-content,REJECTED,refutation trace mismatch
fixture-15-regression,source-binding,REJECTED,refutation source binding
fixture-15-regression,domain-binding,REJECTED,refutation request/domain binding
fixture-15-regression,request-id,REJECTED,refutation request/domain binding
fixture-15-regression,extra-field,REJECTED,refutation certificate schema
fixture-15-regression,digest,REJECTED,refutation digest
fixture-15-undefined,input-bool,REJECTED,refutation input
fixture-15-undefined,input-outside,REJECTED,refutation input outside domain
fixture-15-undefined,obligation,REJECTED,refutation obligation
fixture-15-undefined,trace-type,REJECTED,refutation trace
fixture-15-undefined,trace-content,REJECTED,refutation trace mismatch
fixture-15-undefined,source-binding,REJECTED,refutation source binding
fixture-15-undefined,domain-binding,REJECTED,refutation request/domain binding
fixture-15-undefined,request-id,REJECTED,refutation request/domain binding
fixture-15-undefined,extra-field,REJECTED,refutation certificate schema
fixture-15-undefined,digest,REJECTED,refutation digest
fixture-16-overfit,input-bool,REJECTED,refutation input
fixture-16-overfit,input-outside,REJECTED,refutation input outside domain
fixture-16-overfit,obligation,REJECTED,refutation obligation
fixture-16-overfit,trace-type,REJECTED,refutation trace
fixture-16-overfit,trace-content,REJECTED,refutation trace mismatch
fixture-16-overfit,source-binding,REJECTED,refutation source binding
fixture-16-overfit,domain-binding,REJECTED,refutation request/domain binding
fixture-16-overfit,request-id,REJECTED,refutation request/domain binding
fixture-16-overfit,extra-field,REJECTED,refutation certificate schema
fixture-16-overfit,digest,REJECTED,refutation digest
fixture-16-regression,input-bool,REJECTED,refutation input
fixture-16-regression,input-outside,REJECTED,refutation input outside domain
fixture-16-regression,obligation,REJECTED,refutation obligation
fixture-16-regression,trace-type,REJECTED,refutation trace
fixture-16-regression,trace-content,REJECTED,refutation trace mismatch
fixture-16-regression,source-binding,REJECTED,refutation source binding
fixture-16-regression,domain-binding,REJECTED,refutation request/domain binding
fixture-16-regression,request-id,REJECTED,refutation request/domain binding
fixture-16-regression,extra-field,REJECTED,refutation certificate schema
fixture-16-regression,digest,REJECTED,refutation digest
fixture-16-undefined,input-bool,REJECTED,refutation input
fixture-16-undefined,input-outside,REJECTED,refutation input outside domain
fixture-16-undefined,obligation,REJECTED,refutation obligation
fixture-16-undefined,trace-type,REJECTED,refutation trace
fixture-16-undefined,trace-content,REJECTED,refutation trace mismatch
fixture-16-undefined,source-binding,REJECTED,refutation source binding
fixture-16-undefined,domain-binding,REJECTED,refutation request/domain binding
fixture-16-undefined,request-id,REJECTED,refutation request/domain binding
fixture-16-undefined,extra-field,REJECTED,refutation certificate schema
fixture-16-undefined,digest,REJECTED,refutation digest
fixture-17-overfit,input-bool,REJECTED,refutation input
fixture-17-overfit,input-outside,REJECTED,refutation input outside domain
fixture-17-overfit,obligation,REJECTED,refutation obligation
fixture-17-overfit,trace-type,REJECTED,refutation trace
fixture-17-overfit,trace-content,REJECTED,refutation trace mismatch
fixture-17-overfit,source-binding,REJECTED,refutation source binding
fixture-17-overfit,domain-binding,REJECTED,refutation request/domain binding
fixture-17-overfit,request-id,REJECTED,refutation request/domain binding
fixture-17-overfit,extra-field,REJECTED,refutation certificate schema
fixture-17-overfit,digest,REJECTED,refutation digest
fixture-17-regression,input-bool,REJECTED,refutation input
fixture-17-regression,input-outside,REJECTED,refutation input outside domain
fixture-17-regression,obligation,REJECTED,refutation obligation
fixture-17-regression,trace-type,REJECTED,refutation trace
fixture-17-regression,trace-content,REJECTED,refutation trace mismatch
fixture-17-regression,source-binding,REJECTED,refutation source binding
fixture-17-regression,domain-binding,REJECTED,refutation request/domain binding
fixture-17-regression,request-id,REJECTED,refutation request/domain binding
fixture-17-regression,extra-field,REJECTED,refutation certificate schema
fixture-17-regression,digest,REJECTED,refutation digest
fixture-17-undefined,input-bool,REJECTED,refutation input
fixture-17-undefined,input-outside,REJECTED,refutation input outside domain
fixture-17-undefined,obligation,REJECTED,refutation obligation
fixture-17-undefined,trace-type,REJECTED,refutation trace
fixture-17-undefined,trace-content,REJECTED,refutation trace mismatch
fixture-17-undefined,source-binding,REJECTED,refutation source binding
fixture-17-undefined,domain-binding,REJECTED,refutation request/domain binding
fixture-17-undefined,request-id,REJECTED,refutation request/domain binding
fixture-17-undefined,extra-field,REJECTED,refutation certificate schema
fixture-17-undefined,digest,REJECTED,refutation digest
fixture-18-overfit,input-bool,REJECTED,refutation input
fixture-18-overfit,input-outside,REJECTED,refutation input outside domain
fixture-18-overfit,obligation,REJECTED,refutation obligation
fixture-18-overfit,trace-type,REJECTED,refutation trace
fixture-18-overfit,trace-content,REJECTED,refutation trace mismatch
fixture-18-overfit,source-binding,REJECTED,refutation source binding
fixture-18-overfit,domain-binding,REJECTED,refutation request/domain binding
fixture-18-overfit,request-id,REJECTED,refutation request/domain binding
fixture-18-overfit,extra-field,REJECTED,refutation certificate schema
fixture-18-overfit,digest,REJECTED,refutation digest
fixture-18-regression,input-bool,REJECTED,refutation input
fixture-18-regression,input-outside,REJECTED,refutation input outside domain
fixture-18-regression,obligation,REJECTED,refutation obligation
fixture-18-regression,trace-type,REJECTED,refutation trace
fixture-18-regression,trace-content,REJECTED,refutation trace mismatch
fixture-18-regression,source-binding,REJECTED,refutation source binding
fixture-18-regression,domain-binding,REJECTED,refutation request/domain binding
fixture-18-regression,request-id,REJECTED,refutation request/domain binding
fixture-18-regression,extra-field,REJECTED,refutation certificate schema
fixture-18-regression,digest,REJECTED,refutation digest
fixture-18-undefined,input-bool,REJECTED,refutation input
fixture-18-undefined,input-outside,REJECTED,refutation input outside domain
fixture-18-undefined,obligation,REJECTED,refutation obligation
fixture-18-undefined,trace-type,REJECTED,refutation trace
fixture-18-undefined,trace-content,REJECTED,refutation trace mismatch
fixture-18-undefined,source-binding,REJECTED,refutation source binding
fixture-18-undefined,domain-binding,REJECTED,refutation request/domain binding
fixture-18-undefined,request-id,REJECTED,refutation request/domain binding
fixture-18-undefined,extra-field,REJECTED,refutation certificate schema
fixture-18-undefined,digest,REJECTED,refutation digest
fixture-19-overfit,input-bool,REJECTED,refutation input
fixture-19-overfit,input-outside,REJECTED,refutation input outside domain
fixture-19-overfit,obligation,REJECTED,refutation obligation
fixture-19-overfit,trace-type,REJECTED,refutation trace
fixture-19-overfit,trace-content,REJECTED,refutation trace mismatch
fixture-19-overfit,source-binding,REJECTED,refutation source binding
fixture-19-overfit,domain-binding,REJECTED,refutation request/domain binding
fixture-19-overfit,request-id,REJECTED,refutation request/domain binding
fixture-19-overfit,extra-field,REJECTED,refutation certificate schema
fixture-19-overfit,digest,REJECTED,refutation digest
fixture-19-regression,input-bool,REJECTED,refutation input
fixture-19-regression,input-outside,REJECTED,refutation input outside domain
fixture-19-regression,obligation,REJECTED,refutation obligation
fixture-19-regression,trace-type,REJECTED,refutation trace
fixture-19-regression,trace-content,REJECTED,refutation trace mismatch
fixture-19-regression,source-binding,REJECTED,refutation source binding
fixture-19-regression,domain-binding,REJECTED,refutation request/domain binding
fixture-19-regression,request-id,REJECTED,refutation request/domain binding
fixture-19-regression,extra-field,REJECTED,refutation certificate schema
fixture-19-regression,digest,REJECTED,refutation digest
fixture-19-undefined,input-bool,REJECTED,refutation input
fixture-19-undefined,input-outside,REJECTED,refutation input outside domain
fixture-19-undefined,obligation,REJECTED,refutation obligation
fixture-19-undefined,trace-type,REJECTED,refutation trace
fixture-19-undefined,trace-content,REJECTED,refutation trace mismatch
fixture-19-undefined,source-binding,REJECTED,refutation source binding
fixture-19-undefined,domain-binding,REJECTED,refutation request/domain binding
fixture-19-undefined,request-id,REJECTED,refutation request/domain binding
fixture-19-undefined,extra-field,REJECTED,refutation certificate schema
fixture-19-undefined,digest,REJECTED,refutation digest
fixture-20-overfit,input-bool,REJECTED,refutation input
fixture-20-overfit,input-outside,REJECTED,refutation input outside domain
fixture-20-overfit,obligation,REJECTED,refutation obligation
fixture-20-overfit,trace-type,REJECTED,refutation trace
fixture-20-overfit,trace-content,REJECTED,refutation trace mismatch
fixture-20-overfit,source-binding,REJECTED,refutation source binding
fixture-20-overfit,domain-binding,REJECTED,refutation request/domain binding
fixture-20-overfit,request-id,REJECTED,refutation request/domain binding
fixture-20-overfit,extra-field,REJECTED,refutation certificate schema
fixture-20-overfit,digest,REJECTED,refutation digest
fixture-20-regression,input-bool,REJECTED,refutation input
fixture-20-regression,input-outside,REJECTED,refutation input outside domain
fixture-20-regression,obligation,REJECTED,refutation obligation
fixture-20-regression,trace-type,REJECTED,refutation trace
fixture-20-regression,trace-content,REJECTED,refutation trace mismatch
fixture-20-regression,source-binding,REJECTED,refutation source binding
fixture-20-regression,domain-binding,REJECTED,refutation request/domain binding
fixture-20-regression,request-id,REJECTED,refutation request/domain binding
fixture-20-regression,extra-field,REJECTED,refutation certificate schema
fixture-20-regression,digest,REJECTED,refutation digest
fixture-20-undefined,input-bool,REJECTED,refutation input
fixture-20-undefined,input-outside,REJECTED,refutation input outside domain
fixture-20-undefined,obligation,REJECTED,refutation obligation
fixture-20-undefined,trace-type,REJECTED,refutation trace
fixture-20-undefined,trace-content,REJECTED,refutation trace mismatch
fixture-20-undefined,source-binding,REJECTED,refutation source binding
fixture-20-undefined,domain-binding,REJECTED,refutation request/domain binding
fixture-20-undefined,request-id,REJECTED,refutation request/domain binding
fixture-20-undefined,extra-field,REJECTED,refutation certificate schema
fixture-20-undefined,digest,REJECTED,refutation digest
stress-002-overfit,input-bool,REJECTED,refutation input
stress-002-overfit,input-outside,REJECTED,refutation input outside domain
stress-002-overfit,obligation,REJECTED,refutation obligation
stress-002-overfit,trace-type,REJECTED,refutation trace
stress-002-overfit,trace-content,REJECTED,refutation trace mismatch
stress-002-overfit,source-binding,REJECTED,refutation source binding
stress-002-overfit,domain-binding,REJECTED,refutation request/domain binding
stress-002-overfit,request-id,REJECTED,refutation request/domain binding
stress-002-overfit,extra-field,REJECTED,refutation certificate schema
stress-002-overfit,digest,REJECTED,refutation digest
stress-003-regression,input-bool,REJECTED,refutation input
stress-003-regression,input-outside,REJECTED,refutation input outside domain
stress-003-regression,obligation,REJECTED,refutation obligation
stress-003-regression,trace-type,REJECTED,refutation trace
stress-003-regression,trace-content,REJECTED,refutation trace mismatch
stress-003-regression,source-binding,REJECTED,refutation source binding
stress-003-regression,domain-binding,REJECTED,refutation request/domain binding
stress-003-regression,request-id,REJECTED,refutation request/domain binding
stress-003-regression,extra-field,REJECTED,refutation certificate schema
stress-003-regression,digest,REJECTED,refutation digest
stress-004-undefined,input-bool,REJECTED,refutation input
stress-004-undefined,input-outside,REJECTED,refutation input outside domain
stress-004-undefined,obligation,REJECTED,refutation obligation
stress-004-undefined,trace-type,REJECTED,refutation trace
stress-004-undefined,trace-content,REJECTED,refutation trace mismatch
stress-004-undefined,source-binding,REJECTED,refutation source binding
stress-004-undefined,domain-binding,REJECTED,refutation request/domain binding
stress-004-undefined,request-id,REJECTED,refutation request/domain binding
stress-004-undefined,extra-field,REJECTED,refutation certificate schema
stress-004-undefined,digest,REJECTED,refutation digest
stress-006-overfit,input-bool,REJECTED,refutation input
stress-006-overfit,input-outside,REJECTED,refutation input outside domain
stress-006-overfit,obligation,REJECTED,refutation obligation
stress-006-overfit,trace-type,REJECTED,refutation trace
stress-006-overfit,trace-content,REJECTED,refutation trace mismatch
stress-006-overfit,source-binding,REJECTED,refutation source binding
stress-006-overfit,domain-binding,REJECTED,refutation request/domain binding
stress-006-overfit,request-id,REJECTED,refutation request/domain binding
stress-006-overfit,extra-field,REJECTED,refutation certificate schema
stress-006-overfit,digest,REJECTED,refutation digest
stress-007-regression,input-bool,REJECTED,refutation input
stress-007-regression,input-outside,REJECTED,refutation input outside domain
stress-007-regression,obligation,REJECTED,refutation obligation
stress-007-regression,trace-type,REJECTED,refutation trace
stress-007-regression,trace-content,REJECTED,refutation trace mismatch
stress-007-regression,source-binding,REJECTED,refutation source binding
stress-007-regression,domain-binding,REJECTED,refutation request/domain binding
stress-007-regression,request-id,REJECTED,refutation request/domain binding
stress-007-regression,extra-field,REJECTED,refutation certificate schema
stress-007-regression,digest,REJECTED,refutation digest
stress-008-undefined,input-bool,REJECTED,refutation input
stress-008-undefined,input-outside,REJECTED,refutation input outside domain
stress-008-undefined,obligation,REJECTED,refutation obligation
stress-008-undefined,trace-type,REJECTED,refutation trace
stress-008-undefined,trace-content,REJECTED,refutation trace mismatch
stress-008-undefined,source-binding,REJECTED,refutation source binding
stress-008-undefined,domain-binding,REJECTED,refutation request/domain binding
stress-008-undefined,request-id,REJECTED,refutation request/domain binding
stress-008-undefined,extra-field,REJECTED,refutation certificate schema
stress-008-undefined,digest,REJECTED,refutation digest
stress-010-overfit,input-bool,REJECTED,refutation input
stress-010-overfit,input-outside,REJECTED,refutation input outside domain
stress-010-overfit,obligation,REJECTED,refutation obligation
stress-010-overfit,trace-type,REJECTED,refutation trace
stress-010-overfit,trace-content,REJECTED,refutation trace mismatch
stress-010-overfit,source-binding,REJECTED,refutation source binding
stress-010-overfit,domain-binding,REJECTED,refutation request/domain binding
stress-010-overfit,request-id,REJECTED,refutation request/domain binding
stress-010-overfit,extra-field,REJECTED,refutation certificate schema
stress-010-overfit,digest,REJECTED,refutation digest
stress-011-regression,input-bool,REJECTED,refutation input
stress-011-regression,input-outside,REJECTED,refutation input outside domain
stress-011-regression,obligation,REJECTED,refutation obligation
stress-011-regression,trace-type,REJECTED,refutation trace
stress-011-regression,trace-content,REJECTED,refutation trace mismatch
stress-011-regression,source-binding,REJECTED,refutation source binding
stress-011-regression,domain-binding,REJECTED,refutation request/domain binding
stress-011-regression,request-id,REJECTED,refutation request/domain binding
stress-011-regression,extra-field,REJECTED,refutation certificate schema
stress-011-regression,digest,REJECTED,refutation digest
stress-012-undefined,input-bool,REJECTED,refutation input
stress-012-undefined,input-outside,REJECTED,refutation input outside domain
stress-012-undefined,obligation,REJECTED,refutation obligation
stress-012-undefined,trace-type,REJECTED,refutation trace
stress-012-undefined,trace-content,REJECTED,refutation trace mismatch
stress-012-undefined,source-binding,REJECTED,refutation source binding
stress-012-undefined,domain-binding,REJECTED,refutation request/domain binding
stress-012-undefined,request-id,REJECTED,refutation request/domain binding
stress-012-undefined,extra-field,REJECTED,refutation certificate schema
stress-012-undefined,digest,REJECTED,refutation digest
stress-014-overfit,input-bool,REJECTED,refutation input
stress-014-overfit,input-outside,REJECTED,refutation input outside domain
stress-014-overfit,obligation,REJECTED,refutation obligation
stress-014-overfit,trace-type,REJECTED,refutation trace
stress-014-overfit,trace-content,REJECTED,refutation trace mismatch
stress-014-overfit,source-binding,REJECTED,refutation source binding
stress-014-overfit,domain-binding,REJECTED,refutation request/domain binding
stress-014-overfit,request-id,REJECTED,refutation request/domain binding
stress-014-overfit,extra-field,REJECTED,refutation certificate schema
stress-014-overfit,digest,REJECTED,refutation digest
stress-015-regression,input-bool,REJECTED,refutation input
stress-015-regression,input-outside,REJECTED,refutation input outside domain
stress-015-regression,obligation,REJECTED,refutation obligation
stress-015-regression,trace-type,REJECTED,refutation trace
stress-015-regression,trace-content,REJECTED,refutation trace mismatch
stress-015-regression,source-binding,REJECTED,refutation source binding
stress-015-regression,domain-binding,REJECTED,refutation request/domain binding
stress-015-regression,request-id,REJECTED,refutation request/domain binding
stress-015-regression,extra-field,REJECTED,refutation certificate schema
stress-015-regression,digest,REJECTED,refutation digest
stress-016-undefined,input-bool,REJECTED,refutation input
stress-016-undefined,input-outside,REJECTED,refutation input outside domain
stress-016-undefined,obligation,REJECTED,refutation obligation
stress-016-undefined,trace-type,REJECTED,refutation trace
stress-016-undefined,trace-content,REJECTED,refutation trace mismatch
stress-016-undefined,source-binding,REJECTED,refutation source binding
stress-016-undefined,domain-binding,REJECTED,refutation request/domain binding
stress-016-undefined,request-id,REJECTED,refutation request/domain binding
stress-016-undefined,extra-field,REJECTED,refutation certificate schema
stress-016-undefined,digest,REJECTED,refutation digest
stress-018-overfit,input-bool,REJECTED,refutation input
stress-018-overfit,input-outside,REJECTED,refutation input outside domain
stress-018-overfit,obligation,REJECTED,refutation obligation
stress-018-overfit,trace-type,REJECTED,refutation trace
stress-018-overfit,trace-content,REJECTED,refutation trace mismatch
stress-018-overfit,source-binding,REJECTED,refutation source binding
stress-018-overfit,domain-binding,REJECTED,refutation request/domain binding
stress-018-overfit,request-id,REJECTED,refutation request/domain binding
stress-018-overfit,extra-field,REJECTED,refutation certificate schema
stress-018-overfit,digest,REJECTED,refutation digest
stress-019-regression,input-bool,REJECTED,refutation input
stress-019-regression,input-outside,REJECTED,refutation input outside domain
stress-019-regression,obligation,REJECTED,refutation obligation
stress-019-regression,trace-type,REJECTED,refutation trace
stress-019-regression,trace-content,REJECTED,refutation trace mismatch
stress-019-regression,source-binding,REJECTED,refutation source binding
stress-019-regression,domain-binding,REJECTED,refutation request/domain binding
stress-019-regression,request-id,REJECTED,refutation request/domain binding
stress-019-regression,extra-field,REJECTED,refutation certificate schema
stress-019-regression,digest,REJECTED,refutation digest
stress-020-undefined,input-bool,REJECTED,refutation input
stress-020-undefined,input-outside,REJECTED,refutation input outside domain
stress-020-undefined,obligation,REJECTED,refutation obligation
stress-020-undefined,trace-type,REJECTED,refutation trace
stress-020-undefined,trace-content,REJECTED,refutation trace mismatch
stress-020-undefined,source-binding,REJECTED,refutation source binding
stress-020-undefined,domain-binding,REJECTED,refutation request/domain binding
stress-020-undefined,request-id,REJECTED,refutation request/domain binding
stress-020-undefined,extra-field,REJECTED,refutation certificate schema
stress-020-undefined,digest,REJECTED,refutation digest
stress-022-overfit,input-bool,REJECTED,refutation input
stress-022-overfit,input-outside,REJECTED,refutation input outside domain
stress-022-overfit,obligation,REJECTED,refutation obligation
stress-022-overfit,trace-type,REJECTED,refutation trace
stress-022-overfit,trace-content,REJECTED,refutation trace mismatch
stress-022-overfit,source-binding,REJECTED,refutation source binding
stress-022-overfit,domain-binding,REJECTED,refutation request/domain binding
stress-022-overfit,request-id,REJECTED,refutation request/domain binding
stress-022-overfit,extra-field,REJECTED,refutation certificate schema
stress-022-overfit,digest,REJECTED,refutation digest
stress-023-regression,input-bool,REJECTED,refutation input
stress-023-regression,input-outside,REJECTED,refutation input outside domain
stress-023-regression,obligation,REJECTED,refutation obligation
stress-023-regression,trace-type,REJECTED,refutation trace
stress-023-regression,trace-content,REJECTED,refutation trace mismatch
stress-023-regression,source-binding,REJECTED,refutation source binding
stress-023-regression,domain-binding,REJECTED,refutation request/domain binding
stress-023-regression,request-id,REJECTED,refutation request/domain binding
stress-023-regression,extra-field,REJECTED,refutation certificate schema
stress-023-regression,digest,REJECTED,refutation digest
stress-024-undefined,input-bool,REJECTED,refutation input
stress-024-undefined,input-outside,REJECTED,refutation input outside domain
stress-024-undefined,obligation,REJECTED,refutation obligation
stress-024-undefined,trace-type,REJECTED,refutation trace
stress-024-undefined,trace-content,REJECTED,refutation trace mismatch
stress-024-undefined,source-binding,REJECTED,refutation source binding
stress-024-undefined,domain-binding,REJECTED,refutation request/domain binding
stress-024-undefined,request-id,REJECTED,refutation request/domain binding
stress-024-undefined,extra-field,REJECTED,refutation certificate schema
stress-024-undefined,digest,REJECTED,refutation digest
stress-026-overfit,input-bool,REJECTED,refutation input
stress-026-overfit,input-outside,REJECTED,refutation input outside domain
stress-026-overfit,obligation,REJECTED,refutation obligation
stress-026-overfit,trace-type,REJECTED,refutation trace
stress-026-overfit,trace-content,REJECTED,refutation trace mismatch
stress-026-overfit,source-binding,REJECTED,refutation source binding
stress-026-overfit,domain-binding,REJECTED,refutation request/domain binding
stress-026-overfit,request-id,REJECTED,refutation request/domain binding
stress-026-overfit,extra-field,REJECTED,refutation certificate schema
stress-026-overfit,digest,REJECTED,refutation digest
stress-027-regression,input-bool,REJECTED,refutation input
stress-027-regression,input-outside,REJECTED,refutation input outside domain
stress-027-regression,obligation,REJECTED,refutation obligation
stress-027-regression,trace-type,REJECTED,refutation trace
stress-027-regression,trace-content,REJECTED,refutation trace mismatch
stress-027-regression,source-binding,REJECTED,refutation source binding
stress-027-regression,domain-binding,REJECTED,refutation request/domain binding
stress-027-regression,request-id,REJECTED,refutation request/domain binding
stress-027-regression,extra-field,REJECTED,refutation certificate schema
stress-027-regression,digest,REJECTED,refutation digest
stress-028-undefined,input-bool,REJECTED,refutation input
stress-028-undefined,input-outside,REJECTED,refutation input outside domain
stress-028-undefined,obligation,REJECTED,refutation obligation
stress-028-undefined,trace-type,REJECTED,refutation trace
stress-028-undefined,trace-content,REJECTED,refutation trace mismatch
stress-028-undefined,source-binding,REJECTED,refutation source binding
stress-028-undefined,domain-binding,REJECTED,refutation request/domain binding
stress-028-undefined,request-id,REJECTED,refutation request/domain binding
stress-028-undefined,extra-field,REJECTED,refutation certificate schema
stress-028-undefined,digest,REJECTED,refutation digest
stress-030-overfit,input-bool,REJECTED,refutation input
stress-030-overfit,input-outside,REJECTED,refutation input outside domain
stress-030-overfit,obligation,REJECTED,refutation obligation
stress-030-overfit,trace-type,REJECTED,refutation trace
stress-030-overfit,trace-content,REJECTED,refutation trace mismatch
stress-030-overfit,source-binding,REJECTED,refutation source binding
stress-030-overfit,domain-binding,REJECTED,refutation request/domain binding
stress-030-overfit,request-id,REJECTED,refutation request/domain binding
stress-030-overfit,extra-field,REJECTED,refutation certificate schema
stress-030-overfit,digest,REJECTED,refutation digest
stress-031-regression,input-bool,REJECTED,refutation input
stress-031-regression,input-outside,REJECTED,refutation input outside domain
stress-031-regression,obligation,REJECTED,refutation obligation
stress-031-regression,trace-type,REJECTED,refutation trace
stress-031-regression,trace-content,REJECTED,refutation trace mismatch
stress-031-regression,source-binding,REJECTED,refutation source binding
stress-031-regression,domain-binding,REJECTED,refutation request/domain binding
stress-031-regression,request-id,REJECTED,refutation request/domain binding
stress-031-regression,extra-field,REJECTED,refutation certificate schema
stress-031-regression,digest,REJECTED,refutation digest
stress-032-undefined,input-bool,REJECTED,refutation input
stress-032-undefined,input-outside,REJECTED,refutation input outside domain
stress-032-undefined,obligation,REJECTED,refutation obligation
stress-032-undefined,trace-type,REJECTED,refutation trace
stress-032-undefined,trace-content,REJECTED,refutation trace mismatch
stress-032-undefined,source-binding,REJECTED,refutation source binding
stress-032-undefined,domain-binding,REJECTED,refutation request/domain binding
stress-032-undefined,request-id,REJECTED,refutation request/domain binding
stress-032-undefined,extra-field,REJECTED,refutation certificate schema
stress-032-undefined,digest,REJECTED,refutation digest
stress-034-overfit,input-bool,REJECTED,refutation input
stress-034-overfit,input-outside,REJECTED,refutation input outside domain
stress-034-overfit,obligation,REJECTED,refutation obligation
stress-034-overfit,trace-type,REJECTED,refutation trace
stress-034-overfit,trace-content,REJECTED,refutation trace mismatch
stress-034-overfit,source-binding,REJECTED,refutation source binding
stress-034-overfit,domain-binding,REJECTED,refutation request/domain binding
stress-034-overfit,request-id,REJECTED,refutation request/domain binding
stress-034-overfit,extra-field,REJECTED,refutation certificate schema
stress-034-overfit,digest,REJECTED,refutation digest
stress-035-regression,input-bool,REJECTED,refutation input
stress-035-regression,input-outside,REJECTED,refutation input outside domain
stress-035-regression,obligation,REJECTED,refutation obligation
stress-035-regression,trace-type,REJECTED,refutation trace
stress-035-regression,trace-content,REJECTED,refutation trace mismatch
stress-035-regression,source-binding,REJECTED,refutation source binding
stress-035-regression,domain-binding,REJECTED,refutation request/domain binding
stress-035-regression,request-id,REJECTED,refutation request/domain binding
stress-035-regression,extra-field,REJECTED,refutation certificate schema
stress-035-regression,digest,REJECTED,refutation digest
stress-036-undefined,input-bool,REJECTED,refutation input
stress-036-undefined,input-outside,REJECTED,refutation input outside domain
stress-036-undefined,obligation,REJECTED,refutation obligation
stress-036-undefined,trace-type,REJECTED,refutation trace
stress-036-undefined,trace-content,REJECTED,refutation trace mismatch
stress-036-undefined,source-binding,REJECTED,refutation source binding
stress-036-undefined,domain-binding,REJECTED,refutation request/domain binding
stress-036-undefined,request-id,REJECTED,refutation request/domain binding
stress-036-undefined,extra-field,REJECTED,refutation certificate schema
stress-036-undefined,digest,REJECTED,refutation digest
stress-038-overfit,input-bool,REJECTED,refutation input
stress-038-overfit,input-outside,REJECTED,refutation input outside domain
stress-038-overfit,obligation,REJECTED,refutation obligation
stress-038-overfit,trace-type,REJECTED,refutation trace
stress-038-overfit,trace-content,REJECTED,refutation trace mismatch
stress-038-overfit,source-binding,REJECTED,refutation source binding
stress-038-overfit,domain-binding,REJECTED,refutation request/domain binding
stress-038-overfit,request-id,REJECTED,refutation request/domain binding
stress-038-overfit,extra-field,REJECTED,refutation certificate schema
stress-038-overfit,digest,REJECTED,refutation digest
stress-039-regression,input-bool,REJECTED,refutation input
stress-039-regression,input-outside,REJECTED,refutation input outside domain
stress-039-regression,obligation,REJECTED,refutation obligation
stress-039-regression,trace-type,REJECTED,refutation trace
stress-039-regression,trace-content,REJECTED,refutation trace mismatch
stress-039-regression,source-binding,REJECTED,refutation source binding
stress-039-regression,domain-binding,REJECTED,refutation request/domain binding
stress-039-regression,request-id,REJECTED,refutation request/domain binding
stress-039-regression,extra-field,REJECTED,refutation certificate schema
stress-039-regression,digest,REJECTED,refutation digest
stress-040-undefined,input-bool,REJECTED,refutation input
stress-040-undefined,input-outside,REJECTED,refutation input outside domain
stress-040-undefined,obligation,REJECTED,refutation obligation
stress-040-undefined,trace-type,REJECTED,refutation trace
stress-040-undefined,trace-content,REJECTED,refutation trace mismatch
stress-040-undefined,source-binding,REJECTED,refutation source binding
stress-040-undefined,domain-binding,REJECTED,refutation request/domain binding
stress-040-undefined,request-id,REJECTED,refutation request/domain binding
stress-040-undefined,extra-field,REJECTED,refutation certificate schema
stress-040-undefined,digest,REJECTED,refutation digest
stress-042-overfit,input-bool,REJECTED,refutation input
stress-042-overfit,input-outside,REJECTED,refutation input outside domain
stress-042-overfit,obligation,REJECTED,refutation obligation
stress-042-overfit,trace-type,REJECTED,refutation trace
stress-042-overfit,trace-content,REJECTED,refutation trace mismatch
stress-042-overfit,source-binding,REJECTED,refutation source binding
stress-042-overfit,domain-binding,REJECTED,refutation request/domain binding
stress-042-overfit,request-id,REJECTED,refutation request/domain binding
stress-042-overfit,extra-field,REJECTED,refutation certificate schema
stress-042-overfit,digest,REJECTED,refutation digest
stress-043-regression,input-bool,REJECTED,refutation input
stress-043-regression,input-outside,REJECTED,refutation input outside domain
stress-043-regression,obligation,REJECTED,refutation obligation
stress-043-regression,trace-type,REJECTED,refutation trace
stress-043-regression,trace-content,REJECTED,refutation trace mismatch
stress-043-regression,source-binding,REJECTED,refutation source binding
stress-043-regression,domain-binding,REJECTED,refutation request/domain binding
stress-043-regression,request-id,REJECTED,refutation request/domain binding
stress-043-regression,extra-field,REJECTED,refutation certificate schema
stress-043-regression,digest,REJECTED,refutation digest
stress-044-undefined,input-bool,REJECTED,refutation input
stress-044-undefined,input-outside,REJECTED,refutation input outside domain
stress-044-undefined,obligation,REJECTED,refutation obligation
stress-044-undefined,trace-type,REJECTED,refutation trace
stress-044-undefined,trace-content,REJECTED,refutation trace mismatch
stress-044-undefined,source-binding,REJECTED,refutation source binding
stress-044-undefined,domain-binding,REJECTED,refutation request/domain binding
stress-044-undefined,request-id,REJECTED,refutation request/domain binding
stress-044-undefined,extra-field,REJECTED,refutation certificate schema
stress-044-undefined,digest,REJECTED,refutation digest
stress-046-overfit,input-bool,REJECTED,refutation input
stress-046-overfit,input-outside,REJECTED,refutation input outside domain
stress-046-overfit,obligation,REJECTED,refutation obligation
stress-046-overfit,trace-type,REJECTED,refutation trace
stress-046-overfit,trace-content,REJECTED,refutation trace mismatch
stress-046-overfit,source-binding,REJECTED,refutation source binding
stress-046-overfit,domain-binding,REJECTED,refutation request/domain binding
stress-046-overfit,request-id,REJECTED,refutation request/domain binding
stress-046-overfit,extra-field,REJECTED,refutation certificate schema
stress-046-overfit,digest,REJECTED,refutation digest
stress-047-regression,input-bool,REJECTED,refutation input
stress-047-regression,input-outside,REJECTED,refutation input outside domain
stress-047-regression,obligation,REJECTED,refutation obligation
stress-047-regression,trace-type,REJECTED,refutation trace
stress-047-regression,trace-content,REJECTED,refutation trace mismatch
stress-047-regression,source-binding,REJECTED,refutation source binding
stress-047-regression,domain-binding,REJECTED,refutation request/domain binding
stress-047-regression,request-id,REJECTED,refutation request/domain binding
stress-047-regression,extra-field,REJECTED,refutation certificate schema
stress-047-regression,digest,REJECTED,refutation digest
stress-048-undefined,input-bool,REJECTED,refutation input
stress-048-undefined,input-outside,REJECTED,refutation input outside domain
stress-048-undefined,obligation,REJECTED,refutation obligation
stress-048-undefined,trace-type,REJECTED,refutation trace
stress-048-undefined,trace-content,REJECTED,refutation trace mismatch
stress-048-undefined,source-binding,REJECTED,refutation source binding
stress-048-undefined,domain-binding,REJECTED,refutation request/domain binding
stress-048-undefined,request-id,REJECTED,refutation request/domain binding
stress-048-undefined,extra-field,REJECTED,refutation certificate schema
stress-048-undefined,digest,REJECTED,refutation digest
stress-050-overfit,input-bool,REJECTED,refutation input
stress-050-overfit,input-outside,REJECTED,refutation input outside domain
stress-050-overfit,obligation,REJECTED,refutation obligation
stress-050-overfit,trace-type,REJECTED,refutation trace
stress-050-overfit,trace-content,REJECTED,refutation trace mismatch
stress-050-overfit,source-binding,REJECTED,refutation source binding
stress-050-overfit,domain-binding,REJECTED,refutation request/domain binding
stress-050-overfit,request-id,REJECTED,refutation request/domain binding
stress-050-overfit,extra-field,REJECTED,refutation certificate schema
stress-050-overfit,digest,REJECTED,refutation digest
stress-051-regression,input-bool,REJECTED,refutation input
stress-051-regression,input-outside,REJECTED,refutation input outside domain
stress-051-regression,obligation,REJECTED,refutation obligation
stress-051-regression,trace-type,REJECTED,refutation trace
stress-051-regression,trace-content,REJECTED,refutation trace mismatch
stress-051-regression,source-binding,REJECTED,refutation source binding
stress-051-regression,domain-binding,REJECTED,refutation request/domain binding
stress-051-regression,request-id,REJECTED,refutation request/domain binding
stress-051-regression,extra-field,REJECTED,refutation certificate schema
stress-051-regression,digest,REJECTED,refutation digest
stress-052-undefined,input-bool,REJECTED,refutation input
stress-052-undefined,input-outside,REJECTED,refutation input outside domain
stress-052-undefined,obligation,REJECTED,refutation obligation
stress-052-undefined,trace-type,REJECTED,refutation trace
stress-052-undefined,trace-content,REJECTED,refutation trace mismatch
stress-052-undefined,source-binding,REJECTED,refutation source binding
stress-052-undefined,domain-binding,REJECTED,refutation request/domain binding
stress-052-undefined,request-id,REJECTED,refutation request/domain binding
stress-052-undefined,extra-field,REJECTED,refutation certificate schema
stress-052-undefined,digest,REJECTED,refutation digest
stress-054-overfit,input-bool,REJECTED,refutation input
stress-054-overfit,input-outside,REJECTED,refutation input outside domain
stress-054-overfit,obligation,REJECTED,refutation obligation
stress-054-overfit,trace-type,REJECTED,refutation trace
stress-054-overfit,trace-content,REJECTED,refutation trace mismatch
stress-054-overfit,source-binding,REJECTED,refutation source binding
stress-054-overfit,domain-binding,REJECTED,refutation request/domain binding
stress-054-overfit,request-id,REJECTED,refutation request/domain binding
stress-054-overfit,extra-field,REJECTED,refutation certificate schema
stress-054-overfit,digest,REJECTED,refutation digest
stress-055-regression,input-bool,REJECTED,refutation input
stress-055-regression,input-outside,REJECTED,refutation input outside domain
stress-055-regression,obligation,REJECTED,refutation obligation
stress-055-regression,trace-type,REJECTED,refutation trace
stress-055-regression,trace-content,REJECTED,refutation trace mismatch
stress-055-regression,source-binding,REJECTED,refutation source binding
stress-055-regression,domain-binding,REJECTED,refutation request/domain binding
stress-055-regression,request-id,REJECTED,refutation request/domain binding
stress-055-regression,extra-field,REJECTED,refutation certificate schema
stress-055-regression,digest,REJECTED,refutation digest
stress-056-undefined,input-bool,REJECTED,refutation input
stress-056-undefined,input-outside,REJECTED,refutation input outside domain
stress-056-undefined,obligation,REJECTED,refutation obligation
stress-056-undefined,trace-type,REJECTED,refutation trace
stress-056-undefined,trace-content,REJECTED,refutation trace mismatch
stress-056-undefined,source-binding,REJECTED,refutation source binding
stress-056-undefined,domain-binding,REJECTED,refutation request/domain binding
stress-056-undefined,request-id,REJECTED,refutation request/domain binding
stress-056-undefined,extra-field,REJECTED,refutation certificate schema
stress-056-undefined,digest,REJECTED,refutation digest
stress-058-overfit,input-bool,REJECTED,refutation input
stress-058-overfit,input-outside,REJECTED,refutation input outside domain
stress-058-overfit,obligation,REJECTED,refutation obligation
stress-058-overfit,trace-type,REJECTED,refutation trace
stress-058-overfit,trace-content,REJECTED,refutation trace mismatch
stress-058-overfit,source-binding,REJECTED,refutation source binding
stress-058-overfit,domain-binding,REJECTED,refutation request/domain binding
stress-058-overfit,request-id,REJECTED,refutation request/domain binding
stress-058-overfit,extra-field,REJECTED,refutation certificate schema
stress-058-overfit,digest,REJECTED,refutation digest
stress-059-regression,input-bool,REJECTED,refutation input
stress-059-regression,input-outside,REJECTED,refutation input outside domain
stress-059-regression,obligation,REJECTED,refutation obligation
stress-059-regression,trace-type,REJECTED,refutation trace
stress-059-regression,trace-content,REJECTED,refutation trace mismatch
stress-059-regression,source-binding,REJECTED,refutation source binding
stress-059-regression,domain-binding,REJECTED,refutation request/domain binding
stress-059-regression,request-id,REJECTED,refutation request/domain binding
stress-059-regression,extra-field,REJECTED,refutation certificate schema
stress-059-regression,digest,REJECTED,refutation digest
stress-060-undefined,input-bool,REJECTED,refutation input
stress-060-undefined,input-outside,REJECTED,refutation input outside domain
stress-060-undefined,obligation,REJECTED,refutation obligation
stress-060-undefined,trace-type,REJECTED,refutation trace
stress-060-undefined,trace-content,REJECTED,refutation trace mismatch
stress-060-undefined,source-binding,REJECTED,refutation source binding
stress-060-undefined,domain-binding,REJECTED,refutation request/domain binding
stress-060-undefined,request-id,REJECTED,refutation request/domain binding
stress-060-undefined,extra-field,REJECTED,refutation certificate schema
stress-060-undefined,digest,REJECTED,refutation digest
stress-062-overfit,input-bool,REJECTED,refutation input
stress-062-overfit,input-outside,REJECTED,refutation input outside domain
stress-062-overfit,obligation,REJECTED,refutation obligation
stress-062-overfit,trace-type,REJECTED,refutation trace
stress-062-overfit,trace-content,REJECTED,refutation trace mismatch
stress-062-overfit,source-binding,REJECTED,refutation source binding
stress-062-overfit,domain-binding,REJECTED,refutation request/domain binding
stress-062-overfit,request-id,REJECTED,refutation request/domain binding
stress-062-overfit,extra-field,REJECTED,refutation certificate schema
stress-062-overfit,digest,REJECTED,refutation digest
stress-063-regression,input-bool,REJECTED,refutation input
stress-063-regression,input-outside,REJECTED,refutation input outside domain
stress-063-regression,obligation,REJECTED,refutation obligation
stress-063-regression,trace-type,REJECTED,refutation trace
stress-063-regression,trace-content,REJECTED,refutation trace mismatch
stress-063-regression,source-binding,REJECTED,refutation source binding
stress-063-regression,domain-binding,REJECTED,refutation request/domain binding
stress-063-regression,request-id,REJECTED,refutation request/domain binding
stress-063-regression,extra-field,REJECTED,refutation certificate schema
stress-063-regression,digest,REJECTED,refutation digest
stress-064-undefined,input-bool,REJECTED,refutation input
stress-064-undefined,input-outside,REJECTED,refutation input outside domain
stress-064-undefined,obligation,REJECTED,refutation obligation
stress-064-undefined,trace-type,REJECTED,refutation trace
stress-064-undefined,trace-content,REJECTED,refutation trace mismatch
stress-064-undefined,source-binding,REJECTED,refutation source binding
stress-064-undefined,domain-binding,REJECTED,refutation request/domain binding
stress-064-undefined,request-id,REJECTED,refutation request/domain binding
stress-064-undefined,extra-field,REJECTED,refutation certificate schema
stress-064-undefined,digest,REJECTED,refutation digest
stress-066-overfit,input-bool,REJECTED,refutation input
stress-066-overfit,input-outside,REJECTED,refutation input outside domain
stress-066-overfit,obligation,REJECTED,refutation obligation
stress-066-overfit,trace-type,REJECTED,refutation trace
stress-066-overfit,trace-content,REJECTED,refutation trace mismatch
stress-066-overfit,source-binding,REJECTED,refutation source binding
stress-066-overfit,domain-binding,REJECTED,refutation request/domain binding
stress-066-overfit,request-id,REJECTED,refutation request/domain binding
stress-066-overfit,extra-field,REJECTED,refutation certificate schema
stress-066-overfit,digest,REJECTED,refutation digest
stress-067-regression,input-bool,REJECTED,refutation input
stress-067-regression,input-outside,REJECTED,refutation input outside domain
stress-067-regression,obligation,REJECTED,refutation obligation
stress-067-regression,trace-type,REJECTED,refutation trace
stress-067-regression,trace-content,REJECTED,refutation trace mismatch
stress-067-regression,source-binding,REJECTED,refutation source binding
stress-067-regression,domain-binding,REJECTED,refutation request/domain binding
stress-067-regression,request-id,REJECTED,refutation request/domain binding
stress-067-regression,extra-field,REJECTED,refutation certificate schema
stress-067-regression,digest,REJECTED,refutation digest
stress-068-undefined,input-bool,REJECTED,refutation input
stress-068-undefined,input-outside,REJECTED,refutation input outside domain
stress-068-undefined,obligation,REJECTED,refutation obligation
stress-068-undefined,trace-type,REJECTED,refutation trace
stress-068-undefined,trace-content,REJECTED,refutation trace mismatch
stress-068-undefined,source-binding,REJECTED,refutation source binding
stress-068-undefined,domain-binding,REJECTED,refutation request/domain binding
stress-068-undefined,request-id,REJECTED,refutation request/domain binding
stress-068-undefined,extra-field,REJECTED,refutation certificate schema
stress-068-undefined,digest,REJECTED,refutation digest
stress-070-overfit,input-bool,REJECTED,refutation input
stress-070-overfit,input-outside,REJECTED,refutation input outside domain
stress-070-overfit,obligation,REJECTED,refutation obligation
stress-070-overfit,trace-type,REJECTED,refutation trace
stress-070-overfit,trace-content,REJECTED,refutation trace mismatch
stress-070-overfit,source-binding,REJECTED,refutation source binding
stress-070-overfit,domain-binding,REJECTED,refutation request/domain binding
stress-070-overfit,request-id,REJECTED,refutation request/domain binding
stress-070-overfit,extra-field,REJECTED,refutation certificate schema
stress-070-overfit,digest,REJECTED,refutation digest
stress-071-regression,input-bool,REJECTED,refutation input
stress-071-regression,input-outside,REJECTED,refutation input outside domain
stress-071-regression,obligation,REJECTED,refutation obligation
stress-071-regression,trace-type,REJECTED,refutation trace
stress-071-regression,trace-content,REJECTED,refutation trace mismatch
stress-071-regression,source-binding,REJECTED,refutation source binding
stress-071-regression,domain-binding,REJECTED,refutation request/domain binding
stress-071-regression,request-id,REJECTED,refutation request/domain binding
stress-071-regression,extra-field,REJECTED,refutation certificate schema
stress-071-regression,digest,REJECTED,refutation digest
stress-072-undefined,input-bool,REJECTED,refutation input
stress-072-undefined,input-outside,REJECTED,refutation input outside domain
stress-072-undefined,obligation,REJECTED,refutation obligation
stress-072-undefined,trace-type,REJECTED,refutation trace
stress-072-undefined,trace-content,REJECTED,refutation trace mismatch
stress-072-undefined,source-binding,REJECTED,refutation source binding
stress-072-undefined,domain-binding,REJECTED,refutation request/domain binding
stress-072-undefined,request-id,REJECTED,refutation request/domain binding
stress-072-undefined,extra-field,REJECTED,refutation certificate schema
stress-072-undefined,digest,REJECTED,refutation digest
stress-074-overfit,input-bool,REJECTED,refutation input
stress-074-overfit,input-outside,REJECTED,refutation input outside domain
stress-074-overfit,obligation,REJECTED,refutation obligation
stress-074-overfit,trace-type,REJECTED,refutation trace
stress-074-overfit,trace-content,REJECTED,refutation trace mismatch
stress-074-overfit,source-binding,REJECTED,refutation source binding
stress-074-overfit,domain-binding,REJECTED,refutation request/domain binding
stress-074-overfit,request-id,REJECTED,refutation request/domain binding
stress-074-overfit,extra-field,REJECTED,refutation certificate schema
stress-074-overfit,digest,REJECTED,refutation digest
stress-075-regression,input-bool,REJECTED,refutation input
stress-075-regression,input-outside,REJECTED,refutation input outside domain
stress-075-regression,obligation,REJECTED,refutation obligation
stress-075-regression,trace-type,REJECTED,refutation trace
stress-075-regression,trace-content,REJECTED,refutation trace mismatch
stress-075-regression,source-binding,REJECTED,refutation source binding
stress-075-regression,domain-binding,REJECTED,refutation request/domain binding
stress-075-regression,request-id,REJECTED,refutation request/domain binding
stress-075-regression,extra-field,REJECTED,refutation certificate schema
stress-075-regression,digest,REJECTED,refutation digest
stress-076-undefined,input-bool,REJECTED,refutation input
stress-076-undefined,input-outside,REJECTED,refutation input outside domain
stress-076-undefined,obligation,REJECTED,refutation obligation
stress-076-undefined,trace-type,REJECTED,refutation trace
stress-076-undefined,trace-content,REJECTED,refutation trace mismatch
stress-076-undefined,source-binding,REJECTED,refutation source binding
stress-076-undefined,domain-binding,REJECTED,refutation request/domain binding
stress-076-undefined,request-id,REJECTED,refutation request/domain binding
stress-076-undefined,extra-field,REJECTED,refutation certificate schema
stress-076-undefined,digest,REJECTED,refutation digest
stress-078-overfit,input-bool,REJECTED,refutation input
stress-078-overfit,input-outside,REJECTED,refutation input outside domain
stress-078-overfit,obligation,REJECTED,refutation obligation
stress-078-overfit,trace-type,REJECTED,refutation trace
stress-078-overfit,trace-content,REJECTED,refutation trace mismatch
stress-078-overfit,source-binding,REJECTED,refutation source binding
stress-078-overfit,domain-binding,REJECTED,refutation request/domain binding
stress-078-overfit,request-id,REJECTED,refutation request/domain binding
stress-078-overfit,extra-field,REJECTED,refutation certificate schema
stress-078-overfit,digest,REJECTED,refutation digest
stress-079-regression,input-bool,REJECTED,refutation input
stress-079-regression,input-outside,REJECTED,refutation input outside domain
stress-079-regression,obligation,REJECTED,refutation obligation
stress-079-regression,trace-type,REJECTED,refutation trace
stress-079-regression,trace-content,REJECTED,refutation trace mismatch
stress-079-regression,source-binding,REJECTED,refutation source binding
stress-079-regression,domain-binding,REJECTED,refutation request/domain binding
stress-079-regression,request-id,REJECTED,refutation request/domain binding
stress-079-regression,extra-field,REJECTED,refutation certificate schema
stress-079-regression,digest,REJECTED,refutation digest
stress-080-undefined,input-bool,REJECTED,refutation input
stress-080-undefined,input-outside,REJECTED,refutation input outside domain
stress-080-undefined,obligation,REJECTED,refutation obligation
stress-080-undefined,trace-type,REJECTED,refutation trace
stress-080-undefined,trace-content,REJECTED,refutation trace mismatch
stress-080-undefined,source-binding,REJECTED,refutation source binding
stress-080-undefined,domain-binding,REJECTED,refutation request/domain binding
stress-080-undefined,request-id,REJECTED,refutation request/domain binding
stress-080-undefined,extra-field,REJECTED,refutation certificate schema
stress-080-undefined,digest,REJECTED,refutation digest
stress-082-overfit,input-bool,REJECTED,refutation input
stress-082-overfit,input-outside,REJECTED,refutation input outside domain
stress-082-overfit,obligation,REJECTED,refutation obligation
stress-082-overfit,trace-type,REJECTED,refutation trace
stress-082-overfit,trace-content,REJECTED,refutation trace mismatch
stress-082-overfit,source-binding,REJECTED,refutation source binding
stress-082-overfit,domain-binding,REJECTED,refutation request/domain binding
stress-082-overfit,request-id,REJECTED,refutation request/domain binding
stress-082-overfit,extra-field,REJECTED,refutation certificate schema
stress-082-overfit,digest,REJECTED,refutation digest
stress-083-regression,input-bool,REJECTED,refutation input
stress-083-regression,input-outside,REJECTED,refutation input outside domain
stress-083-regression,obligation,REJECTED,refutation obligation
stress-083-regression,trace-type,REJECTED,refutation trace
stress-083-regression,trace-content,REJECTED,refutation trace mismatch
stress-083-regression,source-binding,REJECTED,refutation source binding
stress-083-regression,domain-binding,REJECTED,refutation request/domain binding
stress-083-regression,request-id,REJECTED,refutation request/domain binding
stress-083-regression,extra-field,REJECTED,refutation certificate schema
stress-083-regression,digest,REJECTED,refutation digest
stress-084-undefined,input-bool,REJECTED,refutation input
stress-084-undefined,input-outside,REJECTED,refutation input outside domain
stress-084-undefined,obligation,REJECTED,refutation obligation
stress-084-undefined,trace-type,REJECTED,refutation trace
stress-084-undefined,trace-content,REJECTED,refutation trace mismatch
stress-084-undefined,source-binding,REJECTED,refutation source binding
stress-084-undefined,domain-binding,REJECTED,refutation request/domain binding
stress-084-undefined,request-id,REJECTED,refutation request/domain binding
stress-084-undefined,extra-field,REJECTED,refutation certificate schema
stress-084-undefined,digest,REJECTED,refutation digest
stress-086-overfit,input-bool,REJECTED,refutation input
stress-086-overfit,input-outside,REJECTED,refutation input outside domain
stress-086-overfit,obligation,REJECTED,refutation obligation
stress-086-overfit,trace-type,REJECTED,refutation trace
stress-086-overfit,trace-content,REJECTED,refutation trace mismatch
stress-086-overfit,source-binding,REJECTED,refutation source binding
stress-086-overfit,domain-binding,REJECTED,refutation request/domain binding
stress-086-overfit,request-id,REJECTED,refutation request/domain binding
stress-086-overfit,extra-field,REJECTED,refutation certificate schema
stress-086-overfit,digest,REJECTED,refutation digest
stress-087-regression,input-bool,REJECTED,refutation input
stress-087-regression,input-outside,REJECTED,refutation input outside domain
stress-087-regression,obligation,REJECTED,refutation obligation
stress-087-regression,trace-type,REJECTED,refutation trace
stress-087-regression,trace-content,REJECTED,refutation trace mismatch
stress-087-regression,source-binding,REJECTED,refutation source binding
stress-087-regression,domain-binding,REJECTED,refutation request/domain binding
stress-087-regression,request-id,REJECTED,refutation request/domain binding
stress-087-regression,extra-field,REJECTED,refutation certificate schema
stress-087-regression,digest,REJECTED,refutation digest
stress-088-undefined,input-bool,REJECTED,refutation input
stress-088-undefined,input-outside,REJECTED,refutation input outside domain
stress-088-undefined,obligation,REJECTED,refutation obligation
stress-088-undefined,trace-type,REJECTED,refutation trace
stress-088-undefined,trace-content,REJECTED,refutation trace mismatch
stress-088-undefined,source-binding,REJECTED,refutation source binding
stress-088-undefined,domain-binding,REJECTED,refutation request/domain binding
stress-088-undefined,request-id,REJECTED,refutation request/domain binding
stress-088-undefined,extra-field,REJECTED,refutation certificate schema
stress-088-undefined,digest,REJECTED,refutation digest
stress-090-overfit,input-bool,REJECTED,refutation input
stress-090-overfit,input-outside,REJECTED,refutation input outside domain
stress-090-overfit,obligation,REJECTED,refutation obligation
stress-090-overfit,trace-type,REJECTED,refutation trace
stress-090-overfit,trace-content,REJECTED,refutation trace mismatch
stress-090-overfit,source-binding,REJECTED,refutation source binding
stress-090-overfit,domain-binding,REJECTED,refutation request/domain binding
stress-090-overfit,request-id,REJECTED,refutation request/domain binding
stress-090-overfit,extra-field,REJECTED,refutation certificate schema
stress-090-overfit,digest,REJECTED,refutation digest
stress-091-regression,input-bool,REJECTED,refutation input
stress-091-regression,input-outside,REJECTED,refutation input outside domain
stress-091-regression,obligation,REJECTED,refutation obligation
stress-091-regression,trace-type,REJECTED,refutation trace
stress-091-regression,trace-content,REJECTED,refutation trace mismatch
stress-091-regression,source-binding,REJECTED,refutation source binding
stress-091-regression,domain-binding,REJECTED,refutation request/domain binding
stress-091-regression,request-id,REJECTED,refutation request/domain binding
stress-091-regression,extra-field,REJECTED,refutation certificate schema
stress-091-regression,digest,REJECTED,refutation digest
stress-092-undefined,input-bool,REJECTED,refutation input
stress-092-undefined,input-outside,REJECTED,refutation input outside domain
stress-092-undefined,obligation,REJECTED,refutation obligation
stress-092-undefined,trace-type,REJECTED,refutation trace
stress-092-undefined,trace-content,REJECTED,refutation trace mismatch
stress-092-undefined,source-binding,REJECTED,refutation source binding
stress-092-undefined,domain-binding,REJECTED,refutation request/domain binding
stress-092-undefined,request-id,REJECTED,refutation request/domain binding
stress-092-undefined,extra-field,REJECTED,refutation certificate schema
stress-092-undefined,digest,REJECTED,refutation digest
stress-094-overfit,input-bool,REJECTED,refutation input
stress-094-overfit,input-outside,REJECTED,refutation input outside domain
stress-094-overfit,obligation,REJECTED,refutation obligation
stress-094-overfit,trace-type,REJECTED,refutation trace
stress-094-overfit,trace-content,REJECTED,refutation trace mismatch
stress-094-overfit,source-binding,REJECTED,refutation source binding
stress-094-overfit,domain-binding,REJECTED,refutation request/domain binding
stress-094-overfit,request-id,REJECTED,refutation request/domain binding
stress-094-overfit,extra-field,REJECTED,refutation certificate schema
stress-094-overfit,digest,REJECTED,refutation digest
stress-095-regression,input-bool,REJECTED,refutation input
stress-095-regression,input-outside,REJECTED,refutation input outside domain
stress-095-regression,obligation,REJECTED,refutation obligation
stress-095-regression,trace-type,REJECTED,refutation trace
stress-095-regression,trace-content,REJECTED,refutation trace mismatch
stress-095-regression,source-binding,REJECTED,refutation source binding
stress-095-regression,domain-binding,REJECTED,refutation request/domain binding
stress-095-regression,request-id,REJECTED,refutation request/domain binding
stress-095-regression,extra-field,REJECTED,refutation certificate schema
stress-095-regression,digest,REJECTED,refutation digest
stress-096-undefined,input-bool,REJECTED,refutation input
stress-096-undefined,input-outside,REJECTED,refutation input outside domain
stress-096-undefined,obligation,REJECTED,refutation obligation
stress-096-undefined,trace-type,REJECTED,refutation trace
stress-096-undefined,trace-content,REJECTED,refutation trace mismatch
stress-096-undefined,source-binding,REJECTED,refutation source binding
stress-096-undefined,domain-binding,REJECTED,refutation request/domain binding
stress-096-undefined,request-id,REJECTED,refutation request/domain binding
stress-096-undefined,extra-field,REJECTED,refutation certificate schema
stress-096-undefined,digest,REJECTED,refutation digest
stress-098-overfit,input-bool,REJECTED,refutation input
stress-098-overfit,input-outside,REJECTED,refutation input outside domain
stress-098-overfit,obligation,REJECTED,refutation obligation
stress-098-overfit,trace-type,REJECTED,refutation trace
stress-098-overfit,trace-content,REJECTED,refutation trace mismatch
stress-098-overfit,source-binding,REJECTED,refutation source binding
stress-098-overfit,domain-binding,REJECTED,refutation request/domain binding
stress-098-overfit,request-id,REJECTED,refutation request/domain binding
stress-098-overfit,extra-field,REJECTED,refutation certificate schema
stress-098-overfit,digest,REJECTED,refutation digest
stress-099-regression,input-bool,REJECTED,refutation input
stress-099-regression,input-outside,REJECTED,refutation input outside domain
stress-099-regression,obligation,REJECTED,refutation obligation
stress-099-regression,trace-type,REJECTED,refutation trace
stress-099-regression,trace-content,REJECTED,refutation trace mismatch
stress-099-regression,source-binding,REJECTED,refutation source binding
stress-099-regression,domain-binding,REJECTED,refutation request/domain binding
stress-099-regression,request-id,REJECTED,refutation request/domain binding
stress-099-regression,extra-field,REJECTED,refutation certificate schema
stress-099-regression,digest,REJECTED,refutation digest
stress-100-undefined,input-bool,REJECTED,refutation input
stress-100-undefined,input-outside,REJECTED,refutation input outside domain
stress-100-undefined,obligation,REJECTED,refutation obligation
stress-100-undefined,trace-type,REJECTED,refutation trace
stress-100-undefined,trace-content,REJECTED,refutation trace mismatch
stress-100-undefined,source-binding,REJECTED,refutation source binding
stress-100-undefined,domain-binding,REJECTED,refutation request/domain binding
stress-100-undefined,request-id,REJECTED,refutation request/domain binding
stress-100-undefined,extra-field,REJECTED,refutation certificate schema
stress-100-undefined,digest,REJECTED,refutation digest
stress-102-overfit,input-bool,REJECTED,refutation input
stress-102-overfit,input-outside,REJECTED,refutation input outside domain
stress-102-overfit,obligation,REJECTED,refutation obligation
stress-102-overfit,trace-type,REJECTED,refutation trace
stress-102-overfit,trace-content,REJECTED,refutation trace mismatch
stress-102-overfit,source-binding,REJECTED,refutation source binding
stress-102-overfit,domain-binding,REJECTED,refutation request/domain binding
stress-102-overfit,request-id,REJECTED,refutation request/domain binding
stress-102-overfit,extra-field,REJECTED,refutation certificate schema
stress-102-overfit,digest,REJECTED,refutation digest
stress-103-regression,input-bool,REJECTED,refutation input
stress-103-regression,input-outside,REJECTED,refutation input outside domain
stress-103-regression,obligation,REJECTED,refutation obligation
stress-103-regression,trace-type,REJECTED,refutation trace
stress-103-regression,trace-content,REJECTED,refutation trace mismatch
stress-103-regression,source-binding,REJECTED,refutation source binding
stress-103-regression,domain-binding,REJECTED,refutation request/domain binding
stress-103-regression,request-id,REJECTED,refutation request/domain binding
stress-103-regression,extra-field,REJECTED,refutation certificate schema
stress-103-regression,digest,REJECTED,refutation digest
stress-104-undefined,input-bool,REJECTED,refutation input
stress-104-undefined,input-outside,REJECTED,refutation input outside domain
stress-104-undefined,obligation,REJECTED,refutation obligation
stress-104-undefined,trace-type,REJECTED,refutation trace
stress-104-undefined,trace-content,REJECTED,refutation trace mismatch
stress-104-undefined,source-binding,REJECTED,refutation source binding
stress-104-undefined,domain-binding,REJECTED,refutation request/domain binding
stress-104-undefined,request-id,REJECTED,refutation request/domain binding
stress-104-undefined,extra-field,REJECTED,refutation certificate schema
stress-104-undefined,digest,REJECTED,refutation digest
stress-106-overfit,input-bool,REJECTED,refutation input
stress-106-overfit,input-outside,REJECTED,refutation input outside domain
stress-106-overfit,obligation,REJECTED,refutation obligation
stress-106-overfit,trace-type,REJECTED,refutation trace
stress-106-overfit,trace-content,REJECTED,refutation trace mismatch
stress-106-overfit,source-binding,REJECTED,refutation source binding
stress-106-overfit,domain-binding,REJECTED,refutation request/domain binding
stress-106-overfit,request-id,REJECTED,refutation request/domain binding
stress-106-overfit,extra-field,REJECTED,refutation certificate schema
stress-106-overfit,digest,REJECTED,refutation digest
stress-107-regression,input-bool,REJECTED,refutation input
stress-107-regression,input-outside,REJECTED,refutation input outside domain
stress-107-regression,obligation,REJECTED,refutation obligation
stress-107-regression,trace-type,REJECTED,refutation trace
stress-107-regression,trace-content,REJECTED,refutation trace mismatch
stress-107-regression,source-binding,REJECTED,refutation source binding
stress-107-regression,domain-binding,REJECTED,refutation request/domain binding
stress-107-regression,request-id,REJECTED,refutation request/domain binding
stress-107-regression,extra-field,REJECTED,refutation certificate schema
stress-107-regression,digest,REJECTED,refutation digest
stress-108-undefined,input-bool,REJECTED,refutation input
stress-108-undefined,input-outside,REJECTED,refutation input outside domain
stress-108-undefined,obligation,REJECTED,refutation obligation
stress-108-undefined,trace-type,REJECTED,refutation trace
stress-108-undefined,trace-content,REJECTED,refutation trace mismatch
stress-108-undefined,source-binding,REJECTED,refutation source binding
stress-108-undefined,domain-binding,REJECTED,refutation request/domain binding
stress-108-undefined,request-id,REJECTED,refutation request/domain binding
stress-108-undefined,extra-field,REJECTED,refutation certificate schema
stress-108-undefined,digest,REJECTED,refutation digest
stress-110-overfit,input-bool,REJECTED,refutation input
stress-110-overfit,input-outside,REJECTED,refutation input outside domain
stress-110-overfit,obligation,REJECTED,refutation obligation
stress-110-overfit,trace-type,REJECTED,refutation trace
stress-110-overfit,trace-content,REJECTED,refutation trace mismatch
stress-110-overfit,source-binding,REJECTED,refutation source binding
stress-110-overfit,domain-binding,REJECTED,refutation request/domain binding
stress-110-overfit,request-id,REJECTED,refutation request/domain binding
stress-110-overfit,extra-field,REJECTED,refutation certificate schema
stress-110-overfit,digest,REJECTED,refutation digest
stress-111-regression,input-bool,REJECTED,refutation input
stress-111-regression,input-outside,REJECTED,refutation input outside domain
stress-111-regression,obligation,REJECTED,refutation obligation
stress-111-regression,trace-type,REJECTED,refutation trace
stress-111-regression,trace-content,REJECTED,refutation trace mismatch
stress-111-regression,source-binding,REJECTED,refutation source binding
stress-111-regression,domain-binding,REJECTED,refutation request/domain binding
stress-111-regression,request-id,REJECTED,refutation request/domain binding
stress-111-regression,extra-field,REJECTED,refutation certificate schema
stress-111-regression,digest,REJECTED,refutation digest
stress-112-undefined,input-bool,REJECTED,refutation input
stress-112-undefined,input-outside,REJECTED,refutation input outside domain
stress-112-undefined,obligation,REJECTED,refutation obligation
stress-112-undefined,trace-type,REJECTED,refutation trace
stress-112-undefined,trace-content,REJECTED,refutation trace mismatch
stress-112-undefined,source-binding,REJECTED,refutation source binding
stress-112-undefined,domain-binding,REJECTED,refutation request/domain binding
stress-112-undefined,request-id,REJECTED,refutation request/domain binding
stress-112-undefined,extra-field,REJECTED,refutation certificate schema
stress-112-undefined,digest,REJECTED,refutation digest
stress-114-overfit,input-bool,REJECTED,refutation input
stress-114-overfit,input-outside,REJECTED,refutation input outside domain
stress-114-overfit,obligation,REJECTED,refutation obligation
stress-114-overfit,trace-type,REJECTED,refutation trace
stress-114-overfit,trace-content,REJECTED,refutation trace mismatch
stress-114-overfit,source-binding,REJECTED,refutation source binding
stress-114-overfit,domain-binding,REJECTED,refutation request/domain binding
stress-114-overfit,request-id,REJECTED,refutation request/domain binding
stress-114-overfit,extra-field,REJECTED,refutation certificate schema
stress-114-overfit,digest,REJECTED,refutation digest
stress-115-regression,input-bool,REJECTED,refutation input
stress-115-regression,input-outside,REJECTED,refutation input outside domain
stress-115-regression,obligation,REJECTED,refutation obligation
stress-115-regression,trace-type,REJECTED,refutation trace
stress-115-regression,trace-content,REJECTED,refutation trace mismatch
stress-115-regression,source-binding,REJECTED,refutation source binding
stress-115-regression,domain-binding,REJECTED,refutation request/domain binding
stress-115-regression,request-id,REJECTED,refutation request/domain binding
stress-115-regression,extra-field,REJECTED,refutation certificate schema
stress-115-regression,digest,REJECTED,refutation digest
stress-116-undefined,input-bool,REJECTED,refutation input
stress-116-undefined,input-outside,REJECTED,refutation input outside domain
stress-116-undefined,obligation,REJECTED,refutation obligation
stress-116-undefined,trace-type,REJECTED,refutation trace
stress-116-undefined,trace-content,REJECTED,refutation trace mismatch
stress-116-undefined,source-binding,REJECTED,refutation source binding
stress-116-undefined,domain-binding,REJECTED,refutation request/domain binding
stress-116-undefined,request-id,REJECTED,refutation request/domain binding
stress-116-undefined,extra-field,REJECTED,refutation certificate schema
stress-116-undefined,digest,REJECTED,refutation digest
stress-118-overfit,input-bool,REJECTED,refutation input
stress-118-overfit,input-outside,REJECTED,refutation input outside domain
stress-118-overfit,obligation,REJECTED,refutation obligation
stress-118-overfit,trace-type,REJECTED,refutation trace
stress-118-overfit,trace-content,REJECTED,refutation trace mismatch
stress-118-overfit,source-binding,REJECTED,refutation source binding
stress-118-overfit,domain-binding,REJECTED,refutation request/domain binding
stress-118-overfit,request-id,REJECTED,refutation request/domain binding
stress-118-overfit,extra-field,REJECTED,refutation certificate schema
stress-118-overfit,digest,REJECTED,refutation digest
stress-119-regression,input-bool,REJECTED,refutation input
stress-119-regression,input-outside,REJECTED,refutation input outside domain
stress-119-regression,obligation,REJECTED,refutation obligation
stress-119-regression,trace-type,REJECTED,refutation trace
stress-119-regression,trace-content,REJECTED,refutation trace mismatch
stress-119-regression,source-binding,REJECTED,refutation source binding
stress-119-regression,domain-binding,REJECTED,refutation request/domain binding
stress-119-regression,request-id,REJECTED,refutation request/domain binding
stress-119-regression,extra-field,REJECTED,refutation certificate schema
stress-119-regression,digest,REJECTED,refutation digest
stress-120-undefined,input-bool,REJECTED,refutation input
stress-120-undefined,input-outside,REJECTED,refutation input outside domain
stress-120-undefined,obligation,REJECTED,refutation obligation
stress-120-undefined,trace-type,REJECTED,refutation trace
stress-120-undefined,trace-content,REJECTED,refutation trace mismatch
stress-120-undefined,source-binding,REJECTED,refutation source binding
stress-120-undefined,domain-binding,REJECTED,refutation request/domain binding
stress-120-undefined,request-id,REJECTED,refutation request/domain binding
stress-120-undefined,extra-field,REJECTED,refutation certificate schema
stress-120-undefined,digest,REJECTED,refutation digest
stress-122-overfit,input-bool,REJECTED,refutation input
stress-122-overfit,input-outside,REJECTED,refutation input outside domain
stress-122-overfit,obligation,REJECTED,refutation obligation
stress-122-overfit,trace-type,REJECTED,refutation trace
stress-122-overfit,trace-content,REJECTED,refutation trace mismatch
stress-122-overfit,source-binding,REJECTED,refutation source binding
stress-122-overfit,domain-binding,REJECTED,refutation request/domain binding
stress-122-overfit,request-id,REJECTED,refutation request/domain binding
stress-122-overfit,extra-field,REJECTED,refutation certificate schema
stress-122-overfit,digest,REJECTED,refutation digest
stress-123-regression,input-bool,REJECTED,refutation input
stress-123-regression,input-outside,REJECTED,refutation input outside domain
stress-123-regression,obligation,REJECTED,refutation obligation
stress-123-regression,trace-type,REJECTED,refutation trace
stress-123-regression,trace-content,REJECTED,refutation trace mismatch
stress-123-regression,source-binding,REJECTED,refutation source binding
stress-123-regression,domain-binding,REJECTED,refutation request/domain binding
stress-123-regression,request-id,REJECTED,refutation request/domain binding
stress-123-regression,extra-field,REJECTED,refutation certificate schema
stress-123-regression,digest,REJECTED,refutation digest
stress-124-undefined,input-bool,REJECTED,refutation input
stress-124-undefined,input-outside,REJECTED,refutation input outside domain
stress-124-undefined,obligation,REJECTED,refutation obligation
stress-124-undefined,trace-type,REJECTED,refutation trace
stress-124-undefined,trace-content,REJECTED,refutation trace mismatch
stress-124-undefined,source-binding,REJECTED,refutation source binding
stress-124-undefined,domain-binding,REJECTED,refutation request/domain binding
stress-124-undefined,request-id,REJECTED,refutation request/domain binding
stress-124-undefined,extra-field,REJECTED,refutation certificate schema
stress-124-undefined,digest,REJECTED,refutation digest
stress-126-overfit,input-bool,REJECTED,refutation input
stress-126-overfit,input-outside,REJECTED,refutation input outside domain
stress-126-overfit,obligation,REJECTED,refutation obligation
stress-126-overfit,trace-type,REJECTED,refutation trace
stress-126-overfit,trace-content,REJECTED,refutation trace mismatch
stress-126-overfit,source-binding,REJECTED,refutation source binding
stress-126-overfit,domain-binding,REJECTED,refutation request/domain binding
stress-126-overfit,request-id,REJECTED,refutation request/domain binding
stress-126-overfit,extra-field,REJECTED,refutation certificate schema
stress-126-overfit,digest,REJECTED,refutation digest
stress-127-regression,input-bool,REJECTED,refutation input
stress-127-regression,input-outside,REJECTED,refutation input outside domain
stress-127-regression,obligation,REJECTED,refutation obligation
stress-127-regression,trace-type,REJECTED,refutation trace
stress-127-regression,trace-content,REJECTED,refutation trace mismatch
stress-127-regression,source-binding,REJECTED,refutation source binding
stress-127-regression,domain-binding,REJECTED,refutation request/domain binding
stress-127-regression,request-id,REJECTED,refutation request/domain binding
stress-127-regression,extra-field,REJECTED,refutation certificate schema
stress-127-regression,digest,REJECTED,refutation digest
stress-128-undefined,input-bool,REJECTED,refutation input
stress-128-undefined,input-outside,REJECTED,refutation input outside domain
stress-128-undefined,obligation,REJECTED,refutation obligation
stress-128-undefined,trace-type,REJECTED,refutation trace
stress-128-undefined,trace-content,REJECTED,refutation trace mismatch
stress-128-undefined,source-binding,REJECTED,refutation source binding
stress-128-undefined,domain-binding,REJECTED,refutation request/domain binding
stress-128-undefined,request-id,REJECTED,refutation request/domain binding
stress-128-undefined,extra-field,REJECTED,refutation certificate schema
stress-128-undefined,digest,REJECTED,refutation digest
stress-130-overfit,input-bool,REJECTED,refutation input
stress-130-overfit,input-outside,REJECTED,refutation input outside domain
stress-130-overfit,obligation,REJECTED,refutation obligation
stress-130-overfit,trace-type,REJECTED,refutation trace
stress-130-overfit,trace-content,REJECTED,refutation trace mismatch
stress-130-overfit,source-binding,REJECTED,refutation source binding
stress-130-overfit,domain-binding,REJECTED,refutation request/domain binding
stress-130-overfit,request-id,REJECTED,refutation request/domain binding
stress-130-overfit,extra-field,REJECTED,refutation certificate schema
stress-130-overfit,digest,REJECTED,refutation digest
stress-131-regression,input-bool,REJECTED,refutation input
stress-131-regression,input-outside,REJECTED,refutation input outside domain
stress-131-regression,obligation,REJECTED,refutation obligation
stress-131-regression,trace-type,REJECTED,refutation trace
stress-131-regression,trace-content,REJECTED,refutation trace mismatch
stress-131-regression,source-binding,REJECTED,refutation source binding
stress-131-regression,domain-binding,REJECTED,refutation request/domain binding
stress-131-regression,request-id,REJECTED,refutation request/domain binding
stress-131-regression,extra-field,REJECTED,refutation certificate schema
stress-131-regression,digest,REJECTED,refutation digest
stress-132-undefined,input-bool,REJECTED,refutation input
stress-132-undefined,input-outside,REJECTED,refutation input outside domain
stress-132-undefined,obligation,REJECTED,refutation obligation
stress-132-undefined,trace-type,REJECTED,refutation trace
stress-132-undefined,trace-content,REJECTED,refutation trace mismatch
stress-132-undefined,source-binding,REJECTED,refutation source binding
stress-132-undefined,domain-binding,REJECTED,refutation request/domain binding
stress-132-undefined,request-id,REJECTED,refutation request/domain binding
stress-132-undefined,extra-field,REJECTED,refutation certificate schema
stress-132-undefined,digest,REJECTED,refutation digest
stress-134-overfit,input-bool,REJECTED,refutation input
stress-134-overfit,input-outside,REJECTED,refutation input outside domain
stress-134-overfit,obligation,REJECTED,refutation obligation
stress-134-overfit,trace-type,REJECTED,refutation trace
stress-134-overfit,trace-content,REJECTED,refutation trace mismatch
stress-134-overfit,source-binding,REJECTED,refutation source binding
stress-134-overfit,domain-binding,REJECTED,refutation request/domain binding
stress-134-overfit,request-id,REJECTED,refutation request/domain binding
stress-134-overfit,extra-field,REJECTED,refutation certificate schema
stress-134-overfit,digest,REJECTED,refutation digest
stress-135-regression,input-bool,REJECTED,refutation input
stress-135-regression,input-outside,REJECTED,refutation input outside domain
stress-135-regression,obligation,REJECTED,refutation obligation
stress-135-regression,trace-type,REJECTED,refutation trace
stress-135-regression,trace-content,REJECTED,refutation trace mismatch
stress-135-regression,source-binding,REJECTED,refutation source binding
stress-135-regression,domain-binding,REJECTED,refutation request/domain binding
stress-135-regression,request-id,REJECTED,refutation request/domain binding
stress-135-regression,extra-field,REJECTED,refutation certificate schema
stress-135-regression,digest,REJECTED,refutation digest
stress-136-undefined,input-bool,REJECTED,refutation input
stress-136-undefined,input-outside,REJECTED,refutation input outside domain
stress-136-undefined,obligation,REJECTED,refutation obligation
stress-136-undefined,trace-type,REJECTED,refutation trace
stress-136-undefined,trace-content,REJECTED,refutation trace mismatch
stress-136-undefined,source-binding,REJECTED,refutation source binding
stress-136-undefined,domain-binding,REJECTED,refutation request/domain binding
stress-136-undefined,request-id,REJECTED,refutation request/domain binding
stress-136-undefined,extra-field,REJECTED,refutation certificate schema
stress-136-undefined,digest,REJECTED,refutation digest
stress-138-overfit,input-bool,REJECTED,refutation input
stress-138-overfit,input-outside,REJECTED,refutation input outside domain
stress-138-overfit,obligation,REJECTED,refutation obligation
stress-138-overfit,trace-type,REJECTED,refutation trace
stress-138-overfit,trace-content,REJECTED,refutation trace mismatch
stress-138-overfit,source-binding,REJECTED,refutation source binding
stress-138-overfit,domain-binding,REJECTED,refutation request/domain binding
stress-138-overfit,request-id,REJECTED,refutation request/domain binding
stress-138-overfit,extra-field,REJECTED,refutation certificate schema
stress-138-overfit,digest,REJECTED,refutation digest
stress-139-regression,input-bool,REJECTED,refutation input
stress-139-regression,input-outside,REJECTED,refutation input outside domain
stress-139-regression,obligation,REJECTED,refutation obligation
stress-139-regression,trace-type,REJECTED,refutation trace
stress-139-regression,trace-content,REJECTED,refutation trace mismatch
stress-139-regression,source-binding,REJECTED,refutation source binding
stress-139-regression,domain-binding,REJECTED,refutation request/domain binding
stress-139-regression,request-id,REJECTED,refutation request/domain binding
stress-139-regression,extra-field,REJECTED,refutation certificate schema
stress-139-regression,digest,REJECTED,refutation digest
stress-140-undefined,input-bool,REJECTED,refutation input
stress-140-undefined,input-outside,REJECTED,refutation input outside domain
stress-140-undefined,obligation,REJECTED,refutation obligation
stress-140-undefined,trace-type,REJECTED,refutation trace
stress-140-undefined,trace-content,REJECTED,refutation trace mismatch
stress-140-undefined,source-binding,REJECTED,refutation source binding
stress-140-undefined,domain-binding,REJECTED,refutation request/domain binding
stress-140-undefined,request-id,REJECTED,refutation request/domain binding
stress-140-undefined,extra-field,REJECTED,refutation certificate schema
stress-140-undefined,digest,REJECTED,refutation digest
stress-142-overfit,input-bool,REJECTED,refutation input
stress-142-overfit,input-outside,REJECTED,refutation input outside domain
stress-142-overfit,obligation,REJECTED,refutation obligation
stress-142-overfit,trace-type,REJECTED,refutation trace
stress-142-overfit,trace-content,REJECTED,refutation trace mismatch
stress-142-overfit,source-binding,REJECTED,refutation source binding
stress-142-overfit,domain-binding,REJECTED,refutation request/domain binding
stress-142-overfit,request-id,REJECTED,refutation request/domain binding
stress-142-overfit,extra-field,REJECTED,refutation certificate schema
stress-142-overfit,digest,REJECTED,refutation digest
stress-143-regression,input-bool,REJECTED,refutation input
stress-143-regression,input-outside,REJECTED,refutation input outside domain
stress-143-regression,obligation,REJECTED,refutation obligation
stress-143-regression,trace-type,REJECTED,refutation trace
stress-143-regression,trace-content,REJECTED,refutation trace mismatch
stress-143-regression,source-binding,REJECTED,refutation source binding
stress-143-regression,domain-binding,REJECTED,refutation request/domain binding
stress-143-regression,request-id,REJECTED,refutation request/domain binding
stress-143-regression,extra-field,REJECTED,refutation certificate schema
stress-143-regression,digest,REJECTED,refutation digest
stress-144-undefined,input-bool,REJECTED,refutation input
stress-144-undefined,input-outside,REJECTED,refutation input outside domain
stress-144-undefined,obligation,REJECTED,refutation obligation
stress-144-undefined,trace-type,REJECTED,refutation trace
stress-144-undefined,trace-content,REJECTED,refutation trace mismatch
stress-144-undefined,source-binding,REJECTED,refutation source binding
stress-144-undefined,domain-binding,REJECTED,refutation request/domain binding
stress-144-undefined,request-id,REJECTED,refutation request/domain binding
stress-144-undefined,extra-field,REJECTED,refutation certificate schema
stress-144-undefined,digest,REJECTED,refutation digest
stress-146-overfit,input-bool,REJECTED,refutation input
stress-146-overfit,input-outside,REJECTED,refutation input outside domain
stress-146-overfit,obligation,REJECTED,refutation obligation
stress-146-overfit,trace-type,REJECTED,refutation trace
stress-146-overfit,trace-content,REJECTED,refutation trace mismatch
stress-146-overfit,source-binding,REJECTED,refutation source binding
stress-146-overfit,domain-binding,REJECTED,refutation request/domain binding
stress-146-overfit,request-id,REJECTED,refutation request/domain binding
stress-146-overfit,extra-field,REJECTED,refutation certificate schema
stress-146-overfit,digest,REJECTED,refutation digest
stress-147-regression,input-bool,REJECTED,refutation input
stress-147-regression,input-outside,REJECTED,refutation input outside domain
stress-147-regression,obligation,REJECTED,refutation obligation
stress-147-regression,trace-type,REJECTED,refutation trace
stress-147-regression,trace-content,REJECTED,refutation trace mismatch
stress-147-regression,source-binding,REJECTED,refutation source binding
stress-147-regression,domain-binding,REJECTED,refutation request/domain binding
stress-147-regression,request-id,REJECTED,refutation request/domain binding
stress-147-regression,extra-field,REJECTED,refutation certificate schema
stress-147-regression,digest,REJECTED,refutation digest
stress-148-undefined,input-bool,REJECTED,refutation input
stress-148-undefined,input-outside,REJECTED,refutation input outside domain
stress-148-undefined,obligation,REJECTED,refutation obligation
stress-148-undefined,trace-type,REJECTED,refutation trace
stress-148-undefined,trace-content,REJECTED,refutation trace mismatch
stress-148-undefined,source-binding,REJECTED,refutation source binding
stress-148-undefined,domain-binding,REJECTED,refutation request/domain binding
stress-148-undefined,request-id,REJECTED,refutation request/domain binding
stress-148-undefined,extra-field,REJECTED,refutation certificate schema
stress-148-undefined,digest,REJECTED,refutation digest
stress-150-overfit,input-bool,REJECTED,refutation input
stress-150-overfit,input-outside,REJECTED,refutation input outside domain
stress-150-overfit,obligation,REJECTED,refutation obligation
stress-150-overfit,trace-type,REJECTED,refutation trace
stress-150-overfit,trace-content,REJECTED,refutation trace mismatch
stress-150-overfit,source-binding,REJECTED,refutation source binding
stress-150-overfit,domain-binding,REJECTED,refutation request/domain binding
stress-150-overfit,request-id,REJECTED,refutation request/domain binding
stress-150-overfit,extra-field,REJECTED,refutation certificate schema
stress-150-overfit,digest,REJECTED,refutation digest
stress-151-regression,input-bool,REJECTED,refutation input
stress-151-regression,input-outside,REJECTED,refutation input outside domain
stress-151-regression,obligation,REJECTED,refutation obligation
stress-151-regression,trace-type,REJECTED,refutation trace
stress-151-regression,trace-content,REJECTED,refutation trace mismatch
stress-151-regression,source-binding,REJECTED,refutation source binding
stress-151-regression,domain-binding,REJECTED,refutation request/domain binding
stress-151-regression,request-id,REJECTED,refutation request/domain binding
stress-151-regression,extra-field,REJECTED,refutation certificate schema
stress-151-regression,digest,REJECTED,refutation digest
stress-152-undefined,input-bool,REJECTED,refutation input
stress-152-undefined,input-outside,REJECTED,refutation input outside domain
stress-152-undefined,obligation,REJECTED,refutation obligation
stress-152-undefined,trace-type,REJECTED,refutation trace
stress-152-undefined,trace-content,REJECTED,refutation trace mismatch
stress-152-undefined,source-binding,REJECTED,refutation source binding
stress-152-undefined,domain-binding,REJECTED,refutation request/domain binding
stress-152-undefined,request-id,REJECTED,refutation request/domain binding
stress-152-undefined,extra-field,REJECTED,refutation certificate schema
stress-152-undefined,digest,REJECTED,refutation digest
stress-154-overfit,input-bool,REJECTED,refutation input
stress-154-overfit,input-outside,REJECTED,refutation input outside domain
stress-154-overfit,obligation,REJECTED,refutation obligation
stress-154-overfit,trace-type,REJECTED,refutation trace
stress-154-overfit,trace-content,REJECTED,refutation trace mismatch
stress-154-overfit,source-binding,REJECTED,refutation source binding
stress-154-overfit,domain-binding,REJECTED,refutation request/domain binding
stress-154-overfit,request-id,REJECTED,refutation request/domain binding
stress-154-overfit,extra-field,REJECTED,refutation certificate schema
stress-154-overfit,digest,REJECTED,refutation digest
stress-155-regression,input-bool,REJECTED,refutation input
stress-155-regression,input-outside,REJECTED,refutation input outside domain
stress-155-regression,obligation,REJECTED,refutation obligation
stress-155-regression,trace-type,REJECTED,refutation trace
stress-155-regression,trace-content,REJECTED,refutation trace mismatch
stress-155-regression,source-binding,REJECTED,refutation source binding
stress-155-regression,domain-binding,REJECTED,refutation request/domain binding
stress-155-regression,request-id,REJECTED,refutation request/domain binding
stress-155-regression,extra-field,REJECTED,refutation certificate schema
stress-155-regression,digest,REJECTED,refutation digest
stress-156-undefined,input-bool,REJECTED,refutation input
stress-156-undefined,input-outside,REJECTED,refutation input outside domain
stress-156-undefined,obligation,REJECTED,refutation obligation
stress-156-undefined,trace-type,REJECTED,refutation trace
stress-156-undefined,trace-content,REJECTED,refutation trace mismatch
stress-156-undefined,source-binding,REJECTED,refutation source binding
stress-156-undefined,domain-binding,REJECTED,refutation request/domain binding
stress-156-undefined,request-id,REJECTED,refutation request/domain binding
stress-156-undefined,extra-field,REJECTED,refutation certificate schema
stress-156-undefined,digest,REJECTED,refutation digest
stress-158-overfit,input-bool,REJECTED,refutation input
stress-158-overfit,input-outside,REJECTED,refutation input outside domain
stress-158-overfit,obligation,REJECTED,refutation obligation
stress-158-overfit,trace-type,REJECTED,refutation trace
stress-158-overfit,trace-content,REJECTED,refutation trace mismatch
stress-158-overfit,source-binding,REJECTED,refutation source binding
stress-158-overfit,domain-binding,REJECTED,refutation request/domain binding
stress-158-overfit,request-id,REJECTED,refutation request/domain binding
stress-158-overfit,extra-field,REJECTED,refutation certificate schema
stress-158-overfit,digest,REJECTED,refutation digest
stress-159-regression,input-bool,REJECTED,refutation input
stress-159-regression,input-outside,REJECTED,refutation input outside domain
stress-159-regression,obligation,REJECTED,refutation obligation
stress-159-regression,trace-type,REJECTED,refutation trace
stress-159-regression,trace-content,REJECTED,refutation trace mismatch
stress-159-regression,source-binding,REJECTED,refutation source binding
stress-159-regression,domain-binding,REJECTED,refutation request/domain binding
stress-159-regression,request-id,REJECTED,refutation request/domain binding
stress-159-regression,extra-field,REJECTED,refutation certificate schema
stress-159-regression,digest,REJECTED,refutation digest
stress-160-undefined,input-bool,REJECTED,refutation input
stress-160-undefined,input-outside,REJECTED,refutation input outside domain
stress-160-undefined,obligation,REJECTED,refutation obligation
stress-160-undefined,trace-type,REJECTED,refutation trace
stress-160-undefined,trace-content,REJECTED,refutation trace mismatch
stress-160-undefined,source-binding,REJECTED,refutation source binding
stress-160-undefined,domain-binding,REJECTED,refutation request/domain binding
stress-160-undefined,request-id,REJECTED,refutation request/domain binding
stress-160-undefined,extra-field,REJECTED,refutation certificate schema
stress-160-undefined,digest,REJECTED,refutation digest
stress-162-overfit,input-bool,REJECTED,refutation input
stress-162-overfit,input-outside,REJECTED,refutation input outside domain
stress-162-overfit,obligation,REJECTED,refutation obligation
stress-162-overfit,trace-type,REJECTED,refutation trace
stress-162-overfit,trace-content,REJECTED,refutation trace mismatch
stress-162-overfit,source-binding,REJECTED,refutation source binding
stress-162-overfit,domain-binding,REJECTED,refutation request/domain binding
stress-162-overfit,request-id,REJECTED,refutation request/domain binding
stress-162-overfit,extra-field,REJECTED,refutation certificate schema
stress-162-overfit,digest,REJECTED,refutation digest
stress-163-regression,input-bool,REJECTED,refutation input
stress-163-regression,input-outside,REJECTED,refutation input outside domain
stress-163-regression,obligation,REJECTED,refutation obligation
stress-163-regression,trace-type,REJECTED,refutation trace
stress-163-regression,trace-content,REJECTED,refutation trace mismatch
stress-163-regression,source-binding,REJECTED,refutation source binding
stress-163-regression,domain-binding,REJECTED,refutation request/domain binding
stress-163-regression,request-id,REJECTED,refutation request/domain binding
stress-163-regression,extra-field,REJECTED,refutation certificate schema
stress-163-regression,digest,REJECTED,refutation digest
stress-164-undefined,input-bool,REJECTED,refutation input
stress-164-undefined,input-outside,REJECTED,refutation input outside domain
stress-164-undefined,obligation,REJECTED,refutation obligation
stress-164-undefined,trace-type,REJECTED,refutation trace
stress-164-undefined,trace-content,REJECTED,refutation trace mismatch
stress-164-undefined,source-binding,REJECTED,refutation source binding
stress-164-undefined,domain-binding,REJECTED,refutation request/domain binding
stress-164-undefined,request-id,REJECTED,refutation request/domain binding
stress-164-undefined,extra-field,REJECTED,refutation certificate schema
stress-164-undefined,digest,REJECTED,refutation digest
stress-166-overfit,input-bool,REJECTED,refutation input
stress-166-overfit,input-outside,REJECTED,refutation input outside domain
stress-166-overfit,obligation,REJECTED,refutation obligation
stress-166-overfit,trace-type,REJECTED,refutation trace
stress-166-overfit,trace-content,REJECTED,refutation trace mismatch
stress-166-overfit,source-binding,REJECTED,refutation source binding
stress-166-overfit,domain-binding,REJECTED,refutation request/domain binding
stress-166-overfit,request-id,REJECTED,refutation request/domain binding
stress-166-overfit,extra-field,REJECTED,refutation certificate schema
stress-166-overfit,digest,REJECTED,refutation digest
stress-167-regression,input-bool,REJECTED,refutation input
stress-167-regression,input-outside,REJECTED,refutation input outside domain
stress-167-regression,obligation,REJECTED,refutation obligation
stress-167-regression,trace-type,REJECTED,refutation trace
stress-167-regression,trace-content,REJECTED,refutation trace mismatch
stress-167-regression,source-binding,REJECTED,refutation source binding
stress-167-regression,domain-binding,REJECTED,refutation request/domain binding
stress-167-regression,request-id,REJECTED,refutation request/domain binding
stress-167-regression,extra-field,REJECTED,refutation certificate schema
stress-167-regression,digest,REJECTED,refutation digest
stress-168-undefined,input-bool,REJECTED,refutation input
stress-168-undefined,input-outside,REJECTED,refutation input outside domain
stress-168-undefined,obligation,REJECTED,refutation obligation
stress-168-undefined,trace-type,REJECTED,refutation trace
stress-168-undefined,trace-content,REJECTED,refutation trace mismatch
stress-168-undefined,source-binding,REJECTED,refutation source binding
stress-168-undefined,domain-binding,REJECTED,refutation request/domain binding
stress-168-undefined,request-id,REJECTED,refutation request/domain binding
stress-168-undefined,extra-field,REJECTED,refutation certificate schema
stress-168-undefined,digest,REJECTED,refutation digest
stress-170-overfit,input-bool,REJECTED,refutation input
stress-170-overfit,input-outside,REJECTED,refutation input outside domain
stress-170-overfit,obligation,REJECTED,refutation obligation
stress-170-overfit,trace-type,REJECTED,refutation trace
stress-170-overfit,trace-content,REJECTED,refutation trace mismatch
stress-170-overfit,source-binding,REJECTED,refutation source binding
stress-170-overfit,domain-binding,REJECTED,refutation request/domain binding
stress-170-overfit,request-id,REJECTED,refutation request/domain binding
stress-170-overfit,extra-field,REJECTED,refutation certificate schema
stress-170-overfit,digest,REJECTED,refutation digest
stress-171-regression,input-bool,REJECTED,refutation input
stress-171-regression,input-outside,REJECTED,refutation input outside domain
stress-171-regression,obligation,REJECTED,refutation obligation
stress-171-regression,trace-type,REJECTED,refutation trace
stress-171-regression,trace-content,REJECTED,refutation trace mismatch
stress-171-regression,source-binding,REJECTED,refutation source binding
stress-171-regression,domain-binding,REJECTED,refutation request/domain binding
stress-171-regression,request-id,REJECTED,refutation request/domain binding
stress-171-regression,extra-field,REJECTED,refutation certificate schema
stress-171-regression,digest,REJECTED,refutation digest
stress-172-undefined,input-bool,REJECTED,refutation input
stress-172-undefined,input-outside,REJECTED,refutation input outside domain
stress-172-undefined,obligation,REJECTED,refutation obligation
stress-172-undefined,trace-type,REJECTED,refutation trace
stress-172-undefined,trace-content,REJECTED,refutation trace mismatch
stress-172-undefined,source-binding,REJECTED,refutation source binding
stress-172-undefined,domain-binding,REJECTED,refutation request/domain binding
stress-172-undefined,request-id,REJECTED,refutation request/domain binding
stress-172-undefined,extra-field,REJECTED,refutation certificate schema
stress-172-undefined,digest,REJECTED,refutation digest
stress-174-overfit,input-bool,REJECTED,refutation input
stress-174-overfit,input-outside,REJECTED,refutation input outside domain
stress-174-overfit,obligation,REJECTED,refutation obligation
stress-174-overfit,trace-type,REJECTED,refutation trace
stress-174-overfit,trace-content,REJECTED,refutation trace mismatch
stress-174-overfit,source-binding,REJECTED,refutation source binding
stress-174-overfit,domain-binding,REJECTED,refutation request/domain binding
stress-174-overfit,request-id,REJECTED,refutation request/domain binding
stress-174-overfit,extra-field,REJECTED,refutation certificate schema
stress-174-overfit,digest,REJECTED,refutation digest
stress-175-regression,input-bool,REJECTED,refutation input
stress-175-regression,input-outside,REJECTED,refutation input outside domain
stress-175-regression,obligation,REJECTED,refutation obligation
stress-175-regression,trace-type,REJECTED,refutation trace
stress-175-regression,trace-content,REJECTED,refutation trace mismatch
stress-175-regression,source-binding,REJECTED,refutation source binding
stress-175-regression,domain-binding,REJECTED,refutation request/domain binding
stress-175-regression,request-id,REJECTED,refutation request/domain binding
stress-175-regression,extra-field,REJECTED,refutation certificate schema
stress-175-regression,digest,REJECTED,refutation digest
stress-176-undefined,input-bool,REJECTED,refutation input
stress-176-undefined,input-outside,REJECTED,refutation input outside domain
stress-176-undefined,obligation,REJECTED,refutation obligation
stress-176-undefined,trace-type,REJECTED,refutation trace
stress-176-undefined,trace-content,REJECTED,refutation trace mismatch
stress-176-undefined,source-binding,REJECTED,refutation source binding
stress-176-undefined,domain-binding,REJECTED,refutation request/domain binding
stress-176-undefined,request-id,REJECTED,refutation request/domain binding
stress-176-undefined,extra-field,REJECTED,refutation certificate schema
stress-176-undefined,digest,REJECTED,refutation digest
stress-178-overfit,input-bool,REJECTED,refutation input
stress-178-overfit,input-outside,REJECTED,refutation input outside domain
stress-178-overfit,obligation,REJECTED,refutation obligation
stress-178-overfit,trace-type,REJECTED,refutation trace
stress-178-overfit,trace-content,REJECTED,refutation trace mismatch
stress-178-overfit,source-binding,REJECTED,refutation source binding
stress-178-overfit,domain-binding,REJECTED,refutation request/domain binding
stress-178-overfit,request-id,REJECTED,refutation request/domain binding
stress-178-overfit,extra-field,REJECTED,refutation certificate schema
stress-178-overfit,digest,REJECTED,refutation digest
stress-179-regression,input-bool,REJECTED,refutation input
stress-179-regression,input-outside,REJECTED,refutation input outside domain
stress-179-regression,obligation,REJECTED,refutation obligation
stress-179-regression,trace-type,REJECTED,refutation trace
stress-179-regression,trace-content,REJECTED,refutation trace mismatch
stress-179-regression,source-binding,REJECTED,refutation source binding
stress-179-regression,domain-binding,REJECTED,refutation request/domain binding
stress-179-regression,request-id,REJECTED,refutation request/domain binding
stress-179-regression,extra-field,REJECTED,refutation certificate schema
stress-179-regression,digest,REJECTED,refutation digest
stress-180-undefined,input-bool,REJECTED,refutation input
stress-180-undefined,input-outside,REJECTED,refutation input outside domain
stress-180-undefined,obligation,REJECTED,refutation obligation
stress-180-undefined,trace-type,REJECTED,refutation trace
stress-180-undefined,trace-content,REJECTED,refutation trace mismatch
stress-180-undefined,source-binding,REJECTED,refutation source binding
stress-180-undefined,domain-binding,REJECTED,refutation request/domain binding
stress-180-undefined,request-id,REJECTED,refutation request/domain binding
stress-180-undefined,extra-field,REJECTED,refutation certificate schema
stress-180-undefined,digest,REJECTED,refutation digest
stress-182-overfit,input-bool,REJECTED,refutation input
stress-182-overfit,input-outside,REJECTED,refutation input outside domain
stress-182-overfit,obligation,REJECTED,refutation obligation
stress-182-overfit,trace-type,REJECTED,refutation trace
stress-182-overfit,trace-content,REJECTED,refutation trace mismatch
stress-182-overfit,source-binding,REJECTED,refutation source binding
stress-182-overfit,domain-binding,REJECTED,refutation request/domain binding
stress-182-overfit,request-id,REJECTED,refutation request/domain binding
stress-182-overfit,extra-field,REJECTED,refutation certificate schema
stress-182-overfit,digest,REJECTED,refutation digest
stress-183-regression,input-bool,REJECTED,refutation input
stress-183-regression,input-outside,REJECTED,refutation input outside domain
stress-183-regression,obligation,REJECTED,refutation obligation
stress-183-regression,trace-type,REJECTED,refutation trace
stress-183-regression,trace-content,REJECTED,refutation trace mismatch
stress-183-regression,source-binding,REJECTED,refutation source binding
stress-183-regression,domain-binding,REJECTED,refutation request/domain binding
stress-183-regression,request-id,REJECTED,refutation request/domain binding
stress-183-regression,extra-field,REJECTED,refutation certificate schema
stress-183-regression,digest,REJECTED,refutation digest
stress-184-undefined,input-bool,REJECTED,refutation input
stress-184-undefined,input-outside,REJECTED,refutation input outside domain
stress-184-undefined,obligation,REJECTED,refutation obligation
stress-184-undefined,trace-type,REJECTED,refutation trace
stress-184-undefined,trace-content,REJECTED,refutation trace mismatch
stress-184-undefined,source-binding,REJECTED,refutation source binding
stress-184-undefined,domain-binding,REJECTED,refutation request/domain binding
stress-184-undefined,request-id,REJECTED,refutation request/domain binding
stress-184-undefined,extra-field,REJECTED,refutation certificate schema
stress-184-undefined,digest,REJECTED,refutation digest
stress-186-overfit,input-bool,REJECTED,refutation input
stress-186-overfit,input-outside,REJECTED,refutation input outside domain
stress-186-overfit,obligation,REJECTED,refutation obligation
stress-186-overfit,trace-type,REJECTED,refutation trace
stress-186-overfit,trace-content,REJECTED,refutation trace mismatch
stress-186-overfit,source-binding,REJECTED,refutation source binding
stress-186-overfit,domain-binding,REJECTED,refutation request/domain binding
stress-186-overfit,request-id,REJECTED,refutation request/domain binding
stress-186-overfit,extra-field,REJECTED,refutation certificate schema
stress-186-overfit,digest,REJECTED,refutation digest
stress-187-regression,input-bool,REJECTED,refutation input
stress-187-regression,input-outside,REJECTED,refutation input outside domain
stress-187-regression,obligation,REJECTED,refutation obligation
stress-187-regression,trace-type,REJECTED,refutation trace
stress-187-regression,trace-content,REJECTED,refutation trace mismatch
stress-187-regression,source-binding,REJECTED,refutation source binding
stress-187-regression,domain-binding,REJECTED,refutation request/domain binding
stress-187-regression,request-id,REJECTED,refutation request/domain binding
stress-187-regression,extra-field,REJECTED,refutation certificate schema
stress-187-regression,digest,REJECTED,refutation digest
stress-188-undefined,input-bool,REJECTED,refutation input
stress-188-undefined,input-outside,REJECTED,refutation input outside domain
stress-188-undefined,obligation,REJECTED,refutation obligation
stress-188-undefined,trace-type,REJECTED,refutation trace
stress-188-undefined,trace-content,REJECTED,refutation trace mismatch
stress-188-undefined,source-binding,REJECTED,refutation source binding
stress-188-undefined,domain-binding,REJECTED,refutation request/domain binding
stress-188-undefined,request-id,REJECTED,refutation request/domain binding
stress-188-undefined,extra-field,REJECTED,refutation certificate schema
stress-188-undefined,digest,REJECTED,refutation digest
stress-190-overfit,input-bool,REJECTED,refutation input
stress-190-overfit,input-outside,REJECTED,refutation input outside domain
stress-190-overfit,obligation,REJECTED,refutation obligation
stress-190-overfit,trace-type,REJECTED,refutation trace
stress-190-overfit,trace-content,REJECTED,refutation trace mismatch
stress-190-overfit,source-binding,REJECTED,refutation source binding
stress-190-overfit,domain-binding,REJECTED,refutation request/domain binding
stress-190-overfit,request-id,REJECTED,refutation request/domain binding
stress-190-overfit,extra-field,REJECTED,refutation certificate schema
stress-190-overfit,digest,REJECTED,refutation digest
stress-191-regression,input-bool,REJECTED,refutation input
stress-191-regression,input-outside,REJECTED,refutation input outside domain
stress-191-regression,obligation,REJECTED,refutation obligation
stress-191-regression,trace-type,REJECTED,refutation trace
stress-191-regression,trace-content,REJECTED,refutation trace mismatch
stress-191-regression,source-binding,REJECTED,refutation source binding
stress-191-regression,domain-binding,REJECTED,refutation request/domain binding
stress-191-regression,request-id,REJECTED,refutation request/domain binding
stress-191-regression,extra-field,REJECTED,refutation certificate schema
stress-191-regression,digest,REJECTED,refutation digest
stress-192-undefined,input-bool,REJECTED,refutation input
stress-192-undefined,input-outside,REJECTED,refutation input outside domain
stress-192-undefined,obligation,REJECTED,refutation obligation
stress-192-undefined,trace-type,REJECTED,refutation trace
stress-192-undefined,trace-content,REJECTED,refutation trace mismatch
stress-192-undefined,source-binding,REJECTED,refutation source binding
stress-192-undefined,domain-binding,REJECTED,refutation request/domain binding
stress-192-undefined,request-id,REJECTED,refutation request/domain binding
stress-192-undefined,extra-field,REJECTED,refutation certificate schema
stress-192-undefined,digest,REJECTED,refutation digest
stress-194-overfit,input-bool,REJECTED,refutation input
stress-194-overfit,input-outside,REJECTED,refutation input outside domain
stress-194-overfit,obligation,REJECTED,refutation obligation
stress-194-overfit,trace-type,REJECTED,refutation trace
stress-194-overfit,trace-content,REJECTED,refutation trace mismatch
stress-194-overfit,source-binding,REJECTED,refutation source binding
stress-194-overfit,domain-binding,REJECTED,refutation request/domain binding
stress-194-overfit,request-id,REJECTED,refutation request/domain binding
stress-194-overfit,extra-field,REJECTED,refutation certificate schema
stress-194-overfit,digest,REJECTED,refutation digest
stress-195-regression,input-bool,REJECTED,refutation input
stress-195-regression,input-outside,REJECTED,refutation input outside domain
stress-195-regression,obligation,REJECTED,refutation obligation
stress-195-regression,trace-type,REJECTED,refutation trace
stress-195-regression,trace-content,REJECTED,refutation trace mismatch
stress-195-regression,source-binding,REJECTED,refutation source binding
stress-195-regression,domain-binding,REJECTED,refutation request/domain binding
stress-195-regression,request-id,REJECTED,refutation request/domain binding
stress-195-regression,extra-field,REJECTED,refutation certificate schema
stress-195-regression,digest,REJECTED,refutation digest
stress-196-undefined,input-bool,REJECTED,refutation input
stress-196-undefined,input-outside,REJECTED,refutation input outside domain
stress-196-undefined,obligation,REJECTED,refutation obligation
stress-196-undefined,trace-type,REJECTED,refutation trace
stress-196-undefined,trace-content,REJECTED,refutation trace mismatch
stress-196-undefined,source-binding,REJECTED,refutation source binding
stress-196-undefined,domain-binding,REJECTED,refutation request/domain binding
stress-196-undefined,request-id,REJECTED,refutation request/domain binding
stress-196-undefined,extra-field,REJECTED,refutation certificate schema
stress-196-undefined,digest,REJECTED,refutation digest
stress-198-overfit,input-bool,REJECTED,refutation input
stress-198-overfit,input-outside,REJECTED,refutation input outside domain
stress-198-overfit,obligation,REJECTED,refutation obligation
stress-198-overfit,trace-type,REJECTED,refutation trace
stress-198-overfit,trace-content,REJECTED,refutation trace mismatch
stress-198-overfit,source-binding,REJECTED,refutation source binding
stress-198-overfit,domain-binding,REJECTED,refutation request/domain binding
stress-198-overfit,request-id,REJECTED,refutation request/domain binding
stress-198-overfit,extra-field,REJECTED,refutation certificate schema
stress-198-overfit,digest,REJECTED,refutation digest
stress-199-regression,input-bool,REJECTED,refutation input
stress-199-regression,input-outside,REJECTED,refutation input outside domain
stress-199-regression,obligation,REJECTED,refutation obligation
stress-199-regression,trace-type,REJECTED,refutation trace
stress-199-regression,trace-content,REJECTED,refutation trace mismatch
stress-199-regression,source-binding,REJECTED,refutation source binding
stress-199-regression,domain-binding,REJECTED,refutation request/domain binding
stress-199-regression,request-id,REJECTED,refutation request/domain binding
stress-199-regression,extra-field,REJECTED,refutation certificate schema
stress-199-regression,digest,REJECTED,refutation digest
stress-200-undefined,input-bool,REJECTED,refutation input
stress-200-undefined,input-outside,REJECTED,refutation input outside domain
stress-200-undefined,obligation,REJECTED,refutation obligation
stress-200-undefined,trace-type,REJECTED,refutation trace
stress-200-undefined,trace-content,REJECTED,refutation trace mismatch
stress-200-undefined,source-binding,REJECTED,refutation source binding
stress-200-undefined,domain-binding,REJECTED,refutation request/domain binding
stress-200-undefined,request-id,REJECTED,refutation request/domain binding
stress-200-undefined,extra-field,REJECTED,refutation certificate schema
stress-200-undefined,digest,REJECTED,refutation digest
stress-202-overfit,input-bool,REJECTED,refutation input
stress-202-overfit,input-outside,REJECTED,refutation input outside domain
stress-202-overfit,obligation,REJECTED,refutation obligation
stress-202-overfit,trace-type,REJECTED,refutation trace
stress-202-overfit,trace-content,REJECTED,refutation trace mismatch
stress-202-overfit,source-binding,REJECTED,refutation source binding
stress-202-overfit,domain-binding,REJECTED,refutation request/domain binding
stress-202-overfit,request-id,REJECTED,refutation request/domain binding
stress-202-overfit,extra-field,REJECTED,refutation certificate schema
stress-202-overfit,digest,REJECTED,refutation digest
stress-203-regression,input-bool,REJECTED,refutation input
stress-203-regression,input-outside,REJECTED,refutation input outside domain
stress-203-regression,obligation,REJECTED,refutation obligation
stress-203-regression,trace-type,REJECTED,refutation trace
stress-203-regression,trace-content,REJECTED,refutation trace mismatch
stress-203-regression,source-binding,REJECTED,refutation source binding
stress-203-regression,domain-binding,REJECTED,refutation request/domain binding
stress-203-regression,request-id,REJECTED,refutation request/domain binding
stress-203-regression,extra-field,REJECTED,refutation certificate schema
stress-203-regression,digest,REJECTED,refutation digest
stress-204-undefined,input-bool,REJECTED,refutation input
stress-204-undefined,input-outside,REJECTED,refutation input outside domain
stress-204-undefined,obligation,REJECTED,refutation obligation
stress-204-undefined,trace-type,REJECTED,refutation trace
stress-204-undefined,trace-content,REJECTED,refutation trace mismatch
stress-204-undefined,source-binding,REJECTED,refutation source binding
stress-204-undefined,domain-binding,REJECTED,refutation request/domain binding
stress-204-undefined,request-id,REJECTED,refutation request/domain binding
stress-204-undefined,extra-field,REJECTED,refutation certificate schema
stress-204-undefined,digest,REJECTED,refutation digest
stress-206-overfit,input-bool,REJECTED,refutation input
stress-206-overfit,input-outside,REJECTED,refutation input outside domain
stress-206-overfit,obligation,REJECTED,refutation obligation
stress-206-overfit,trace-type,REJECTED,refutation trace
stress-206-overfit,trace-content,REJECTED,refutation trace mismatch
stress-206-overfit,source-binding,REJECTED,refutation source binding
stress-206-overfit,domain-binding,REJECTED,refutation request/domain binding
stress-206-overfit,request-id,REJECTED,refutation request/domain binding
stress-206-overfit,extra-field,REJECTED,refutation certificate schema
stress-206-overfit,digest,REJECTED,refutation digest
stress-207-regression,input-bool,REJECTED,refutation input
stress-207-regression,input-outside,REJECTED,refutation input outside domain
stress-207-regression,obligation,REJECTED,refutation obligation
stress-207-regression,trace-type,REJECTED,refutation trace
stress-207-regression,trace-content,REJECTED,refutation trace mismatch
stress-207-regression,source-binding,REJECTED,refutation source binding
stress-207-regression,domain-binding,REJECTED,refutation request/domain binding
stress-207-regression,request-id,REJECTED,refutation request/domain binding
stress-207-regression,extra-field,REJECTED,refutation certificate schema
stress-207-regression,digest,REJECTED,refutation digest
stress-208-undefined,input-bool,REJECTED,refutation input
stress-208-undefined,input-outside,REJECTED,refutation input outside domain
stress-208-undefined,obligation,REJECTED,refutation obligation
stress-208-undefined,trace-type,REJECTED,refutation trace
stress-208-undefined,trace-content,REJECTED,refutation trace mismatch
stress-208-undefined,source-binding,REJECTED,refutation source binding
stress-208-undefined,domain-binding,REJECTED,refutation request/domain binding
stress-208-undefined,request-id,REJECTED,refutation request/domain binding
stress-208-undefined,extra-field,REJECTED,refutation certificate schema
stress-208-undefined,digest,REJECTED,refutation digest
stress-210-overfit,input-bool,REJECTED,refutation input
stress-210-overfit,input-outside,REJECTED,refutation input outside domain
stress-210-overfit,obligation,REJECTED,refutation obligation
stress-210-overfit,trace-type,REJECTED,refutation trace
stress-210-overfit,trace-content,REJECTED,refutation trace mismatch
stress-210-overfit,source-binding,REJECTED,refutation source binding
stress-210-overfit,domain-binding,REJECTED,refutation request/domain binding
stress-210-overfit,request-id,REJECTED,refutation request/domain binding
stress-210-overfit,extra-field,REJECTED,refutation certificate schema
stress-210-overfit,digest,REJECTED,refutation digest
stress-211-regression,input-bool,REJECTED,refutation input
stress-211-regression,input-outside,REJECTED,refutation input outside domain
stress-211-regression,obligation,REJECTED,refutation obligation
stress-211-regression,trace-type,REJECTED,refutation trace
stress-211-regression,trace-content,REJECTED,refutation trace mismatch
stress-211-regression,source-binding,REJECTED,refutation source binding
stress-211-regression,domain-binding,REJECTED,refutation request/domain binding
stress-211-regression,request-id,REJECTED,refutation request/domain binding
stress-211-regression,extra-field,REJECTED,refutation certificate schema
stress-211-regression,digest,REJECTED,refutation digest
stress-212-undefined,input-bool,REJECTED,refutation input
stress-212-undefined,input-outside,REJECTED,refutation input outside domain
stress-212-undefined,obligation,REJECTED,refutation obligation
stress-212-undefined,trace-type,REJECTED,refutation trace
stress-212-undefined,trace-content,REJECTED,refutation trace mismatch
stress-212-undefined,source-binding,REJECTED,refutation source binding
stress-212-undefined,domain-binding,REJECTED,refutation request/domain binding
stress-212-undefined,request-id,REJECTED,refutation request/domain binding
stress-212-undefined,extra-field,REJECTED,refutation certificate schema
stress-212-undefined,digest,REJECTED,refutation digest
stress-214-overfit,input-bool,REJECTED,refutation input
stress-214-overfit,input-outside,REJECTED,refutation input outside domain
stress-214-overfit,obligation,REJECTED,refutation obligation
stress-214-overfit,trace-type,REJECTED,refutation trace
stress-214-overfit,trace-content,REJECTED,refutation trace mismatch
stress-214-overfit,source-binding,REJECTED,refutation source binding
stress-214-overfit,domain-binding,REJECTED,refutation request/domain binding
stress-214-overfit,request-id,REJECTED,refutation request/domain binding
stress-214-overfit,extra-field,REJECTED,refutation certificate schema
stress-214-overfit,digest,REJECTED,refutation digest
stress-215-regression,input-bool,REJECTED,refutation input
stress-215-regression,input-outside,REJECTED,refutation input outside domain
stress-215-regression,obligation,REJECTED,refutation obligation
stress-215-regression,trace-type,REJECTED,refutation trace
stress-215-regression,trace-content,REJECTED,refutation trace mismatch
stress-215-regression,source-binding,REJECTED,refutation source binding
stress-215-regression,domain-binding,REJECTED,refutation request/domain binding
stress-215-regression,request-id,REJECTED,refutation request/domain binding
stress-215-regression,extra-field,REJECTED,refutation certificate schema
stress-215-regression,digest,REJECTED,refutation digest
stress-216-undefined,input-bool,REJECTED,refutation input
stress-216-undefined,input-outside,REJECTED,refutation input outside domain
stress-216-undefined,obligation,REJECTED,refutation obligation
stress-216-undefined,trace-type,REJECTED,refutation trace
stress-216-undefined,trace-content,REJECTED,refutation trace mismatch
stress-216-undefined,source-binding,REJECTED,refutation source binding
stress-216-undefined,domain-binding,REJECTED,refutation request/domain binding
stress-216-undefined,request-id,REJECTED,refutation request/domain binding
stress-216-undefined,extra-field,REJECTED,refutation certificate schema
stress-216-undefined,digest,REJECTED,refutation digest
stress-218-overfit,input-bool,REJECTED,refutation input
stress-218-overfit,input-outside,REJECTED,refutation input outside domain
stress-218-overfit,obligation,REJECTED,refutation obligation
stress-218-overfit,trace-type,REJECTED,refutation trace
stress-218-overfit,trace-content,REJECTED,refutation trace mismatch
stress-218-overfit,source-binding,REJECTED,refutation source binding
stress-218-overfit,domain-binding,REJECTED,refutation request/domain binding
stress-218-overfit,request-id,REJECTED,refutation request/domain binding
stress-218-overfit,extra-field,REJECTED,refutation certificate schema
stress-218-overfit,digest,REJECTED,refutation digest
stress-219-regression,input-bool,REJECTED,refutation input
stress-219-regression,input-outside,REJECTED,refutation input outside domain
stress-219-regression,obligation,REJECTED,refutation obligation
stress-219-regression,trace-type,REJECTED,refutation trace
stress-219-regression,trace-content,REJECTED,refutation trace mismatch
stress-219-regression,source-binding,REJECTED,refutation source binding
stress-219-regression,domain-binding,REJECTED,refutation request/domain binding
stress-219-regression,request-id,REJECTED,refutation request/domain binding
stress-219-regression,extra-field,REJECTED,refutation certificate schema
stress-219-regression,digest,REJECTED,refutation digest
stress-220-undefined,input-bool,REJECTED,refutation input
stress-220-undefined,input-outside,REJECTED,refutation input outside domain
stress-220-undefined,obligation,REJECTED,refutation obligation
stress-220-undefined,trace-type,REJECTED,refutation trace
stress-220-undefined,trace-content,REJECTED,refutation trace mismatch
stress-220-undefined,source-binding,REJECTED,refutation source binding
stress-220-undefined,domain-binding,REJECTED,refutation request/domain binding
stress-220-undefined,request-id,REJECTED,refutation request/domain binding
stress-220-undefined,extra-field,REJECTED,refutation certificate schema
stress-220-undefined,digest,REJECTED,refutation digest
stress-222-overfit,input-bool,REJECTED,refutation input
stress-222-overfit,input-outside,REJECTED,refutation input outside domain
stress-222-overfit,obligation,REJECTED,refutation obligation
stress-222-overfit,trace-type,REJECTED,refutation trace
stress-222-overfit,trace-content,REJECTED,refutation trace mismatch
stress-222-overfit,source-binding,REJECTED,refutation source binding
stress-222-overfit,domain-binding,REJECTED,refutation request/domain binding
stress-222-overfit,request-id,REJECTED,refutation request/domain binding
stress-222-overfit,extra-field,REJECTED,refutation certificate schema
stress-222-overfit,digest,REJECTED,refutation digest
stress-223-regression,input-bool,REJECTED,refutation input
stress-223-regression,input-outside,REJECTED,refutation input outside domain
stress-223-regression,obligation,REJECTED,refutation obligation
stress-223-regression,trace-type,REJECTED,refutation trace
stress-223-regression,trace-content,REJECTED,refutation trace mismatch
stress-223-regression,source-binding,REJECTED,refutation source binding
stress-223-regression,domain-binding,REJECTED,refutation request/domain binding
stress-223-regression,request-id,REJECTED,refutation request/domain binding
stress-223-regression,extra-field,REJECTED,refutation certificate schema
stress-223-regression,digest,REJECTED,refutation digest
stress-224-undefined,input-bool,REJECTED,refutation input
stress-224-undefined,input-outside,REJECTED,refutation input outside domain
stress-224-undefined,obligation,REJECTED,refutation obligation
stress-224-undefined,trace-type,REJECTED,refutation trace
stress-224-undefined,trace-content,REJECTED,refutation trace mismatch
stress-224-undefined,source-binding,REJECTED,refutation source binding
stress-224-undefined,domain-binding,REJECTED,refutation request/domain binding
stress-224-undefined,request-id,REJECTED,refutation request/domain binding
stress-224-undefined,extra-field,REJECTED,refutation certificate schema
stress-224-undefined,digest,REJECTED,refutation digest
stress-226-overfit,input-bool,REJECTED,refutation input
stress-226-overfit,input-outside,REJECTED,refutation input outside domain
stress-226-overfit,obligation,REJECTED,refutation obligation
stress-226-overfit,trace-type,REJECTED,refutation trace
stress-226-overfit,trace-content,REJECTED,refutation trace mismatch
stress-226-overfit,source-binding,REJECTED,refutation source binding
stress-226-overfit,domain-binding,REJECTED,refutation request/domain binding
stress-226-overfit,request-id,REJECTED,refutation request/domain binding
stress-226-overfit,extra-field,REJECTED,refutation certificate schema
stress-226-overfit,digest,REJECTED,refutation digest
stress-227-regression,input-bool,REJECTED,refutation input
stress-227-regression,input-outside,REJECTED,refutation input outside domain
stress-227-regression,obligation,REJECTED,refutation obligation
stress-227-regression,trace-type,REJECTED,refutation trace
stress-227-regression,trace-content,REJECTED,refutation trace mismatch
stress-227-regression,source-binding,REJECTED,refutation source binding
stress-227-regression,domain-binding,REJECTED,refutation request/domain binding
stress-227-regression,request-id,REJECTED,refutation request/domain binding
stress-227-regression,extra-field,REJECTED,refutation certificate schema
stress-227-regression,digest,REJECTED,refutation digest
stress-228-undefined,input-bool,REJECTED,refutation input
stress-228-undefined,input-outside,REJECTED,refutation input outside domain
stress-228-undefined,obligation,REJECTED,refutation obligation
stress-228-undefined,trace-type,REJECTED,refutation trace
stress-228-undefined,trace-content,REJECTED,refutation trace mismatch
stress-228-undefined,source-binding,REJECTED,refutation source binding
stress-228-undefined,domain-binding,REJECTED,refutation request/domain binding
stress-228-undefined,request-id,REJECTED,refutation request/domain binding
stress-228-undefined,extra-field,REJECTED,refutation certificate schema
stress-228-undefined,digest,REJECTED,refutation digest
stress-230-overfit,input-bool,REJECTED,refutation input
stress-230-overfit,input-outside,REJECTED,refutation input outside domain
stress-230-overfit,obligation,REJECTED,refutation obligation
stress-230-overfit,trace-type,REJECTED,refutation trace
stress-230-overfit,trace-content,REJECTED,refutation trace mismatch
stress-230-overfit,source-binding,REJECTED,refutation source binding
stress-230-overfit,domain-binding,REJECTED,refutation request/domain binding
stress-230-overfit,request-id,REJECTED,refutation request/domain binding
stress-230-overfit,extra-field,REJECTED,refutation certificate schema
stress-230-overfit,digest,REJECTED,refutation digest
stress-231-regression,input-bool,REJECTED,refutation input
stress-231-regression,input-outside,REJECTED,refutation input outside domain
stress-231-regression,obligation,REJECTED,refutation obligation
stress-231-regression,trace-type,REJECTED,refutation trace
stress-231-regression,trace-content,REJECTED,refutation trace mismatch
stress-231-regression,source-binding,REJECTED,refutation source binding
stress-231-regression,domain-binding,REJECTED,refutation request/domain binding
stress-231-regression,request-id,REJECTED,refutation request/domain binding
stress-231-regression,extra-field,REJECTED,refutation certificate schema
stress-231-regression,digest,REJECTED,refutation digest
stress-232-undefined,input-bool,REJECTED,refutation input
stress-232-undefined,input-outside,REJECTED,refutation input outside domain
stress-232-undefined,obligation,REJECTED,refutation obligation
stress-232-undefined,trace-type,REJECTED,refutation trace
stress-232-undefined,trace-content,REJECTED,refutation trace mismatch
stress-232-undefined,source-binding,REJECTED,refutation source binding
stress-232-undefined,domain-binding,REJECTED,refutation request/domain binding
stress-232-undefined,request-id,REJECTED,refutation request/domain binding
stress-232-undefined,extra-field,REJECTED,refutation certificate schema
stress-232-undefined,digest,REJECTED,refutation digest
stress-234-overfit,input-bool,REJECTED,refutation input
stress-234-overfit,input-outside,REJECTED,refutation input outside domain
stress-234-overfit,obligation,REJECTED,refutation obligation
stress-234-overfit,trace-type,REJECTED,refutation trace
stress-234-overfit,trace-content,REJECTED,refutation trace mismatch
stress-234-overfit,source-binding,REJECTED,refutation source binding
stress-234-overfit,domain-binding,REJECTED,refutation request/domain binding
stress-234-overfit,request-id,REJECTED,refutation request/domain binding
stress-234-overfit,extra-field,REJECTED,refutation certificate schema
stress-234-overfit,digest,REJECTED,refutation digest
stress-235-regression,input-bool,REJECTED,refutation input
stress-235-regression,input-outside,REJECTED,refutation input outside domain
stress-235-regression,obligation,REJECTED,refutation obligation
stress-235-regression,trace-type,REJECTED,refutation trace
stress-235-regression,trace-content,REJECTED,refutation trace mismatch
stress-235-regression,source-binding,REJECTED,refutation source binding
stress-235-regression,domain-binding,REJECTED,refutation request/domain binding
stress-235-regression,request-id,REJECTED,refutation request/domain binding
stress-235-regression,extra-field,REJECTED,refutation certificate schema
stress-235-regression,digest,REJECTED,refutation digest
stress-236-undefined,input-bool,REJECTED,refutation input
stress-236-undefined,input-outside,REJECTED,refutation input outside domain
stress-236-undefined,obligation,REJECTED,refutation obligation
stress-236-undefined,trace-type,REJECTED,refutation trace
stress-236-undefined,trace-content,REJECTED,refutation trace mismatch
stress-236-undefined,source-binding,REJECTED,refutation source binding
stress-236-undefined,domain-binding,REJECTED,refutation request/domain binding
stress-236-undefined,request-id,REJECTED,refutation request/domain binding
stress-236-undefined,extra-field,REJECTED,refutation certificate schema
stress-236-undefined,digest,REJECTED,refutation digest
stress-238-overfit,input-bool,REJECTED,refutation input
stress-238-overfit,input-outside,REJECTED,refutation input outside domain
stress-238-overfit,obligation,REJECTED,refutation obligation
stress-238-overfit,trace-type,REJECTED,refutation trace
stress-238-overfit,trace-content,REJECTED,refutation trace mismatch
stress-238-overfit,source-binding,REJECTED,refutation source binding
stress-238-overfit,domain-binding,REJECTED,refutation request/domain binding
stress-238-overfit,request-id,REJECTED,refutation request/domain binding
stress-238-overfit,extra-field,REJECTED,refutation certificate schema
stress-238-overfit,digest,REJECTED,refutation digest
stress-239-regression,input-bool,REJECTED,refutation input
stress-239-regression,input-outside,REJECTED,refutation input outside domain
stress-239-regression,obligation,REJECTED,refutation obligation
stress-239-regression,trace-type,REJECTED,refutation trace
stress-239-regression,trace-content,REJECTED,refutation trace mismatch
stress-239-regression,source-binding,REJECTED,refutation source binding
stress-239-regression,domain-binding,REJECTED,refutation request/domain binding
stress-239-regression,request-id,REJECTED,refutation request/domain binding
stress-239-regression,extra-field,REJECTED,refutation certificate schema
stress-239-regression,digest,REJECTED,refutation digest
stress-240-undefined,input-bool,REJECTED,refutation input
stress-240-undefined,input-outside,REJECTED,refutation input outside domain
stress-240-undefined,obligation,REJECTED,refutation obligation
stress-240-undefined,trace-type,REJECTED,refutation trace
stress-240-undefined,trace-content,REJECTED,refutation trace mismatch
stress-240-undefined,source-binding,REJECTED,refutation source binding
stress-240-undefined,domain-binding,REJECTED,refutation request/domain binding
stress-240-undefined,request-id,REJECTED,refutation request/domain binding
stress-240-undefined,extra-field,REJECTED,refutation certificate schema
stress-240-undefined,digest,REJECTED,refutation digest
stress-242-overfit,input-bool,REJECTED,refutation input
stress-242-overfit,input-outside,REJECTED,refutation input outside domain
stress-242-overfit,obligation,REJECTED,refutation obligation
stress-242-overfit,trace-type,REJECTED,refutation trace
stress-242-overfit,trace-content,REJECTED,refutation trace mismatch
stress-242-overfit,source-binding,REJECTED,refutation source binding
stress-242-overfit,domain-binding,REJECTED,refutation request/domain binding
stress-242-overfit,request-id,REJECTED,refutation request/domain binding
stress-242-overfit,extra-field,REJECTED,refutation certificate schema
stress-242-overfit,digest,REJECTED,refutation digest
stress-243-regression,input-bool,REJECTED,refutation input
stress-243-regression,input-outside,REJECTED,refutation input outside domain
stress-243-regression,obligation,REJECTED,refutation obligation
stress-243-regression,trace-type,REJECTED,refutation trace
stress-243-regression,trace-content,REJECTED,refutation trace mismatch
stress-243-regression,source-binding,REJECTED,refutation source binding
stress-243-regression,domain-binding,REJECTED,refutation request/domain binding
stress-243-regression,request-id,REJECTED,refutation request/domain binding
stress-243-regression,extra-field,REJECTED,refutation certificate schema
stress-243-regression,digest,REJECTED,refutation digest
stress-244-undefined,input-bool,REJECTED,refutation input
stress-244-undefined,input-outside,REJECTED,refutation input outside domain
stress-244-undefined,obligation,REJECTED,refutation obligation
stress-244-undefined,trace-type,REJECTED,refutation trace
stress-244-undefined,trace-content,REJECTED,refutation trace mismatch
stress-244-undefined,source-binding,REJECTED,refutation source binding
stress-244-undefined,domain-binding,REJECTED,refutation request/domain binding
stress-244-undefined,request-id,REJECTED,refutation request/domain binding
stress-244-undefined,extra-field,REJECTED,refutation certificate schema
stress-244-undefined,digest,REJECTED,refutation digest
stress-246-overfit,input-bool,REJECTED,refutation input
stress-246-overfit,input-outside,REJECTED,refutation input outside domain
stress-246-overfit,obligation,REJECTED,refutation obligation
stress-246-overfit,trace-type,REJECTED,refutation trace
stress-246-overfit,trace-content,REJECTED,refutation trace mismatch
stress-246-overfit,source-binding,REJECTED,refutation source binding
stress-246-overfit,domain-binding,REJECTED,refutation request/domain binding
stress-246-overfit,request-id,REJECTED,refutation request/domain binding
stress-246-overfit,extra-field,REJECTED,refutation certificate schema
stress-246-overfit,digest,REJECTED,refutation digest
stress-247-regression,input-bool,REJECTED,refutation input
stress-247-regression,input-outside,REJECTED,refutation input outside domain
stress-247-regression,obligation,REJECTED,refutation obligation
stress-247-regression,trace-type,REJECTED,refutation trace
stress-247-regression,trace-content,REJECTED,refutation trace mismatch
stress-247-regression,source-binding,REJECTED,refutation source binding
stress-247-regression,domain-binding,REJECTED,refutation request/domain binding
stress-247-regression,request-id,REJECTED,refutation request/domain binding
stress-247-regression,extra-field,REJECTED,refutation certificate schema
stress-247-regression,digest,REJECTED,refutation digest
stress-248-undefined,input-bool,REJECTED,refutation input
stress-248-undefined,input-outside,REJECTED,refutation input outside domain
stress-248-undefined,obligation,REJECTED,refutation obligation
stress-248-undefined,trace-type,REJECTED,refutation trace
stress-248-undefined,trace-content,REJECTED,refutation trace mismatch
stress-248-undefined,source-binding,REJECTED,refutation source binding
stress-248-undefined,domain-binding,REJECTED,refutation request/domain binding
stress-248-undefined,request-id,REJECTED,refutation request/domain binding
stress-248-undefined,extra-field,REJECTED,refutation certificate schema
stress-248-undefined,digest,REJECTED,refutation digest
stress-250-overfit,input-bool,REJECTED,refutation input
stress-250-overfit,input-outside,REJECTED,refutation input outside domain
stress-250-overfit,obligation,REJECTED,refutation obligation
stress-250-overfit,trace-type,REJECTED,refutation trace
stress-250-overfit,trace-content,REJECTED,refutation trace mismatch
stress-250-overfit,source-binding,REJECTED,refutation source binding
stress-250-overfit,domain-binding,REJECTED,refutation request/domain binding
stress-250-overfit,request-id,REJECTED,refutation request/domain binding
stress-250-overfit,extra-field,REJECTED,refutation certificate schema
stress-250-overfit,digest,REJECTED,refutation digest
stress-251-regression,input-bool,REJECTED,refutation input
stress-251-regression,input-outside,REJECTED,refutation input outside domain
stress-251-regression,obligation,REJECTED,refutation obligation
stress-251-regression,trace-type,REJECTED,refutation trace
stress-251-regression,trace-content,REJECTED,refutation trace mismatch
stress-251-regression,source-binding,REJECTED,refutation source binding
stress-251-regression,domain-binding,REJECTED,refutation request/domain binding
stress-251-regression,request-id,REJECTED,refutation request/domain binding
stress-251-regression,extra-field,REJECTED,refutation certificate schema
stress-251-regression,digest,REJECTED,refutation digest
stress-252-undefined,input-bool,REJECTED,refutation input
stress-252-undefined,input-outside,REJECTED,refutation input outside domain
stress-252-undefined,obligation,REJECTED,refutation obligation
stress-252-undefined,trace-type,REJECTED,refutation trace
stress-252-undefined,trace-content,REJECTED,refutation trace mismatch
stress-252-undefined,source-binding,REJECTED,refutation source binding
stress-252-undefined,domain-binding,REJECTED,refutation request/domain binding
stress-252-undefined,request-id,REJECTED,refutation request/domain binding
stress-252-undefined,extra-field,REJECTED,refutation certificate schema
stress-252-undefined,digest,REJECTED,refutation digest
stress-254-overfit,input-bool,REJECTED,refutation input
stress-254-overfit,input-outside,REJECTED,refutation input outside domain
stress-254-overfit,obligation,REJECTED,refutation obligation
stress-254-overfit,trace-type,REJECTED,refutation trace
stress-254-overfit,trace-content,REJECTED,refutation trace mismatch
stress-254-overfit,source-binding,REJECTED,refutation source binding
stress-254-overfit,domain-binding,REJECTED,refutation request/domain binding
stress-254-overfit,request-id,REJECTED,refutation request/domain binding
stress-254-overfit,extra-field,REJECTED,refutation certificate schema
stress-254-overfit,digest,REJECTED,refutation digest
stress-255-regression,input-bool,REJECTED,refutation input
stress-255-regression,input-outside,REJECTED,refutation input outside domain
stress-255-regression,obligation,REJECTED,refutation obligation
stress-255-regression,trace-type,REJECTED,refutation trace
stress-255-regression,trace-content,REJECTED,refutation trace mismatch
stress-255-regression,source-binding,REJECTED,refutation source binding
stress-255-regression,domain-binding,REJECTED,refutation request/domain binding
stress-255-regression,request-id,REJECTED,refutation request/domain binding
stress-255-regression,extra-field,REJECTED,refutation certificate schema
stress-255-regression,digest,REJECTED,refutation digest
stress-256-undefined,input-bool,REJECTED,refutation input
stress-256-undefined,input-outside,REJECTED,refutation input outside domain
stress-256-undefined,obligation,REJECTED,refutation obligation
stress-256-undefined,trace-type,REJECTED,refutation trace
stress-256-undefined,trace-content,REJECTED,refutation trace mismatch
stress-256-undefined,source-binding,REJECTED,refutation source binding
stress-256-undefined,domain-binding,REJECTED,refutation request/domain binding
stress-256-undefined,request-id,REJECTED,refutation request/domain binding
stress-256-undefined,extra-field,REJECTED,refutation certificate schema
stress-256-undefined,digest,REJECTED,refutation digest
stress-258-overfit,input-bool,REJECTED,refutation input
stress-258-overfit,input-outside,REJECTED,refutation input outside domain
stress-258-overfit,obligation,REJECTED,refutation obligation
stress-258-overfit,trace-type,REJECTED,refutation trace
stress-258-overfit,trace-content,REJECTED,refutation trace mismatch
stress-258-overfit,source-binding,REJECTED,refutation source binding
stress-258-overfit,domain-binding,REJECTED,refutation request/domain binding
stress-258-overfit,request-id,REJECTED,refutation request/domain binding
stress-258-overfit,extra-field,REJECTED,refutation certificate schema
stress-258-overfit,digest,REJECTED,refutation digest
stress-259-regression,input-bool,REJECTED,refutation input
stress-259-regression,input-outside,REJECTED,refutation input outside domain
stress-259-regression,obligation,REJECTED,refutation obligation
stress-259-regression,trace-type,REJECTED,refutation trace
stress-259-regression,trace-content,REJECTED,refutation trace mismatch
stress-259-regression,source-binding,REJECTED,refutation source binding
stress-259-regression,domain-binding,REJECTED,refutation request/domain binding
stress-259-regression,request-id,REJECTED,refutation request/domain binding
stress-259-regression,extra-field,REJECTED,refutation certificate schema
stress-259-regression,digest,REJECTED,refutation digest
stress-260-undefined,input-bool,REJECTED,refutation input
stress-260-undefined,input-outside,REJECTED,refutation input outside domain
stress-260-undefined,obligation,REJECTED,refutation obligation
stress-260-undefined,trace-type,REJECTED,refutation trace
stress-260-undefined,trace-content,REJECTED,refutation trace mismatch
stress-260-undefined,source-binding,REJECTED,refutation source binding
stress-260-undefined,domain-binding,REJECTED,refutation request/domain binding
stress-260-undefined,request-id,REJECTED,refutation request/domain binding
stress-260-undefined,extra-field,REJECTED,refutation certificate schema
stress-260-undefined,digest,REJECTED,refutation digest
stress-262-overfit,input-bool,REJECTED,refutation input
stress-262-overfit,input-outside,REJECTED,refutation input outside domain
stress-262-overfit,obligation,REJECTED,refutation obligation
stress-262-overfit,trace-type,REJECTED,refutation trace
stress-262-overfit,trace-content,REJECTED,refutation trace mismatch
stress-262-overfit,source-binding,REJECTED,refutation source binding
stress-262-overfit,domain-binding,REJECTED,refutation request/domain binding
stress-262-overfit,request-id,REJECTED,refutation request/domain binding
stress-262-overfit,extra-field,REJECTED,refutation certificate schema
stress-262-overfit,digest,REJECTED,refutation digest
stress-263-regression,input-bool,REJECTED,refutation input
stress-263-regression,input-outside,REJECTED,refutation input outside domain
stress-263-regression,obligation,REJECTED,refutation obligation
stress-263-regression,trace-type,REJECTED,refutation trace
stress-263-regression,trace-content,REJECTED,refutation trace mismatch
stress-263-regression,source-binding,REJECTED,refutation source binding
stress-263-regression,domain-binding,REJECTED,refutation request/domain binding
stress-263-regression,request-id,REJECTED,refutation request/domain binding
stress-263-regression,extra-field,REJECTED,refutation certificate schema
stress-263-regression,digest,REJECTED,refutation digest
stress-264-undefined,input-bool,REJECTED,refutation input
stress-264-undefined,input-outside,REJECTED,refutation input outside domain
stress-264-undefined,obligation,REJECTED,refutation obligation
stress-264-undefined,trace-type,REJECTED,refutation trace
stress-264-undefined,trace-content,REJECTED,refutation trace mismatch
stress-264-undefined,source-binding,REJECTED,refutation source binding
stress-264-undefined,domain-binding,REJECTED,refutation request/domain binding
stress-264-undefined,request-id,REJECTED,refutation request/domain binding
stress-264-undefined,extra-field,REJECTED,refutation certificate schema
stress-264-undefined,digest,REJECTED,refutation digest
stress-266-overfit,input-bool,REJECTED,refutation input
stress-266-overfit,input-outside,REJECTED,refutation input outside domain
stress-266-overfit,obligation,REJECTED,refutation obligation
stress-266-overfit,trace-type,REJECTED,refutation trace
stress-266-overfit,trace-content,REJECTED,refutation trace mismatch
stress-266-overfit,source-binding,REJECTED,refutation source binding
stress-266-overfit,domain-binding,REJECTED,refutation request/domain binding
stress-266-overfit,request-id,REJECTED,refutation request/domain binding
stress-266-overfit,extra-field,REJECTED,refutation certificate schema
stress-266-overfit,digest,REJECTED,refutation digest
stress-267-regression,input-bool,REJECTED,refutation input
stress-267-regression,input-outside,REJECTED,refutation input outside domain
stress-267-regression,obligation,REJECTED,refutation obligation
stress-267-regression,trace-type,REJECTED,refutation trace
stress-267-regression,trace-content,REJECTED,refutation trace mismatch
stress-267-regression,source-binding,REJECTED,refutation source binding
stress-267-regression,domain-binding,REJECTED,refutation request/domain binding
stress-267-regression,request-id,REJECTED,refutation request/domain binding
stress-267-regression,extra-field,REJECTED,refutation certificate schema
stress-267-regression,digest,REJECTED,refutation digest
stress-268-undefined,input-bool,REJECTED,refutation input
stress-268-undefined,input-outside,REJECTED,refutation input outside domain
stress-268-undefined,obligation,REJECTED,refutation obligation
stress-268-undefined,trace-type,REJECTED,refutation trace
stress-268-undefined,trace-content,REJECTED,refutation trace mismatch
stress-268-undefined,source-binding,REJECTED,refutation source binding
stress-268-undefined,domain-binding,REJECTED,refutation request/domain binding
stress-268-undefined,request-id,REJECTED,refutation request/domain binding
stress-268-undefined,extra-field,REJECTED,refutation certificate schema
stress-268-undefined,digest,REJECTED,refutation digest
stress-270-overfit,input-bool,REJECTED,refutation input
stress-270-overfit,input-outside,REJECTED,refutation input outside domain
stress-270-overfit,obligation,REJECTED,refutation obligation
stress-270-overfit,trace-type,REJECTED,refutation trace
stress-270-overfit,trace-content,REJECTED,refutation trace mismatch
stress-270-overfit,source-binding,REJECTED,refutation source binding
stress-270-overfit,domain-binding,REJECTED,refutation request/domain binding
stress-270-overfit,request-id,REJECTED,refutation request/domain binding
stress-270-overfit,extra-field,REJECTED,refutation certificate schema
stress-270-overfit,digest,REJECTED,refutation digest
stress-271-regression,input-bool,REJECTED,refutation input
stress-271-regression,input-outside,REJECTED,refutation input outside domain
stress-271-regression,obligation,REJECTED,refutation obligation
stress-271-regression,trace-type,REJECTED,refutation trace
stress-271-regression,trace-content,REJECTED,refutation trace mismatch
stress-271-regression,source-binding,REJECTED,refutation source binding
stress-271-regression,domain-binding,REJECTED,refutation request/domain binding
stress-271-regression,request-id,REJECTED,refutation request/domain binding
stress-271-regression,extra-field,REJECTED,refutation certificate schema
stress-271-regression,digest,REJECTED,refutation digest
stress-272-undefined,input-bool,REJECTED,refutation input
stress-272-undefined,input-outside,REJECTED,refutation input outside domain
stress-272-undefined,obligation,REJECTED,refutation obligation
stress-272-undefined,trace-type,REJECTED,refutation trace
stress-272-undefined,trace-content,REJECTED,refutation trace mismatch
stress-272-undefined,source-binding,REJECTED,refutation source binding
stress-272-undefined,domain-binding,REJECTED,refutation request/domain binding
stress-272-undefined,request-id,REJECTED,refutation request/domain binding
stress-272-undefined,extra-field,REJECTED,refutation certificate schema
stress-272-undefined,digest,REJECTED,refutation digest
stress-274-overfit,input-bool,REJECTED,refutation input
stress-274-overfit,input-outside,REJECTED,refutation input outside domain
stress-274-overfit,obligation,REJECTED,refutation obligation
stress-274-overfit,trace-type,REJECTED,refutation trace
stress-274-overfit,trace-content,REJECTED,refutation trace mismatch
stress-274-overfit,source-binding,REJECTED,refutation source binding
stress-274-overfit,domain-binding,REJECTED,refutation request/domain binding
stress-274-overfit,request-id,REJECTED,refutation request/domain binding
stress-274-overfit,extra-field,REJECTED,refutation certificate schema
stress-274-overfit,digest,REJECTED,refutation digest
stress-275-regression,input-bool,REJECTED,refutation input
stress-275-regression,input-outside,REJECTED,refutation input outside domain
stress-275-regression,obligation,REJECTED,refutation obligation
stress-275-regression,trace-type,REJECTED,refutation trace
stress-275-regression,trace-content,REJECTED,refutation trace mismatch
stress-275-regression,source-binding,REJECTED,refutation source binding
stress-275-regression,domain-binding,REJECTED,refutation request/domain binding
stress-275-regression,request-id,REJECTED,refutation request/domain binding
stress-275-regression,extra-field,REJECTED,refutation certificate schema
stress-275-regression,digest,REJECTED,refutation digest
stress-276-undefined,input-bool,REJECTED,refutation input
stress-276-undefined,input-outside,REJECTED,refutation input outside domain
stress-276-undefined,obligation,REJECTED,refutation obligation
stress-276-undefined,trace-type,REJECTED,refutation trace
stress-276-undefined,trace-content,REJECTED,refutation trace mismatch
stress-276-undefined,source-binding,REJECTED,refutation source binding
stress-276-undefined,domain-binding,REJECTED,refutation request/domain binding
stress-276-undefined,request-id,REJECTED,refutation request/domain binding
stress-276-undefined,extra-field,REJECTED,refutation certificate schema
stress-276-undefined,digest,REJECTED,refutation digest
stress-278-overfit,input-bool,REJECTED,refutation input
stress-278-overfit,input-outside,REJECTED,refutation input outside domain
stress-278-overfit,obligation,REJECTED,refutation obligation
stress-278-overfit,trace-type,REJECTED,refutation trace
stress-278-overfit,trace-content,REJECTED,refutation trace mismatch
stress-278-overfit,source-binding,REJECTED,refutation source binding
stress-278-overfit,domain-binding,REJECTED,refutation request/domain binding
stress-278-overfit,request-id,REJECTED,refutation request/domain binding
stress-278-overfit,extra-field,REJECTED,refutation certificate schema
stress-278-overfit,digest,REJECTED,refutation digest
stress-279-regression,input-bool,REJECTED,refutation input
stress-279-regression,input-outside,REJECTED,refutation input outside domain
stress-279-regression,obligation,REJECTED,refutation obligation
stress-279-regression,trace-type,REJECTED,refutation trace
stress-279-regression,trace-content,REJECTED,refutation trace mismatch
stress-279-regression,source-binding,REJECTED,refutation source binding
stress-279-regression,domain-binding,REJECTED,refutation request/domain binding
stress-279-regression,request-id,REJECTED,refutation request/domain binding
stress-279-regression,extra-field,REJECTED,refutation certificate schema
stress-279-regression,digest,REJECTED,refutation digest
stress-280-undefined,input-bool,REJECTED,refutation input
stress-280-undefined,input-outside,REJECTED,refutation input outside domain
stress-280-undefined,obligation,REJECTED,refutation obligation
stress-280-undefined,trace-type,REJECTED,refutation trace
stress-280-undefined,trace-content,REJECTED,refutation trace mismatch
stress-280-undefined,source-binding,REJECTED,refutation source binding
stress-280-undefined,domain-binding,REJECTED,refutation request/domain binding
stress-280-undefined,request-id,REJECTED,refutation request/domain binding
stress-280-undefined,extra-field,REJECTED,refutation certificate schema
stress-280-undefined,digest,REJECTED,refutation digest
stress-282-overfit,input-bool,REJECTED,refutation input
stress-282-overfit,input-outside,REJECTED,refutation input outside domain
stress-282-overfit,obligation,REJECTED,refutation obligation
stress-282-overfit,trace-type,REJECTED,refutation trace
stress-282-overfit,trace-content,REJECTED,refutation trace mismatch
stress-282-overfit,source-binding,REJECTED,refutation source binding
stress-282-overfit,domain-binding,REJECTED,refutation request/domain binding
stress-282-overfit,request-id,REJECTED,refutation request/domain binding
stress-282-overfit,extra-field,REJECTED,refutation certificate schema
stress-282-overfit,digest,REJECTED,refutation digest
stress-283-regression,input-bool,REJECTED,refutation input
stress-283-regression,input-outside,REJECTED,refutation input outside domain
stress-283-regression,obligation,REJECTED,refutation obligation
stress-283-regression,trace-type,REJECTED,refutation trace
stress-283-regression,trace-content,REJECTED,refutation trace mismatch
stress-283-regression,source-binding,REJECTED,refutation source binding
stress-283-regression,domain-binding,REJECTED,refutation request/domain binding
stress-283-regression,request-id,REJECTED,refutation request/domain binding
stress-283-regression,extra-field,REJECTED,refutation certificate schema
stress-283-regression,digest,REJECTED,refutation digest
stress-284-undefined,input-bool,REJECTED,refutation input
stress-284-undefined,input-outside,REJECTED,refutation input outside domain
stress-284-undefined,obligation,REJECTED,refutation obligation
stress-284-undefined,trace-type,REJECTED,refutation trace
stress-284-undefined,trace-content,REJECTED,refutation trace mismatch
stress-284-undefined,source-binding,REJECTED,refutation source binding
stress-284-undefined,domain-binding,REJECTED,refutation request/domain binding
stress-284-undefined,request-id,REJECTED,refutation request/domain binding
stress-284-undefined,extra-field,REJECTED,refutation certificate schema
stress-284-undefined,digest,REJECTED,refutation digest
stress-286-overfit,input-bool,REJECTED,refutation input
stress-286-overfit,input-outside,REJECTED,refutation input outside domain
stress-286-overfit,obligation,REJECTED,refutation obligation
stress-286-overfit,trace-type,REJECTED,refutation trace
stress-286-overfit,trace-content,REJECTED,refutation trace mismatch
stress-286-overfit,source-binding,REJECTED,refutation source binding
stress-286-overfit,domain-binding,REJECTED,refutation request/domain binding
stress-286-overfit,request-id,REJECTED,refutation request/domain binding
stress-286-overfit,extra-field,REJECTED,refutation certificate schema
stress-286-overfit,digest,REJECTED,refutation digest
stress-287-regression,input-bool,REJECTED,refutation input
stress-287-regression,input-outside,REJECTED,refutation input outside domain
stress-287-regression,obligation,REJECTED,refutation obligation
stress-287-regression,trace-type,REJECTED,refutation trace
stress-287-regression,trace-content,REJECTED,refutation trace mismatch
stress-287-regression,source-binding,REJECTED,refutation source binding
stress-287-regression,domain-binding,REJECTED,refutation request/domain binding
stress-287-regression,request-id,REJECTED,refutation request/domain binding
stress-287-regression,extra-field,REJECTED,refutation certificate schema
stress-287-regression,digest,REJECTED,refutation digest
stress-288-undefined,input-bool,REJECTED,refutation input
stress-288-undefined,input-outside,REJECTED,refutation input outside domain
stress-288-undefined,obligation,REJECTED,refutation obligation
stress-288-undefined,trace-type,REJECTED,refutation trace
stress-288-undefined,trace-content,REJECTED,refutation trace mismatch
stress-288-undefined,source-binding,REJECTED,refutation source binding
stress-288-undefined,domain-binding,REJECTED,refutation request/domain binding
stress-288-undefined,request-id,REJECTED,refutation request/domain binding
stress-288-undefined,extra-field,REJECTED,refutation certificate schema
stress-288-undefined,digest,REJECTED,refutation digest
stress-290-overfit,input-bool,REJECTED,refutation input
stress-290-overfit,input-outside,REJECTED,refutation input outside domain
stress-290-overfit,obligation,REJECTED,refutation obligation
stress-290-overfit,trace-type,REJECTED,refutation trace
stress-290-overfit,trace-content,REJECTED,refutation trace mismatch
stress-290-overfit,source-binding,REJECTED,refutation source binding
stress-290-overfit,domain-binding,REJECTED,refutation request/domain binding
stress-290-overfit,request-id,REJECTED,refutation request/domain binding
stress-290-overfit,extra-field,REJECTED,refutation certificate schema
stress-290-overfit,digest,REJECTED,refutation digest
stress-291-regression,input-bool,REJECTED,refutation input
stress-291-regression,input-outside,REJECTED,refutation input outside domain
stress-291-regression,obligation,REJECTED,refutation obligation
stress-291-regression,trace-type,REJECTED,refutation trace
stress-291-regression,trace-content,REJECTED,refutation trace mismatch
stress-291-regression,source-binding,REJECTED,refutation source binding
stress-291-regression,domain-binding,REJECTED,refutation request/domain binding
stress-291-regression,request-id,REJECTED,refutation request/domain binding
stress-291-regression,extra-field,REJECTED,refutation certificate schema
stress-291-regression,digest,REJECTED,refutation digest
stress-292-undefined,input-bool,REJECTED,refutation input
stress-292-undefined,input-outside,REJECTED,refutation input outside domain
stress-292-undefined,obligation,REJECTED,refutation obligation
stress-292-undefined,trace-type,REJECTED,refutation trace
stress-292-undefined,trace-content,REJECTED,refutation trace mismatch
stress-292-undefined,source-binding,REJECTED,refutation source binding
stress-292-undefined,domain-binding,REJECTED,refutation request/domain binding
stress-292-undefined,request-id,REJECTED,refutation request/domain binding
stress-292-undefined,extra-field,REJECTED,refutation certificate schema
stress-292-undefined,digest,REJECTED,refutation digest
stress-294-overfit,input-bool,REJECTED,refutation input
stress-294-overfit,input-outside,REJECTED,refutation input outside domain
stress-294-overfit,obligation,REJECTED,refutation obligation
stress-294-overfit,trace-type,REJECTED,refutation trace
stress-294-overfit,trace-content,REJECTED,refutation trace mismatch
stress-294-overfit,source-binding,REJECTED,refutation source binding
stress-294-overfit,domain-binding,REJECTED,refutation request/domain binding
stress-294-overfit,request-id,REJECTED,refutation request/domain binding
stress-294-overfit,extra-field,REJECTED,refutation certificate schema
stress-294-overfit,digest,REJECTED,refutation digest
stress-295-regression,input-bool,REJECTED,refutation input
stress-295-regression,input-outside,REJECTED,refutation input outside domain
stress-295-regression,obligation,REJECTED,refutation obligation
stress-295-regression,trace-type,REJECTED,refutation trace
stress-295-regression,trace-content,REJECTED,refutation trace mismatch
stress-295-regression,source-binding,REJECTED,refutation source binding
stress-295-regression,domain-binding,REJECTED,refutation request/domain binding
stress-295-regression,request-id,REJECTED,refutation request/domain binding
stress-295-regression,extra-field,REJECTED,refutation certificate schema
stress-295-regression,digest,REJECTED,refutation digest
stress-296-undefined,input-bool,REJECTED,refutation input
stress-296-undefined,input-outside,REJECTED,refutation input outside domain
stress-296-undefined,obligation,REJECTED,refutation obligation
stress-296-undefined,trace-type,REJECTED,refutation trace
stress-296-undefined,trace-content,REJECTED,refutation trace mismatch
stress-296-undefined,source-binding,REJECTED,refutation source binding
stress-296-undefined,domain-binding,REJECTED,refutation request/domain binding
stress-296-undefined,request-id,REJECTED,refutation request/domain binding
stress-296-undefined,extra-field,REJECTED,refutation certificate schema
stress-296-undefined,digest,REJECTED,refutation digest
stress-298-overfit,input-bool,REJECTED,refutation input
stress-298-overfit,input-outside,REJECTED,refutation input outside domain
stress-298-overfit,obligation,REJECTED,refutation obligation
stress-298-overfit,trace-type,REJECTED,refutation trace
stress-298-overfit,trace-content,REJECTED,refutation trace mismatch
stress-298-overfit,source-binding,REJECTED,refutation source binding
stress-298-overfit,domain-binding,REJECTED,refutation request/domain binding
stress-298-overfit,request-id,REJECTED,refutation request/domain binding
stress-298-overfit,extra-field,REJECTED,refutation certificate schema
stress-298-overfit,digest,REJECTED,refutation digest
stress-299-regression,input-bool,REJECTED,refutation input
stress-299-regression,input-outside,REJECTED,refutation input outside domain
stress-299-regression,obligation,REJECTED,refutation obligation
stress-299-regression,trace-type,REJECTED,refutation trace
stress-299-regression,trace-content,REJECTED,refutation trace mismatch
stress-299-regression,source-binding,REJECTED,refutation source binding
stress-299-regression,domain-binding,REJECTED,refutation request/domain binding
stress-299-regression,request-id,REJECTED,refutation request/domain binding
stress-299-regression,extra-field,REJECTED,refutation certificate schema
stress-299-regression,digest,REJECTED,refutation digest
stress-300-undefined,input-bool,REJECTED,refutation input
stress-300-undefined,input-outside,REJECTED,refutation input outside domain
stress-300-undefined,obligation,REJECTED,refutation obligation
stress-300-undefined,trace-type,REJECTED,refutation trace
stress-300-undefined,trace-content,REJECTED,refutation trace mismatch
stress-300-undefined,source-binding,REJECTED,refutation source binding
stress-300-undefined,domain-binding,REJECTED,refutation request/domain binding
stress-300-undefined,request-id,REJECTED,refutation request/domain binding
stress-300-undefined,extra-field,REJECTED,refutation certificate schema
stress-300-undefined,digest,REJECTED,refutation digest
