id,repeat,mutation,status,reason
fixture-01-correct,0,vector,REJECTED,node 3 cell 1 mismatch
fixture-01-correct,0,topology-op,REJECTED,node 8 topology
fixture-01-correct,0,topology-child,REJECTED,node 8 topology
fixture-01-correct,0,source-original,REJECTED,source binding
fixture-01-correct,0,source-candidate,REJECTED,source binding
fixture-01-correct,0,source-reference,REJECTED,source binding
fixture-01-correct,0,source-repair_guard,REJECTED,source binding
fixture-01-correct,0,root-defined,REJECTED,root binding
fixture-01-correct,0,root-repair,REJECTED,root binding
fixture-01-correct,0,root-preserve,REJECTED,root binding
fixture-01-correct,0,guard-root,REJECTED,root binding
fixture-01-correct,0,role-output,REJECTED,root binding
fixture-01-correct,0,role-defined,REJECTED,root binding
fixture-01-correct,0,trace-site,REJECTED,root binding
fixture-01-correct,0,trace-reachable,REJECTED,root binding
fixture-01-correct,0,trace-guard,REJECTED,root binding
fixture-01-correct,0,vector-length,REJECTED,node 1 vector length
fixture-01-correct,0,vector-type,REJECTED,node 1 sort
fixture-01-correct,0,node-sort,REJECTED,node 3 topology
fixture-01-correct,0,node-id,REJECTED,node 3 topology
fixture-01-correct,0,node-data,REJECTED,node 1 topology
fixture-01-correct,0,node-extra-field,REJECTED,node 1 schema
fixture-01-correct,0,node-missing-field,REJECTED,node 3 schema
fixture-01-correct,0,node-count,REJECTED,node count
fixture-01-correct,0,point-order,REJECTED,request/domain binding
fixture-01-correct,0,point-value,REJECTED,request/domain binding
fixture-01-correct,0,domain-binding,REJECTED,request/domain binding
fixture-01-correct,0,request-id,REJECTED,request/domain binding
fixture-01-correct,0,extra-top-field,REJECTED,certificate schema
fixture-01-correct,0,certificate-digest,REJECTED,certificate digest
fixture-01-correct,1,vector,REJECTED,node 2 cell 17 mismatch
fixture-01-correct,1,topology-op,REJECTED,node 17 topology
fixture-01-correct,1,topology-child,REJECTED,node 17 topology
fixture-01-correct,1,source-original,REJECTED,source binding
fixture-01-correct,1,source-candidate,REJECTED,source binding
fixture-01-correct,1,source-reference,REJECTED,source binding
fixture-01-correct,1,source-repair_guard,REJECTED,source binding
fixture-01-correct,1,root-defined,REJECTED,root binding
fixture-01-correct,1,root-repair,REJECTED,root binding
fixture-01-correct,1,root-preserve,REJECTED,root binding
fixture-01-correct,1,guard-root,REJECTED,root binding
fixture-01-correct,1,role-output,REJECTED,root binding
fixture-01-correct,1,role-defined,REJECTED,root binding
fixture-01-correct,1,trace-site,REJECTED,root binding
fixture-01-correct,1,trace-reachable,REJECTED,root binding
fixture-01-correct,1,trace-guard,REJECTED,root binding
fixture-01-correct,1,vector-length,REJECTED,node 2 vector length
fixture-01-correct,1,vector-type,REJECTED,node 22 sort
fixture-01-correct,1,node-sort,REJECTED,node 12 topology
fixture-01-correct,1,node-id,REJECTED,node 12 topology
fixture-01-correct,1,node-data,REJECTED,node 16 topology
fixture-01-correct,1,node-extra-field,REJECTED,node 2 schema
fixture-01-correct,1,node-missing-field,REJECTED,node 12 schema
fixture-01-correct,1,node-count,REJECTED,node count
fixture-01-correct,1,point-order,REJECTED,request/domain binding
fixture-01-correct,1,point-value,REJECTED,request/domain binding
fixture-01-correct,1,domain-binding,REJECTED,request/domain binding
fixture-01-correct,1,request-id,REJECTED,request/domain binding
fixture-01-correct,1,extra-top-field,REJECTED,certificate schema
fixture-01-correct,1,certificate-digest,REJECTED,certificate digest
fixture-01-correct,2,vector,REJECTED,node 19 cell 33 mismatch
fixture-01-correct,2,topology-op,REJECTED,node 6 topology
fixture-01-correct,2,topology-child,REJECTED,node 6 topology
fixture-01-correct,2,source-original,REJECTED,source binding
fixture-01-correct,2,source-candidate,REJECTED,source binding
fixture-01-correct,2,source-reference,REJECTED,source binding
fixture-01-correct,2,source-repair_guard,REJECTED,source binding
fixture-01-correct,2,root-defined,REJECTED,root binding
fixture-01-correct,2,root-repair,REJECTED,root binding
fixture-01-correct,2,root-preserve,REJECTED,root binding
fixture-01-correct,2,guard-root,REJECTED,root binding
fixture-01-correct,2,role-output,REJECTED,root binding
fixture-01-correct,2,role-defined,REJECTED,root binding
fixture-01-correct,2,trace-site,REJECTED,root binding
fixture-01-correct,2,trace-reachable,REJECTED,root binding
fixture-01-correct,2,trace-guard,REJECTED,root binding
fixture-01-correct,2,vector-length,REJECTED,node 3 vector length
fixture-01-correct,2,vector-type,REJECTED,node 15 sort
fixture-01-correct,2,node-sort,REJECTED,node 21 topology
fixture-01-correct,2,node-id,REJECTED,node 21 topology
fixture-01-correct,2,node-data,REJECTED,node 7 topology
fixture-01-correct,2,node-extra-field,REJECTED,node 3 schema
fixture-01-correct,2,node-missing-field,REJECTED,node 21 schema
fixture-01-correct,2,node-count,REJECTED,node count
fixture-01-correct,2,point-order,REJECTED,request/domain binding
fixture-01-correct,2,point-value,REJECTED,request/domain binding
fixture-01-correct,2,domain-binding,REJECTED,request/domain binding
fixture-01-correct,2,request-id,REJECTED,request/domain binding
fixture-01-correct,2,extra-top-field,REJECTED,certificate schema
fixture-01-correct,2,certificate-digest,REJECTED,certificate digest
fixture-01-correct,3,vector,REJECTED,node 18 cell 49 mismatch
fixture-01-correct,3,topology-op,REJECTED,node 15 topology
fixture-01-correct,3,topology-child,REJECTED,node 15 topology
fixture-01-correct,3,source-original,REJECTED,source binding
fixture-01-correct,3,source-candidate,REJECTED,source binding
fixture-01-correct,3,source-reference,REJECTED,source binding
fixture-01-correct,3,source-repair_guard,REJECTED,source binding
fixture-01-correct,3,root-defined,REJECTED,root binding
fixture-01-correct,3,root-repair,REJECTED,root binding
fixture-01-correct,3,root-preserve,REJECTED,root binding
fixture-01-correct,3,guard-root,REJECTED,root binding
fixture-01-correct,3,role-output,REJECTED,root binding
fixture-01-correct,3,role-defined,REJECTED,root binding
fixture-01-correct,3,trace-site,REJECTED,root binding
fixture-01-correct,3,trace-reachable,REJECTED,root binding
fixture-01-correct,3,trace-guard,REJECTED,root binding
fixture-01-correct,3,vector-length,REJECTED,node 4 vector length
fixture-01-correct,3,vector-type,REJECTED,node 8 sort
fixture-01-correct,3,node-sort,REJECTED,node 8 topology
fixture-01-correct,3,node-id,REJECTED,node 8 topology
fixture-01-correct,3,node-data,REJECTED,node 4 topology
fixture-01-correct,3,node-extra-field,REJECTED,node 4 schema
fixture-01-correct,3,node-missing-field,REJECTED,node 8 schema
fixture-01-correct,3,node-count,REJECTED,node count
fixture-01-correct,3,point-order,REJECTED,request/domain binding
fixture-01-correct,3,point-value,REJECTED,request/domain binding
fixture-01-correct,3,domain-binding,REJECTED,request/domain binding
fixture-01-correct,3,request-id,REJECTED,request/domain binding
fixture-01-correct,3,extra-top-field,REJECTED,certificate schema
fixture-01-correct,3,certificate-digest,REJECTED,certificate digest
fixture-01-correct,4,vector,REJECTED,node 17 cell 65 mismatch
fixture-01-correct,4,topology-op,REJECTED,node 23 topology
fixture-01-correct,4,topology-child,REJECTED,node 23 topology
fixture-01-correct,4,source-original,REJECTED,source binding
fixture-01-correct,4,source-candidate,REJECTED,source binding
fixture-01-correct,4,source-reference,REJECTED,source binding
fixture-01-correct,4,source-repair_guard,REJECTED,source binding
fixture-01-correct,4,root-defined,REJECTED,root binding
fixture-01-correct,4,root-repair,REJECTED,root binding
fixture-01-correct,4,root-preserve,REJECTED,root binding
fixture-01-correct,4,guard-root,REJECTED,root binding
fixture-01-correct,4,role-output,REJECTED,root binding
fixture-01-correct,4,role-defined,REJECTED,root binding
fixture-01-correct,4,trace-site,REJECTED,root binding
fixture-01-correct,4,trace-reachable,REJECTED,root binding
fixture-01-correct,4,trace-guard,REJECTED,root binding
fixture-01-correct,4,vector-length,REJECTED,node 5 vector length
fixture-01-correct,4,vector-type,REJECTED,node 23 sort
fixture-01-correct,4,node-sort,REJECTED,node 17 topology
fixture-01-correct,4,node-id,REJECTED,node 17 topology
fixture-01-correct,4,node-data,REJECTED,node 2 topology
fixture-01-correct,4,node-extra-field,REJECTED,node 5 schema
fixture-01-correct,4,node-missing-field,REJECTED,node 17 schema
fixture-01-correct,4,node-count,REJECTED,node count
fixture-01-correct,4,point-order,REJECTED,request/domain binding
fixture-01-correct,4,point-value,REJECTED,request/domain binding
fixture-01-correct,4,domain-binding,REJECTED,request/domain binding
fixture-01-correct,4,request-id,REJECTED,request/domain binding
fixture-01-correct,4,extra-top-field,REJECTED,certificate schema
fixture-01-correct,4,certificate-digest,REJECTED,certificate digest
fixture-01-correct,5,vector,REJECTED,node 16 cell 0 mismatch
fixture-01-correct,5,topology-op,REJECTED,node 14 topology
fixture-01-correct,5,topology-child,REJECTED,node 14 topology
fixture-01-correct,5,source-original,REJECTED,source binding
fixture-01-correct,5,source-candidate,REJECTED,source binding
fixture-01-correct,5,source-reference,REJECTED,source binding
fixture-01-correct,5,source-repair_guard,REJECTED,source binding
fixture-01-correct,5,root-defined,REJECTED,root binding
fixture-01-correct,5,root-repair,REJECTED,root binding
fixture-01-correct,5,root-preserve,REJECTED,root binding
fixture-01-correct,5,guard-root,REJECTED,root binding
fixture-01-correct,5,role-output,REJECTED,root binding
fixture-01-correct,5,role-defined,REJECTED,root binding
fixture-01-correct,5,trace-site,REJECTED,root binding
fixture-01-correct,5,trace-reachable,REJECTED,root binding
fixture-01-correct,5,trace-guard,REJECTED,root binding
fixture-01-correct,5,vector-length,REJECTED,node 6 vector length
fixture-01-correct,5,vector-type,REJECTED,node 20 sort
fixture-01-correct,5,node-sort,REJECTED,node 4 topology
fixture-01-correct,5,node-id,REJECTED,node 4 topology
fixture-01-correct,5,node-data,REJECTED,node 0 topology
fixture-01-correct,5,node-extra-field,REJECTED,node 6 schema
fixture-01-correct,5,node-missing-field,REJECTED,node 4 schema
fixture-01-correct,5,node-count,REJECTED,node count
fixture-01-correct,5,point-order,REJECTED,request/domain binding
fixture-01-correct,5,point-value,REJECTED,request/domain binding
fixture-01-correct,5,domain-binding,REJECTED,request/domain binding
fixture-01-correct,5,request-id,REJECTED,request/domain binding
fixture-01-correct,5,extra-top-field,REJECTED,certificate schema
fixture-01-correct,5,certificate-digest,REJECTED,certificate digest
fixture-01-correct,6,vector,REJECTED,node 14 cell 16 mismatch
fixture-01-correct,6,topology-op,REJECTED,node 22 topology
fixture-01-correct,6,topology-child,REJECTED,node 22 topology
fixture-01-correct,6,source-original,REJECTED,source binding
fixture-01-correct,6,source-candidate,REJECTED,source binding
fixture-01-correct,6,source-reference,REJECTED,source binding
fixture-01-correct,6,source-repair_guard,REJECTED,source binding
fixture-01-correct,6,root-defined,REJECTED,root binding
fixture-01-correct,6,root-repair,REJECTED,root binding
fixture-01-correct,6,root-preserve,REJECTED,root binding
fixture-01-correct,6,guard-root,REJECTED,root binding
fixture-01-correct,6,role-output,REJECTED,root binding
fixture-01-correct,6,role-defined,REJECTED,root binding
fixture-01-correct,6,trace-site,REJECTED,root binding
fixture-01-correct,6,trace-reachable,REJECTED,root binding
fixture-01-correct,6,trace-guard,REJECTED,root binding
fixture-01-correct,6,vector-length,REJECTED,node 7 vector length
fixture-01-correct,6,vector-type,REJECTED,node 11 sort
fixture-01-correct,6,node-sort,REJECTED,node 13 topology
fixture-01-correct,6,node-id,REJECTED,node 13 topology
fixture-01-correct,6,node-data,REJECTED,node 9 topology
fixture-01-correct,6,node-extra-field,REJECTED,node 7 schema
fixture-01-correct,6,node-missing-field,REJECTED,node 13 schema
fixture-01-correct,6,node-count,REJECTED,node count
fixture-01-correct,6,point-order,REJECTED,request/domain binding
fixture-01-correct,6,point-value,REJECTED,request/domain binding
fixture-01-correct,6,domain-binding,REJECTED,request/domain binding
fixture-01-correct,6,request-id,REJECTED,request/domain binding
fixture-01-correct,6,extra-top-field,REJECTED,certificate schema
fixture-01-correct,6,certificate-digest,REJECTED,certificate digest
fixture-01-correct,7,vector,REJECTED,node 12 cell 32 mismatch
fixture-01-correct,7,topology-op,REJECTED,node 13 topology
fixture-01-correct,7,topology-child,REJECTED,node 13 topology
fixture-01-correct,7,source-original,REJECTED,source binding
fixture-01-correct,7,source-candidate,REJECTED,source binding
fixture-01-correct,7,source-reference,REJECTED,source binding
fixture-01-correct,7,source-repair_guard,REJECTED,source binding
fixture-01-correct,7,root-defined,REJECTED,root binding
fixture-01-correct,7,root-repair,REJECTED,root binding
fixture-01-correct,7,root-preserve,REJECTED,root binding
fixture-01-correct,7,guard-root,REJECTED,root binding
fixture-01-correct,7,role-output,REJECTED,root binding
fixture-01-correct,7,role-defined,REJECTED,root binding
fixture-01-correct,7,trace-site,REJECTED,root binding
fixture-01-correct,7,trace-reachable,REJECTED,root binding
fixture-01-correct,7,trace-guard,REJECTED,root binding
fixture-01-correct,7,vector-length,REJECTED,node 8 vector length
fixture-01-correct,7,vector-type,REJECTED,node 0 sort
fixture-01-correct,7,node-sort,REJECTED,node 22 topology
fixture-01-correct,7,node-id,REJECTED,node 22 topology
fixture-01-correct,7,node-data,REJECTED,node 5 topology
fixture-01-correct,7,node-extra-field,REJECTED,node 8 schema
fixture-01-correct,7,node-missing-field,REJECTED,node 22 schema
fixture-01-correct,7,node-count,REJECTED,node count
fixture-01-correct,7,point-order,REJECTED,request/domain binding
fixture-01-correct,7,point-value,REJECTED,request/domain binding
fixture-01-correct,7,domain-binding,REJECTED,request/domain binding
fixture-01-correct,7,request-id,REJECTED,request/domain binding
fixture-01-correct,7,extra-top-field,REJECTED,certificate schema
fixture-01-correct,7,certificate-digest,REJECTED,certificate digest
fixture-01-correct,8,vector,REJECTED,node 10 cell 48 mismatch
fixture-01-correct,8,topology-op,REJECTED,node 21 topology
fixture-01-correct,8,topology-child,REJECTED,node 21 topology
fixture-01-correct,8,source-original,REJECTED,source binding
fixture-01-correct,8,source-candidate,REJECTED,source binding
fixture-01-correct,8,source-reference,REJECTED,source binding
fixture-01-correct,8,source-repair_guard,REJECTED,source binding
fixture-01-correct,8,root-defined,REJECTED,root binding
fixture-01-correct,8,root-repair,REJECTED,root binding
fixture-01-correct,8,root-preserve,REJECTED,root binding
fixture-01-correct,8,guard-root,REJECTED,root binding
fixture-01-correct,8,role-output,REJECTED,root binding
fixture-01-correct,8,role-defined,REJECTED,root binding
fixture-01-correct,8,trace-site,REJECTED,root binding
fixture-01-correct,8,trace-reachable,REJECTED,root binding
fixture-01-correct,8,trace-guard,REJECTED,root binding
fixture-01-correct,8,vector-length,REJECTED,node 9 vector length
fixture-01-correct,8,vector-type,REJECTED,node 21 sort
fixture-01-correct,8,node-sort,REJECTED,node 9 topology
fixture-01-correct,8,node-id,REJECTED,node 9 topology
fixture-01-correct,8,node-data,REJECTED,node 3 topology
fixture-01-correct,8,node-extra-field,REJECTED,node 9 schema
fixture-01-correct,8,node-missing-field,REJECTED,node 9 schema
fixture-01-correct,8,node-count,REJECTED,node count
fixture-01-correct,8,point-order,REJECTED,request/domain binding
fixture-01-correct,8,point-value,REJECTED,request/domain binding
fixture-01-correct,8,domain-binding,REJECTED,request/domain binding
fixture-01-correct,8,request-id,REJECTED,request/domain binding
fixture-01-correct,8,extra-top-field,REJECTED,certificate schema
fixture-01-correct,8,certificate-digest,REJECTED,certificate digest
fixture-01-correct,9,vector,REJECTED,node 9 cell 64 mismatch
fixture-01-correct,9,topology-op,REJECTED,node 12 topology
fixture-01-correct,9,topology-child,REJECTED,node 12 topology
fixture-01-correct,9,source-original,REJECTED,source binding
fixture-01-correct,9,source-candidate,REJECTED,source binding
fixture-01-correct,9,source-reference,REJECTED,source binding
fixture-01-correct,9,source-repair_guard,REJECTED,source binding
fixture-01-correct,9,root-defined,REJECTED,root binding
fixture-01-correct,9,root-repair,REJECTED,root binding
fixture-01-correct,9,root-preserve,REJECTED,root binding
fixture-01-correct,9,guard-root,REJECTED,root binding
fixture-01-correct,9,role-output,REJECTED,root binding
fixture-01-correct,9,role-defined,REJECTED,root binding
fixture-01-correct,9,trace-site,REJECTED,root binding
fixture-01-correct,9,trace-reachable,REJECTED,root binding
fixture-01-correct,9,trace-guard,REJECTED,root binding
fixture-01-correct,9,vector-length,REJECTED,node 10 vector length
fixture-01-correct,9,vector-type,REJECTED,node 13 sort
fixture-01-correct,9,node-sort,REJECTED,node 18 topology
fixture-01-correct,9,node-id,REJECTED,node 18 topology
fixture-01-correct,9,node-data,REJECTED,node 1 topology
fixture-01-correct,9,node-extra-field,REJECTED,node 10 schema
fixture-01-correct,9,node-missing-field,REJECTED,node 18 schema
fixture-01-correct,9,node-count,REJECTED,node count
fixture-01-correct,9,point-order,REJECTED,request/domain binding
fixture-01-correct,9,point-value,REJECTED,request/domain binding
fixture-01-correct,9,domain-binding,REJECTED,request/domain binding
fixture-01-correct,9,request-id,REJECTED,request/domain binding
fixture-01-correct,9,extra-top-field,REJECTED,certificate schema
fixture-01-correct,9,certificate-digest,REJECTED,certificate digest
fixture-02-correct,0,vector,REJECTED,node 4 cell 2 mismatch
fixture-02-correct,0,topology-op,REJECTED,node 10 topology
fixture-02-correct,0,topology-child,REJECTED,node 10 topology
fixture-02-correct,0,source-original,REJECTED,source binding
fixture-02-correct,0,source-candidate,REJECTED,source binding
fixture-02-correct,0,source-reference,REJECTED,source binding
fixture-02-correct,0,source-repair_guard,REJECTED,source binding
fixture-02-correct,0,root-defined,REJECTED,root binding
fixture-02-correct,0,root-repair,REJECTED,root binding
fixture-02-correct,0,root-preserve,REJECTED,root binding
fixture-02-correct,0,guard-root,REJECTED,root binding
fixture-02-correct,0,role-output,REJECTED,root binding
fixture-02-correct,0,role-defined,REJECTED,root binding
fixture-02-correct,0,trace-site,REJECTED,root binding
fixture-02-correct,0,trace-reachable,REJECTED,root binding
fixture-02-correct,0,trace-guard,REJECTED,root binding
fixture-02-correct,0,vector-length,REJECTED,node 2 vector length
fixture-02-correct,0,vector-type,REJECTED,node 8 sort
fixture-02-correct,0,node-sort,REJECTED,node 4 topology
fixture-02-correct,0,node-id,REJECTED,node 4 topology
fixture-02-correct,0,node-data,REJECTED,node 2 topology
fixture-02-correct,0,node-extra-field,REJECTED,node 2 schema
fixture-02-correct,0,node-missing-field,REJECTED,node 4 schema
fixture-02-correct,0,node-count,REJECTED,node count
fixture-02-correct,0,point-order,REJECTED,request/domain binding
fixture-02-correct,0,point-value,REJECTED,request/domain binding
fixture-02-correct,0,domain-binding,REJECTED,request/domain binding
fixture-02-correct,0,request-id,REJECTED,request/domain binding
fixture-02-correct,0,extra-top-field,REJECTED,certificate schema
fixture-02-correct,0,certificate-digest,REJECTED,certificate digest
fixture-02-correct,1,vector,REJECTED,node 12 cell 18 mismatch
fixture-02-correct,1,topology-op,REJECTED,node 11 topology
fixture-02-correct,1,topology-child,REJECTED,node 11 topology
fixture-02-correct,1,source-original,REJECTED,source binding
fixture-02-correct,1,source-candidate,REJECTED,source binding
fixture-02-correct,1,source-reference,REJECTED,source binding
fixture-02-correct,1,source-repair_guard,REJECTED,source binding
fixture-02-correct,1,root-defined,REJECTED,root binding
fixture-02-correct,1,root-repair,REJECTED,root binding
fixture-02-correct,1,root-preserve,REJECTED,root binding
fixture-02-correct,1,guard-root,REJECTED,root binding
fixture-02-correct,1,role-output,REJECTED,root binding
fixture-02-correct,1,role-defined,REJECTED,root binding
fixture-02-correct,1,trace-site,REJECTED,root binding
fixture-02-correct,1,trace-reachable,REJECTED,root binding
fixture-02-correct,1,trace-guard,REJECTED,root binding
fixture-02-correct,1,vector-length,REJECTED,node 15 vector length
fixture-02-correct,1,vector-type,REJECTED,node 11 sort
fixture-02-correct,1,node-sort,REJECTED,node 6 topology
fixture-02-correct,1,node-id,REJECTED,node 6 topology
fixture-02-correct,1,node-data,REJECTED,node 0 topology
fixture-02-correct,1,node-extra-field,REJECTED,node 15 schema
fixture-02-correct,1,node-missing-field,REJECTED,node 6 schema
fixture-02-correct,1,node-count,REJECTED,node count
fixture-02-correct,1,point-order,REJECTED,request/domain binding
fixture-02-correct,1,point-value,REJECTED,request/domain binding
fixture-02-correct,1,domain-binding,REJECTED,request/domain binding
fixture-02-correct,1,request-id,REJECTED,request/domain binding
fixture-02-correct,1,extra-top-field,REJECTED,certificate schema
fixture-02-correct,1,certificate-digest,REJECTED,certificate digest
fixture-02-correct,2,vector,REJECTED,node 3 cell 34 mismatch
fixture-02-correct,2,topology-op,REJECTED,node 12 topology
fixture-02-correct,2,topology-child,REJECTED,node 12 topology
fixture-02-correct,2,source-original,REJECTED,source binding
fixture-02-correct,2,source-candidate,REJECTED,source binding
fixture-02-correct,2,source-reference,REJECTED,source binding
fixture-02-correct,2,source-repair_guard,REJECTED,source binding
fixture-02-correct,2,root-defined,REJECTED,root binding
fixture-02-correct,2,root-repair,REJECTED,root binding
fixture-02-correct,2,root-preserve,REJECTED,root binding
fixture-02-correct,2,guard-root,REJECTED,root binding
fixture-02-correct,2,role-output,REJECTED,root binding
fixture-02-correct,2,role-defined,REJECTED,root binding
fixture-02-correct,2,trace-site,REJECTED,root binding
fixture-02-correct,2,trace-reachable,REJECTED,root binding
fixture-02-correct,2,trace-guard,REJECTED,root binding
fixture-02-correct,2,vector-length,REJECTED,node 7 vector length
fixture-02-correct,2,vector-type,REJECTED,node 13 sort
fixture-02-correct,2,node-sort,REJECTED,node 8 topology
fixture-02-correct,2,node-id,REJECTED,node 8 topology
fixture-02-correct,2,node-data,REJECTED,node 9 topology
fixture-02-correct,2,node-extra-field,REJECTED,node 7 schema
fixture-02-correct,2,node-missing-field,REJECTED,node 8 schema
fixture-02-correct,2,node-count,REJECTED,node count
fixture-02-correct,2,point-order,REJECTED,request/domain binding
fixture-02-correct,2,point-value,REJECTED,request/domain binding
fixture-02-correct,2,domain-binding,REJECTED,request/domain binding
fixture-02-correct,2,request-id,REJECTED,request/domain binding
fixture-02-correct,2,extra-top-field,REJECTED,certificate schema
fixture-02-correct,2,certificate-digest,REJECTED,certificate digest
fixture-02-correct,3,vector,REJECTED,node 10 cell 50 mismatch
fixture-02-correct,3,topology-op,REJECTED,node 13 topology
fixture-02-correct,3,topology-child,REJECTED,node 13 topology
fixture-02-correct,3,source-original,REJECTED,source binding
fixture-02-correct,3,source-candidate,REJECTED,source binding
fixture-02-correct,3,source-reference,REJECTED,source binding
fixture-02-correct,3,source-repair_guard,REJECTED,source binding
fixture-02-correct,3,root-defined,REJECTED,root binding
fixture-02-correct,3,root-repair,REJECTED,root binding
fixture-02-correct,3,root-preserve,REJECTED,root binding
fixture-02-correct,3,guard-root,REJECTED,root binding
fixture-02-correct,3,role-output,REJECTED,root binding
fixture-02-correct,3,role-defined,REJECTED,root binding
fixture-02-correct,3,trace-site,REJECTED,root binding
fixture-02-correct,3,trace-reachable,REJECTED,root binding
fixture-02-correct,3,trace-guard,REJECTED,root binding
fixture-02-correct,3,vector-length,REJECTED,node 20 vector length
fixture-02-correct,3,vector-type,REJECTED,node 15 sort
fixture-02-correct,3,node-sort,REJECTED,node 10 topology
fixture-02-correct,3,node-id,REJECTED,node 10 topology
fixture-02-correct,3,node-data,REJECTED,node 5 topology
fixture-02-correct,3,node-extra-field,REJECTED,node 20 schema
fixture-02-correct,3,node-missing-field,REJECTED,node 10 schema
fixture-02-correct,3,node-count,REJECTED,node count
fixture-02-correct,3,point-order,REJECTED,request/domain binding
fixture-02-correct,3,point-value,REJECTED,request/domain binding
fixture-02-correct,3,domain-binding,REJECTED,request/domain binding
fixture-02-correct,3,request-id,REJECTED,request/domain binding
fixture-02-correct,3,extra-top-field,REJECTED,certificate schema
fixture-02-correct,3,certificate-digest,REJECTED,certificate digest
fixture-02-correct,4,vector,REJECTED,node 2 cell 66 mismatch
fixture-02-correct,4,topology-op,REJECTED,node 14 topology
fixture-02-correct,4,topology-child,REJECTED,node 14 topology
fixture-02-correct,4,source-original,REJECTED,source binding
fixture-02-correct,4,source-candidate,REJECTED,source binding
fixture-02-correct,4,source-reference,REJECTED,source binding
fixture-02-correct,4,source-repair_guard,REJECTED,source binding
fixture-02-correct,4,root-defined,REJECTED,root binding
fixture-02-correct,4,root-repair,REJECTED,root binding
fixture-02-correct,4,root-preserve,REJECTED,root binding
fixture-02-correct,4,guard-root,REJECTED,root binding
fixture-02-correct,4,role-output,REJECTED,root binding
fixture-02-correct,4,role-defined,REJECTED,root binding
fixture-02-correct,4,trace-site,REJECTED,root binding
fixture-02-correct,4,trace-reachable,REJECTED,root binding
fixture-02-correct,4,trace-guard,REJECTED,root binding
fixture-02-correct,4,vector-length,REJECTED,node 12 vector length
fixture-02-correct,4,vector-type,REJECTED,node 19 sort
fixture-02-correct,4,node-sort,REJECTED,node 12 topology
fixture-02-correct,4,node-id,REJECTED,node 12 topology
fixture-02-correct,4,node-data,REJECTED,node 3 topology
fixture-02-correct,4,node-extra-field,REJECTED,node 12 schema
fixture-02-correct,4,node-missing-field,REJECTED,node 12 schema
fixture-02-correct,4,node-count,REJECTED,node count
fixture-02-correct,4,point-order,REJECTED,request/domain binding
fixture-02-correct,4,point-value,REJECTED,request/domain binding
fixture-02-correct,4,domain-binding,REJECTED,request/domain binding
fixture-02-correct,4,request-id,REJECTED,request/domain binding
fixture-02-correct,4,extra-top-field,REJECTED,certificate schema
fixture-02-correct,4,certificate-digest,REJECTED,certificate digest
fixture-02-correct,5,vector,REJECTED,node 9 cell 1 mismatch
fixture-02-correct,5,topology-op,REJECTED,node 15 topology
fixture-02-correct,5,topology-child,REJECTED,node 15 topology
fixture-02-correct,5,source-original,REJECTED,source binding
fixture-02-correct,5,source-candidate,REJECTED,source binding
fixture-02-correct,5,source-reference,REJECTED,source binding
fixture-02-correct,5,source-repair_guard,REJECTED,source binding
fixture-02-correct,5,root-defined,REJECTED,root binding
fixture-02-correct,5,root-repair,REJECTED,root binding
fixture-02-correct,5,root-preserve,REJECTED,root binding
fixture-02-correct,5,guard-root,REJECTED,root binding
fixture-02-correct,5,role-output,REJECTED,root binding
fixture-02-correct,5,role-defined,REJECTED,root binding
fixture-02-correct,5,trace-site,REJECTED,root binding
fixture-02-correct,5,trace-reachable,REJECTED,root binding
fixture-02-correct,5,trace-guard,REJECTED,root binding
fixture-02-correct,5,vector-length,REJECTED,node 4 vector length
fixture-02-correct,5,vector-type,REJECTED,node 20 sort
fixture-02-correct,5,node-sort,REJECTED,node 14 topology
fixture-02-correct,5,node-id,REJECTED,node 14 topology
fixture-02-correct,5,node-data,REJECTED,node 1 topology
fixture-02-correct,5,node-extra-field,REJECTED,node 4 schema
fixture-02-correct,5,node-missing-field,REJECTED,node 14 schema
fixture-02-correct,5,node-count,REJECTED,node count
fixture-02-correct,5,point-order,REJECTED,request/domain binding
fixture-02-correct,5,point-value,REJECTED,request/domain binding
fixture-02-correct,5,domain-binding,REJECTED,request/domain binding
fixture-02-correct,5,request-id,REJECTED,request/domain binding
fixture-02-correct,5,extra-top-field,REJECTED,certificate schema
fixture-02-correct,5,certificate-digest,REJECTED,certificate digest
fixture-02-correct,6,vector,REJECTED,node 18 cell 17 mismatch
fixture-02-correct,6,topology-op,REJECTED,node 17 topology
fixture-02-correct,6,topology-child,REJECTED,node 17 topology
fixture-02-correct,6,source-original,REJECTED,source binding
fixture-02-correct,6,source-candidate,REJECTED,source binding
fixture-02-correct,6,source-reference,REJECTED,source binding
fixture-02-correct,6,source-repair_guard,REJECTED,source binding
fixture-02-correct,6,root-defined,REJECTED,root binding
fixture-02-correct,6,root-repair,REJECTED,root binding
fixture-02-correct,6,root-preserve,REJECTED,root binding
fixture-02-correct,6,guard-root,REJECTED,root binding
fixture-02-correct,6,role-output,REJECTED,root binding
fixture-02-correct,6,role-defined,REJECTED,root binding
fixture-02-correct,6,trace-site,REJECTED,root binding
fixture-02-correct,6,trace-reachable,REJECTED,root binding
fixture-02-correct,6,trace-guard,REJECTED,root binding
fixture-02-correct,6,vector-length,REJECTED,node 17 vector length
fixture-02-correct,6,vector-type,REJECTED,node 0 sort
fixture-02-correct,6,node-sort,REJECTED,node 16 topology
fixture-02-correct,6,node-id,REJECTED,node 16 topology
fixture-02-correct,6,node-data,REJECTED,node 16 topology
fixture-02-correct,6,node-extra-field,REJECTED,node 17 schema
fixture-02-correct,6,node-missing-field,REJECTED,node 16 schema
fixture-02-correct,6,node-count,REJECTED,node count
fixture-02-correct,6,point-order,REJECTED,request/domain binding
fixture-02-correct,6,point-value,REJECTED,request/domain binding
fixture-02-correct,6,domain-binding,REJECTED,request/domain binding
fixture-02-correct,6,request-id,REJECTED,request/domain binding
fixture-02-correct,6,extra-top-field,REJECTED,certificate schema
fixture-02-correct,6,certificate-digest,REJECTED,certificate digest
fixture-02-correct,7,vector,REJECTED,node 7 cell 33 mismatch
fixture-02-correct,7,topology-op,REJECTED,node 18 topology
fixture-02-correct,7,topology-child,REJECTED,node 18 topology
fixture-02-correct,7,source-original,REJECTED,source binding
fixture-02-correct,7,source-candidate,REJECTED,source binding
fixture-02-correct,7,source-reference,REJECTED,source binding
fixture-02-correct,7,source-repair_guard,REJECTED,source binding
fixture-02-correct,7,root-defined,REJECTED,root binding
fixture-02-correct,7,root-repair,REJECTED,root binding
fixture-02-correct,7,root-preserve,REJECTED,root binding
fixture-02-correct,7,guard-root,REJECTED,root binding
fixture-02-correct,7,role-output,REJECTED,root binding
fixture-02-correct,7,role-defined,REJECTED,root binding
fixture-02-correct,7,trace-site,REJECTED,root binding
fixture-02-correct,7,trace-reachable,REJECTED,root binding
fixture-02-correct,7,trace-guard,REJECTED,root binding
fixture-02-correct,7,vector-length,REJECTED,node 9 vector length
fixture-02-correct,7,vector-type,REJECTED,node 1 sort
fixture-02-correct,7,node-sort,REJECTED,node 18 topology
fixture-02-correct,7,node-id,REJECTED,node 18 topology
fixture-02-correct,7,node-data,REJECTED,node 7 topology
fixture-02-correct,7,node-extra-field,REJECTED,node 9 schema
fixture-02-correct,7,node-missing-field,REJECTED,node 18 schema
fixture-02-correct,7,node-count,REJECTED,node count
fixture-02-correct,7,point-order,REJECTED,request/domain binding
fixture-02-correct,7,point-value,REJECTED,request/domain binding
fixture-02-correct,7,domain-binding,REJECTED,request/domain binding
fixture-02-correct,7,request-id,REJECTED,request/domain binding
fixture-02-correct,7,extra-top-field,REJECTED,certificate schema
fixture-02-correct,7,certificate-digest,REJECTED,certificate digest
fixture-02-correct,8,vector,REJECTED,node 17 cell 49 mismatch
fixture-02-correct,8,topology-op,REJECTED,node 19 topology
fixture-02-correct,8,topology-child,REJECTED,node 19 topology
fixture-02-correct,8,source-original,REJECTED,source binding
fixture-02-correct,8,source-candidate,REJECTED,source binding
fixture-02-correct,8,source-reference,REJECTED,source binding
fixture-02-correct,8,source-repair_guard,REJECTED,source binding
fixture-02-correct,8,root-defined,REJECTED,root binding
fixture-02-correct,8,root-repair,REJECTED,root binding
fixture-02-correct,8,root-preserve,REJECTED,root binding
fixture-02-correct,8,guard-root,REJECTED,root binding
fixture-02-correct,8,role-output,REJECTED,root binding
fixture-02-correct,8,role-defined,REJECTED,root binding
fixture-02-correct,8,trace-site,REJECTED,root binding
fixture-02-correct,8,trace-reachable,REJECTED,root binding
fixture-02-correct,8,trace-guard,REJECTED,root binding
fixture-02-correct,8,vector-length,REJECTED,node 1 vector length
fixture-02-correct,8,vector-type,REJECTED,node 8 sort
fixture-02-correct,8,node-sort,REJECTED,node 20 topology
fixture-02-correct,8,node-id,REJECTED,node 20 topology
fixture-02-correct,8,node-data,REJECTED,node 4 topology
fixture-02-correct,8,node-extra-field,REJECTED,node 1 schema
fixture-02-correct,8,node-missing-field,REJECTED,node 20 schema
fixture-02-correct,8,node-count,REJECTED,node count
fixture-02-correct,8,point-order,REJECTED,request/domain binding
fixture-02-correct,8,point-value,REJECTED,request/domain binding
fixture-02-correct,8,domain-binding,REJECTED,request/domain binding
fixture-02-correct,8,request-id,REJECTED,request/domain binding
fixture-02-correct,8,extra-top-field,REJECTED,certificate schema
fixture-02-correct,8,certificate-digest,REJECTED,certificate digest
fixture-02-correct,9,vector,REJECTED,node 6 cell 65 mismatch
fixture-02-correct,9,topology-op,REJECTED,node 20 topology
fixture-02-correct,9,topology-child,REJECTED,node 20 topology
fixture-02-correct,9,source-original,REJECTED,source binding
fixture-02-correct,9,source-candidate,REJECTED,source binding
fixture-02-correct,9,source-reference,REJECTED,source binding
fixture-02-correct,9,source-repair_guard,REJECTED,source binding
fixture-02-correct,9,root-defined,REJECTED,root binding
fixture-02-correct,9,root-repair,REJECTED,root binding
fixture-02-correct,9,root-preserve,REJECTED,root binding
fixture-02-correct,9,guard-root,REJECTED,root binding
fixture-02-correct,9,role-output,REJECTED,root binding
fixture-02-correct,9,role-defined,REJECTED,root binding
fixture-02-correct,9,trace-site,REJECTED,root binding
fixture-02-correct,9,trace-reachable,REJECTED,root binding
fixture-02-correct,9,trace-guard,REJECTED,root binding
fixture-02-correct,9,vector-length,REJECTED,node 14 vector length
fixture-02-correct,9,vector-type,REJECTED,node 11 sort
fixture-02-correct,9,node-sort,REJECTED,node 3 topology
fixture-02-correct,9,node-id,REJECTED,node 3 topology
fixture-02-correct,9,node-data,REJECTED,node 2 topology
fixture-02-correct,9,node-extra-field,REJECTED,node 14 schema
fixture-02-correct,9,node-missing-field,REJECTED,node 3 schema
fixture-02-correct,9,node-count,REJECTED,node count
fixture-02-correct,9,point-order,REJECTED,request/domain binding
fixture-02-correct,9,point-value,REJECTED,request/domain binding
fixture-02-correct,9,domain-binding,REJECTED,request/domain binding
fixture-02-correct,9,request-id,REJECTED,request/domain binding
fixture-02-correct,9,extra-top-field,REJECTED,certificate schema
fixture-02-correct,9,certificate-digest,REJECTED,certificate digest
fixture-03-correct,0,vector,REJECTED,node 5 cell 3 mismatch
fixture-03-correct,0,topology-op,REJECTED,node 11 topology
fixture-03-correct,0,topology-child,REJECTED,node 11 topology
fixture-03-correct,0,source-original,REJECTED,source binding
fixture-03-correct,0,source-candidate,REJECTED,source binding
fixture-03-correct,0,source-reference,REJECTED,source binding
fixture-03-correct,0,source-repair_guard,REJECTED,source binding
fixture-03-correct,0,root-defined,REJECTED,root binding
fixture-03-correct,0,root-repair,REJECTED,root binding
fixture-03-correct,0,root-preserve,REJECTED,root binding
fixture-03-correct,0,guard-root,REJECTED,root binding
fixture-03-correct,0,role-output,REJECTED,root binding
fixture-03-correct,0,role-defined,REJECTED,root binding
fixture-03-correct,0,trace-site,REJECTED,root binding
fixture-03-correct,0,trace-reachable,REJECTED,root binding
fixture-03-correct,0,trace-guard,REJECTED,root binding
fixture-03-correct,0,vector-length,REJECTED,node 3 vector length
fixture-03-correct,0,vector-type,REJECTED,node 12 sort
fixture-03-correct,0,node-sort,REJECTED,node 5 topology
fixture-03-correct,0,node-id,REJECTED,node 5 topology
fixture-03-correct,0,node-data,REJECTED,node 3 topology
fixture-03-correct,0,node-extra-field,REJECTED,node 3 schema
fixture-03-correct,0,node-missing-field,REJECTED,node 5 schema
fixture-03-correct,0,node-count,REJECTED,node count
fixture-03-correct,0,point-order,REJECTED,request/domain binding
fixture-03-correct,0,point-value,REJECTED,request/domain binding
fixture-03-correct,0,domain-binding,REJECTED,request/domain binding
fixture-03-correct,0,request-id,REJECTED,request/domain binding
fixture-03-correct,0,extra-top-field,REJECTED,certificate schema
fixture-03-correct,0,certificate-digest,REJECTED,certificate digest
fixture-03-correct,1,vector,REJECTED,node 15 cell 19 mismatch
fixture-03-correct,1,topology-op,REJECTED,node 12 topology
fixture-03-correct,1,topology-child,REJECTED,node 12 topology
fixture-03-correct,1,source-original,REJECTED,source binding
fixture-03-correct,1,source-candidate,REJECTED,source binding
fixture-03-correct,1,source-reference,REJECTED,source binding
fixture-03-correct,1,source-repair_guard,REJECTED,source binding
fixture-03-correct,1,root-defined,REJECTED,root binding
fixture-03-correct,1,root-repair,REJECTED,root binding
fixture-03-correct,1,root-preserve,REJECTED,root binding
fixture-03-correct,1,guard-root,REJECTED,root binding
fixture-03-correct,1,role-output,REJECTED,root binding
fixture-03-correct,1,role-defined,REJECTED,root binding
fixture-03-correct,1,trace-site,REJECTED,root binding
fixture-03-correct,1,trace-reachable,REJECTED,root binding
fixture-03-correct,1,trace-guard,REJECTED,root binding
fixture-03-correct,1,vector-length,REJECTED,node 0 vector length
fixture-03-correct,1,vector-type,REJECTED,node 0 sort
fixture-03-correct,1,node-sort,REJECTED,node 10 topology
fixture-03-correct,1,node-id,REJECTED,node 10 topology
fixture-03-correct,1,node-data,REJECTED,node 1 topology
fixture-03-correct,1,node-extra-field,REJECTED,node 0 schema
fixture-03-correct,1,node-missing-field,REJECTED,node 10 schema
fixture-03-correct,1,node-count,REJECTED,node count
fixture-03-correct,1,point-order,REJECTED,request/domain binding
fixture-03-correct,1,point-value,REJECTED,request/domain binding
fixture-03-correct,1,domain-binding,REJECTED,request/domain binding
fixture-03-correct,1,request-id,REJECTED,request/domain binding
fixture-03-correct,1,extra-top-field,REJECTED,certificate schema
fixture-03-correct,1,certificate-digest,REJECTED,certificate digest
fixture-03-correct,2,vector,REJECTED,node 4 cell 35 mismatch
fixture-03-correct,2,topology-op,REJECTED,node 13 topology
fixture-03-correct,2,topology-child,REJECTED,node 13 topology
fixture-03-correct,2,source-original,REJECTED,source binding
fixture-03-correct,2,source-candidate,REJECTED,source binding
fixture-03-correct,2,source-reference,REJECTED,source binding
fixture-03-correct,2,source-repair_guard,REJECTED,source binding
fixture-03-correct,2,root-defined,REJECTED,root binding
fixture-03-correct,2,root-repair,REJECTED,root binding
fixture-03-correct,2,root-preserve,REJECTED,root binding
fixture-03-correct,2,guard-root,REJECTED,root binding
fixture-03-correct,2,role-output,REJECTED,root binding
fixture-03-correct,2,role-defined,REJECTED,root binding
fixture-03-correct,2,trace-site,REJECTED,root binding
fixture-03-correct,2,trace-reachable,REJECTED,root binding
fixture-03-correct,2,trace-guard,REJECTED,root binding
fixture-03-correct,2,vector-length,REJECTED,node 22 vector length
fixture-03-correct,2,vector-type,REJECTED,node 22 sort
fixture-03-correct,2,node-sort,REJECTED,node 15 topology
fixture-03-correct,2,node-id,REJECTED,node 15 topology
fixture-03-correct,2,node-data,REJECTED,node 17 topology
fixture-03-correct,2,node-extra-field,REJECTED,node 22 schema
fixture-03-correct,2,node-missing-field,REJECTED,node 15 schema
fixture-03-correct,2,node-count,REJECTED,node count
fixture-03-correct,2,point-order,REJECTED,request/domain binding
fixture-03-correct,2,point-value,REJECTED,request/domain binding
fixture-03-correct,2,domain-binding,REJECTED,request/domain binding
fixture-03-correct,2,request-id,REJECTED,request/domain binding
fixture-03-correct,2,extra-top-field,REJECTED,certificate schema
fixture-03-correct,2,certificate-digest,REJECTED,certificate digest
fixture-03-correct,3,vector,REJECTED,node 13 cell 51 mismatch
fixture-03-correct,3,topology-op,REJECTED,node 14 topology
fixture-03-correct,3,topology-child,REJECTED,node 14 topology
fixture-03-correct,3,source-original,REJECTED,source binding
fixture-03-correct,3,source-candidate,REJECTED,source binding
fixture-03-correct,3,source-reference,REJECTED,source binding
fixture-03-correct,3,source-repair_guard,REJECTED,source binding
fixture-03-correct,3,root-defined,REJECTED,root binding
fixture-03-correct,3,root-repair,REJECTED,root binding
fixture-03-correct,3,root-preserve,REJECTED,root binding
fixture-03-correct,3,guard-root,REJECTED,root binding
fixture-03-correct,3,role-output,REJECTED,root binding
fixture-03-correct,3,role-defined,REJECTED,root binding
fixture-03-correct,3,trace-site,REJECTED,root binding
fixture-03-correct,3,trace-reachable,REJECTED,root binding
fixture-03-correct,3,trace-guard,REJECTED,root binding
fixture-03-correct,3,vector-length,REJECTED,node 19 vector length
fixture-03-correct,3,vector-type,REJECTED,node 14 sort
fixture-03-correct,3,node-sort,REJECTED,node 20 topology
fixture-03-correct,3,node-id,REJECTED,node 20 topology
fixture-03-correct,3,node-data,REJECTED,node 6 topology
fixture-03-correct,3,node-extra-field,REJECTED,node 19 schema
fixture-03-correct,3,node-missing-field,REJECTED,node 20 schema
fixture-03-correct,3,node-count,REJECTED,node count
fixture-03-correct,3,point-order,REJECTED,request/domain binding
fixture-03-correct,3,point-value,REJECTED,request/domain binding
fixture-03-correct,3,domain-binding,REJECTED,request/domain binding
fixture-03-correct,3,request-id,REJECTED,request/domain binding
fixture-03-correct,3,extra-top-field,REJECTED,certificate schema
fixture-03-correct,3,certificate-digest,REJECTED,certificate digest
fixture-03-correct,4,vector,REJECTED,node 3 cell 67 mismatch
fixture-03-correct,4,topology-op,REJECTED,node 15 topology
fixture-03-correct,4,topology-child,REJECTED,node 15 topology
fixture-03-correct,4,source-original,REJECTED,source binding
fixture-03-correct,4,source-candidate,REJECTED,source binding
fixture-03-correct,4,source-reference,REJECTED,source binding
fixture-03-correct,4,source-repair_guard,REJECTED,source binding
fixture-03-correct,4,root-defined,REJECTED,root binding
fixture-03-correct,4,root-repair,REJECTED,root binding
fixture-03-correct,4,root-preserve,REJECTED,root binding
fixture-03-correct,4,guard-root,REJECTED,root binding
fixture-03-correct,4,role-output,REJECTED,root binding
fixture-03-correct,4,role-defined,REJECTED,root binding
fixture-03-correct,4,trace-site,REJECTED,root binding
fixture-03-correct,4,trace-reachable,REJECTED,root binding
fixture-03-correct,4,trace-guard,REJECTED,root binding
fixture-03-correct,4,vector-length,REJECTED,node 16 vector length
fixture-03-correct,4,vector-type,REJECTED,node 1 sort
fixture-03-correct,4,node-sort,REJECTED,node 2 topology
fixture-03-correct,4,node-id,REJECTED,node 2 topology
fixture-03-correct,4,node-data,REJECTED,node 4 topology
fixture-03-correct,4,node-extra-field,REJECTED,node 16 schema
fixture-03-correct,4,node-missing-field,REJECTED,node 2 schema
fixture-03-correct,4,node-count,REJECTED,node count
fixture-03-correct,4,point-order,REJECTED,request/domain binding
fixture-03-correct,4,point-value,REJECTED,request/domain binding
fixture-03-correct,4,domain-binding,REJECTED,request/domain binding
fixture-03-correct,4,request-id,REJECTED,request/domain binding
fixture-03-correct,4,extra-top-field,REJECTED,certificate schema
fixture-03-correct,4,certificate-digest,REJECTED,certificate digest
fixture-03-correct,5,vector,REJECTED,node 11 cell 2 mismatch
fixture-03-correct,5,topology-op,REJECTED,node 16 topology
fixture-03-correct,5,topology-child,REJECTED,node 16 topology
fixture-03-correct,5,source-original,REJECTED,source binding
fixture-03-correct,5,source-candidate,REJECTED,source binding
fixture-03-correct,5,source-reference,REJECTED,source binding
fixture-03-correct,5,source-repair_guard,REJECTED,source binding
fixture-03-correct,5,root-defined,REJECTED,root binding
fixture-03-correct,5,root-repair,REJECTED,root binding
fixture-03-correct,5,root-preserve,REJECTED,root binding
fixture-03-correct,5,guard-root,REJECTED,root binding
fixture-03-correct,5,role-output,REJECTED,root binding
fixture-03-correct,5,role-defined,REJECTED,root binding
fixture-03-correct,5,trace-site,REJECTED,root binding
fixture-03-correct,5,trace-reachable,REJECTED,root binding
fixture-03-correct,5,trace-guard,REJECTED,root binding
fixture-03-correct,5,vector-length,REJECTED,node 13 vector length
fixture-03-correct,5,vector-type,REJECTED,node 23 sort
fixture-03-correct,5,node-sort,REJECTED,node 7 topology
fixture-03-correct,5,node-id,REJECTED,node 7 topology
fixture-03-correct,5,node-data,REJECTED,node 2 topology
fixture-03-correct,5,node-extra-field,REJECTED,node 13 schema
fixture-03-correct,5,node-missing-field,REJECTED,node 7 schema
fixture-03-correct,5,node-count,REJECTED,node count
fixture-03-correct,5,point-order,REJECTED,request/domain binding
fixture-03-correct,5,point-value,REJECTED,request/domain binding
fixture-03-correct,5,domain-binding,REJECTED,request/domain binding
fixture-03-correct,5,request-id,REJECTED,request/domain binding
fixture-03-correct,5,extra-top-field,REJECTED,certificate schema
fixture-03-correct,5,certificate-digest,REJECTED,certificate digest
fixture-03-correct,6,vector,REJECTED,node 2 cell 18 mismatch
fixture-03-correct,6,topology-op,REJECTED,node 18 topology
fixture-03-correct,6,topology-child,REJECTED,node 18 topology
fixture-03-correct,6,source-original,REJECTED,source binding
fixture-03-correct,6,source-candidate,REJECTED,source binding
fixture-03-correct,6,source-reference,REJECTED,source binding
fixture-03-correct,6,source-repair_guard,REJECTED,source binding
fixture-03-correct,6,root-defined,REJECTED,root binding
fixture-03-correct,6,root-repair,REJECTED,root binding
fixture-03-correct,6,root-preserve,REJECTED,root binding
fixture-03-correct,6,guard-root,REJECTED,root binding
fixture-03-correct,6,role-output,REJECTED,root binding
fixture-03-correct,6,role-defined,REJECTED,root binding
fixture-03-correct,6,trace-site,REJECTED,root binding
fixture-03-correct,6,trace-reachable,REJECTED,root binding
fixture-03-correct,6,trace-guard,REJECTED,root binding
fixture-03-correct,6,vector-length,REJECTED,node 10 vector length
fixture-03-correct,6,vector-type,REJECTED,node 16 sort
fixture-03-correct,6,node-sort,REJECTED,node 12 topology
fixture-03-correct,6,node-id,REJECTED,node 12 topology
fixture-03-correct,6,node-data,REJECTED,node 0 topology
fixture-03-correct,6,node-extra-field,REJECTED,node 10 schema
fixture-03-correct,6,node-missing-field,REJECTED,node 12 schema
fixture-03-correct,6,node-count,REJECTED,node count
fixture-03-correct,6,point-order,REJECTED,request/domain binding
fixture-03-correct,6,point-value,REJECTED,request/domain binding
fixture-03-correct,6,domain-binding,REJECTED,request/domain binding
fixture-03-correct,6,request-id,REJECTED,request/domain binding
fixture-03-correct,6,extra-top-field,REJECTED,certificate schema
fixture-03-correct,6,certificate-digest,REJECTED,certificate digest
fixture-03-correct,7,vector,REJECTED,node 9 cell 34 mismatch
fixture-03-correct,7,topology-op,REJECTED,node 19 topology
fixture-03-correct,7,topology-child,REJECTED,node 19 topology
fixture-03-correct,7,source-original,REJECTED,source binding
fixture-03-correct,7,source-candidate,REJECTED,source binding
fixture-03-correct,7,source-reference,REJECTED,source binding
fixture-03-correct,7,source-repair_guard,REJECTED,source binding
fixture-03-correct,7,root-defined,REJECTED,root binding
fixture-03-correct,7,root-repair,REJECTED,root binding
fixture-03-correct,7,root-preserve,REJECTED,root binding
fixture-03-correct,7,guard-root,REJECTED,root binding
fixture-03-correct,7,role-output,REJECTED,root binding
fixture-03-correct,7,role-defined,REJECTED,root binding
fixture-03-correct,7,trace-site,REJECTED,root binding
fixture-03-correct,7,trace-reachable,REJECTED,root binding
fixture-03-correct,7,trace-guard,REJECTED,root binding
fixture-03-correct,7,vector-length,REJECTED,node 7 vector length
fixture-03-correct,7,vector-type,REJECTED,node 10 sort
fixture-03-correct,7,node-sort,REJECTED,node 17 topology
fixture-03-correct,7,node-id,REJECTED,node 17 topology
fixture-03-correct,7,node-data,REJECTED,node 9 topology
fixture-03-correct,7,node-extra-field,REJECTED,node 7 schema
fixture-03-correct,7,node-missing-field,REJECTED,node 17 schema
fixture-03-correct,7,node-count,REJECTED,node count
fixture-03-correct,7,point-order,REJECTED,request/domain binding
fixture-03-correct,7,point-value,REJECTED,request/domain binding
fixture-03-correct,7,domain-binding,REJECTED,request/domain binding
fixture-03-correct,7,request-id,REJECTED,request/domain binding
fixture-03-correct,7,extra-top-field,REJECTED,certificate schema
fixture-03-correct,7,certificate-digest,REJECTED,certificate digest
fixture-03-correct,8,vector,REJECTED,node 20 cell 50 mismatch
fixture-03-correct,8,topology-op,REJECTED,node 20 topology
fixture-03-correct,8,topology-child,REJECTED,node 20 topology
fixture-03-correct,8,source-original,REJECTED,source binding
fixture-03-correct,8,source-candidate,REJECTED,source binding
fixture-03-correct,8,source-reference,REJECTED,source binding
fixture-03-correct,8,source-repair_guard,REJECTED,source binding
fixture-03-correct,8,root-defined,REJECTED,root binding
fixture-03-correct,8,root-repair,REJECTED,root binding
fixture-03-correct,8,root-preserve,REJECTED,root binding
fixture-03-correct,8,guard-root,REJECTED,root binding
fixture-03-correct,8,role-output,REJECTED,root binding
fixture-03-correct,8,role-defined,REJECTED,root binding
fixture-03-correct,8,trace-site,REJECTED,root binding
fixture-03-correct,8,trace-reachable,REJECTED,root binding
fixture-03-correct,8,trace-guard,REJECTED,root binding
fixture-03-correct,8,vector-length,REJECTED,node 4 vector length
fixture-03-correct,8,vector-type,REJECTED,node 24 sort
fixture-03-correct,8,node-sort,REJECTED,node 22 topology
fixture-03-correct,8,node-id,REJECTED,node 22 topology
fixture-03-correct,8,node-data,REJECTED,node 5 topology
fixture-03-correct,8,node-extra-field,REJECTED,node 4 schema
fixture-03-correct,8,node-missing-field,REJECTED,node 22 schema
fixture-03-correct,8,node-count,REJECTED,node count
fixture-03-correct,8,point-order,REJECTED,request/domain binding
fixture-03-correct,8,point-value,REJECTED,request/domain binding
fixture-03-correct,8,domain-binding,REJECTED,request/domain binding
fixture-03-correct,8,request-id,REJECTED,request/domain binding
fixture-03-correct,8,extra-top-field,REJECTED,certificate schema
fixture-03-correct,8,certificate-digest,REJECTED,certificate digest
fixture-03-correct,9,vector,REJECTED,node 8 cell 66 mismatch
fixture-03-correct,9,topology-op,REJECTED,node 21 topology
fixture-03-correct,9,topology-child,REJECTED,node 21 topology
fixture-03-correct,9,source-original,REJECTED,source binding
fixture-03-correct,9,source-candidate,REJECTED,source binding
fixture-03-correct,9,source-reference,REJECTED,source binding
fixture-03-correct,9,source-repair_guard,REJECTED,source binding
fixture-03-correct,9,root-defined,REJECTED,root binding
fixture-03-correct,9,root-repair,REJECTED,root binding
fixture-03-correct,9,root-preserve,REJECTED,root binding
fixture-03-correct,9,guard-root,REJECTED,root binding
fixture-03-correct,9,role-output,REJECTED,root binding
fixture-03-correct,9,role-defined,REJECTED,root binding
fixture-03-correct,9,trace-site,REJECTED,root binding
fixture-03-correct,9,trace-reachable,REJECTED,root binding
fixture-03-correct,9,trace-guard,REJECTED,root binding
fixture-03-correct,9,vector-length,REJECTED,node 1 vector length
fixture-03-correct,9,vector-type,REJECTED,node 21 sort
fixture-03-correct,9,node-sort,REJECTED,node 4 topology
fixture-03-correct,9,node-id,REJECTED,node 4 topology
fixture-03-correct,9,node-data,REJECTED,node 3 topology
fixture-03-correct,9,node-extra-field,REJECTED,node 1 schema
fixture-03-correct,9,node-missing-field,REJECTED,node 4 schema
fixture-03-correct,9,node-count,REJECTED,node count
fixture-03-correct,9,point-order,REJECTED,request/domain binding
fixture-03-correct,9,point-value,REJECTED,request/domain binding
fixture-03-correct,9,domain-binding,REJECTED,request/domain binding
fixture-03-correct,9,request-id,REJECTED,request/domain binding
fixture-03-correct,9,extra-top-field,REJECTED,certificate schema
fixture-03-correct,9,certificate-digest,REJECTED,certificate digest
fixture-04-correct,0,vector,REJECTED,node 6 cell 4 mismatch
fixture-04-correct,0,topology-op,REJECTED,node 12 topology
fixture-04-correct,0,topology-child,REJECTED,node 12 topology
fixture-04-correct,0,source-original,REJECTED,source binding
fixture-04-correct,0,source-candidate,REJECTED,source binding
fixture-04-correct,0,source-reference,REJECTED,source binding
fixture-04-correct,0,source-repair_guard,REJECTED,source binding
fixture-04-correct,0,root-defined,REJECTED,root binding
fixture-04-correct,0,root-repair,REJECTED,root binding
fixture-04-correct,0,root-preserve,REJECTED,root binding
fixture-04-correct,0,guard-root,REJECTED,root binding
fixture-04-correct,0,role-output,REJECTED,root binding
fixture-04-correct,0,role-defined,REJECTED,root binding
fixture-04-correct,0,trace-site,REJECTED,root binding
fixture-04-correct,0,trace-reachable,REJECTED,root binding
fixture-04-correct,0,trace-guard,REJECTED,root binding
fixture-04-correct,0,vector-length,REJECTED,node 4 vector length
fixture-04-correct,0,vector-type,REJECTED,node 13 sort
fixture-04-correct,0,node-sort,REJECTED,node 6 topology
fixture-04-correct,0,node-id,REJECTED,node 6 topology
fixture-04-correct,0,node-data,REJECTED,node 4 topology
fixture-04-correct,0,node-extra-field,REJECTED,node 4 schema
fixture-04-correct,0,node-missing-field,REJECTED,node 6 schema
fixture-04-correct,0,node-count,REJECTED,node count
fixture-04-correct,0,point-order,REJECTED,request/domain binding
fixture-04-correct,0,point-value,REJECTED,request/domain binding
fixture-04-correct,0,domain-binding,REJECTED,request/domain binding
fixture-04-correct,0,request-id,REJECTED,request/domain binding
fixture-04-correct,0,extra-top-field,REJECTED,certificate schema
fixture-04-correct,0,certificate-digest,REJECTED,certificate digest
fixture-04-correct,1,vector,REJECTED,node 5 cell 20 mismatch
fixture-04-correct,1,topology-op,REJECTED,node 20 topology
fixture-04-correct,1,topology-child,REJECTED,node 20 topology
fixture-04-correct,1,source-original,REJECTED,source binding
fixture-04-correct,1,source-candidate,REJECTED,source binding
fixture-04-correct,1,source-reference,REJECTED,source binding
fixture-04-correct,1,source-repair_guard,REJECTED,source binding
fixture-04-correct,1,root-defined,REJECTED,root binding
fixture-04-correct,1,root-repair,REJECTED,root binding
fixture-04-correct,1,root-preserve,REJECTED,root binding
fixture-04-correct,1,guard-root,REJECTED,root binding
fixture-04-correct,1,role-output,REJECTED,root binding
fixture-04-correct,1,role-defined,REJECTED,root binding
fixture-04-correct,1,trace-site,REJECTED,root binding
fixture-04-correct,1,trace-reachable,REJECTED,root binding
fixture-04-correct,1,trace-guard,REJECTED,root binding
fixture-04-correct,1,vector-length,REJECTED,node 5 vector length
fixture-04-correct,1,vector-type,REJECTED,node 1 sort
fixture-04-correct,1,node-sort,REJECTED,node 15 topology
fixture-04-correct,1,node-id,REJECTED,node 15 topology
fixture-04-correct,1,node-data,REJECTED,node 2 topology
fixture-04-correct,1,node-extra-field,REJECTED,node 5 schema
fixture-04-correct,1,node-missing-field,REJECTED,node 15 schema
fixture-04-correct,1,node-count,REJECTED,node count
fixture-04-correct,1,point-order,REJECTED,request/domain binding
fixture-04-correct,1,point-value,REJECTED,request/domain binding
fixture-04-correct,1,domain-binding,REJECTED,request/domain binding
fixture-04-correct,1,request-id,REJECTED,request/domain binding
fixture-04-correct,1,extra-top-field,REJECTED,certificate schema
fixture-04-correct,1,certificate-digest,REJECTED,certificate digest
fixture-04-correct,2,vector,REJECTED,node 4 cell 36 mismatch
fixture-04-correct,2,topology-op,REJECTED,node 11 topology
fixture-04-correct,2,topology-child,REJECTED,node 11 topology
fixture-04-correct,2,source-original,REJECTED,source binding
fixture-04-correct,2,source-candidate,REJECTED,source binding
fixture-04-correct,2,source-reference,REJECTED,source binding
fixture-04-correct,2,source-repair_guard,REJECTED,source binding
fixture-04-correct,2,root-defined,REJECTED,root binding
fixture-04-correct,2,root-repair,REJECTED,root binding
fixture-04-correct,2,root-preserve,REJECTED,root binding
fixture-04-correct,2,guard-root,REJECTED,root binding
fixture-04-correct,2,role-output,REJECTED,root binding
fixture-04-correct,2,role-defined,REJECTED,root binding
fixture-04-correct,2,trace-site,REJECTED,root binding
fixture-04-correct,2,trace-reachable,REJECTED,root binding
fixture-04-correct,2,trace-guard,REJECTED,root binding
fixture-04-correct,2,vector-length,REJECTED,node 6 vector length
fixture-04-correct,2,vector-type,REJECTED,node 22 sort
fixture-04-correct,2,node-sort,REJECTED,node 2 topology
fixture-04-correct,2,node-id,REJECTED,node 2 topology
fixture-04-correct,2,node-data,REJECTED,node 0 topology
fixture-04-correct,2,node-extra-field,REJECTED,node 6 schema
fixture-04-correct,2,node-missing-field,REJECTED,node 2 schema
fixture-04-correct,2,node-count,REJECTED,node count
fixture-04-correct,2,point-order,REJECTED,request/domain binding
fixture-04-correct,2,point-value,REJECTED,request/domain binding
fixture-04-correct,2,domain-binding,REJECTED,request/domain binding
fixture-04-correct,2,request-id,REJECTED,request/domain binding
fixture-04-correct,2,extra-top-field,REJECTED,certificate schema
fixture-04-correct,2,certificate-digest,REJECTED,certificate digest
fixture-04-correct,3,vector,REJECTED,node 3 cell 52 mismatch
fixture-04-correct,3,topology-op,REJECTED,node 19 topology
fixture-04-correct,3,topology-child,REJECTED,node 19 topology
fixture-04-correct,3,source-original,REJECTED,source binding
fixture-04-correct,3,source-candidate,REJECTED,source binding
fixture-04-correct,3,source-reference,REJECTED,source binding
fixture-04-correct,3,source-repair_guard,REJECTED,source binding
fixture-04-correct,3,root-defined,REJECTED,root binding
fixture-04-correct,3,root-repair,REJECTED,root binding
fixture-04-correct,3,root-preserve,REJECTED,root binding
fixture-04-correct,3,guard-root,REJECTED,root binding
fixture-04-correct,3,role-output,REJECTED,root binding
fixture-04-correct,3,role-defined,REJECTED,root binding
fixture-04-correct,3,trace-site,REJECTED,root binding
fixture-04-correct,3,trace-reachable,REJECTED,root binding
fixture-04-correct,3,trace-guard,REJECTED,root binding
fixture-04-correct,3,vector-length,REJECTED,node 7 vector length
fixture-04-correct,3,vector-type,REJECTED,node 15 sort
fixture-04-correct,3,node-sort,REJECTED,node 11 topology
fixture-04-correct,3,node-id,REJECTED,node 11 topology
fixture-04-correct,3,node-data,REJECTED,node 9 topology
fixture-04-correct,3,node-extra-field,REJECTED,node 7 schema
fixture-04-correct,3,node-missing-field,REJECTED,node 11 schema
fixture-04-correct,3,node-count,REJECTED,node count
fixture-04-correct,3,point-order,REJECTED,request/domain binding
fixture-04-correct,3,point-value,REJECTED,request/domain binding
fixture-04-correct,3,domain-binding,REJECTED,request/domain binding
fixture-04-correct,3,request-id,REJECTED,request/domain binding
fixture-04-correct,3,extra-top-field,REJECTED,certificate schema
fixture-04-correct,3,certificate-digest,REJECTED,certificate digest
fixture-04-correct,4,vector,REJECTED,node 2 cell 68 mismatch
fixture-04-correct,4,topology-op,REJECTED,node 10 topology
fixture-04-correct,4,topology-child,REJECTED,node 10 topology
fixture-04-correct,4,source-original,REJECTED,source binding
fixture-04-correct,4,source-candidate,REJECTED,source binding
fixture-04-correct,4,source-reference,REJECTED,source binding
fixture-04-correct,4,source-repair_guard,REJECTED,source binding
fixture-04-correct,4,root-defined,REJECTED,root binding
fixture-04-correct,4,root-repair,REJECTED,root binding
fixture-04-correct,4,root-preserve,REJECTED,root binding
fixture-04-correct,4,guard-root,REJECTED,root binding
fixture-04-correct,4,role-output,REJECTED,root binding
fixture-04-correct,4,role-defined,REJECTED,root binding
fixture-04-correct,4,trace-site,REJECTED,root binding
fixture-04-correct,4,trace-reachable,REJECTED,root binding
fixture-04-correct,4,trace-guard,REJECTED,root binding
fixture-04-correct,4,vector-length,REJECTED,node 8 vector length
fixture-04-correct,4,vector-type,REJECTED,node 8 sort
fixture-04-correct,4,node-sort,REJECTED,node 20 topology
fixture-04-correct,4,node-id,REJECTED,node 20 topology
fixture-04-correct,4,node-data,REJECTED,node 5 topology
fixture-04-correct,4,node-extra-field,REJECTED,node 8 schema
fixture-04-correct,4,node-missing-field,REJECTED,node 20 schema
fixture-04-correct,4,node-count,REJECTED,node count
fixture-04-correct,4,point-order,REJECTED,request/domain binding
fixture-04-correct,4,point-value,REJECTED,request/domain binding
fixture-04-correct,4,domain-binding,REJECTED,request/domain binding
fixture-04-correct,4,request-id,REJECTED,request/domain binding
fixture-04-correct,4,extra-top-field,REJECTED,certificate schema
fixture-04-correct,4,certificate-digest,REJECTED,certificate digest
fixture-04-correct,5,vector,REJECTED,node 19 cell 3 mismatch
fixture-04-correct,5,topology-op,REJECTED,node 18 topology
fixture-04-correct,5,topology-child,REJECTED,node 18 topology
fixture-04-correct,5,source-original,REJECTED,source binding
fixture-04-correct,5,source-candidate,REJECTED,source binding
fixture-04-correct,5,source-reference,REJECTED,source binding
fixture-04-correct,5,source-repair_guard,REJECTED,source binding
fixture-04-correct,5,root-defined,REJECTED,root binding
fixture-04-correct,5,root-repair,REJECTED,root binding
fixture-04-correct,5,root-preserve,REJECTED,root binding
fixture-04-correct,5,guard-root,REJECTED,root binding
fixture-04-correct,5,role-output,REJECTED,root binding
fixture-04-correct,5,role-defined,REJECTED,root binding
fixture-04-correct,5,trace-site,REJECTED,root binding
fixture-04-correct,5,trace-reachable,REJECTED,root binding
fixture-04-correct,5,trace-guard,REJECTED,root binding
fixture-04-correct,5,vector-length,REJECTED,node 9 vector length
fixture-04-correct,5,vector-type,REJECTED,node 23 sort
fixture-04-correct,5,node-sort,REJECTED,node 7 topology
fixture-04-correct,5,node-id,REJECTED,node 7 topology
fixture-04-correct,5,node-data,REJECTED,node 3 topology
fixture-04-correct,5,node-extra-field,REJECTED,node 9 schema
fixture-04-correct,5,node-missing-field,REJECTED,node 7 schema
fixture-04-correct,5,node-count,REJECTED,node count
fixture-04-correct,5,point-order,REJECTED,request/domain binding
fixture-04-correct,5,point-value,REJECTED,request/domain binding
fixture-04-correct,5,domain-binding,REJECTED,request/domain binding
fixture-04-correct,5,request-id,REJECTED,request/domain binding
fixture-04-correct,5,extra-top-field,REJECTED,certificate schema
fixture-04-correct,5,certificate-digest,REJECTED,certificate digest
fixture-04-correct,6,vector,REJECTED,node 18 cell 19 mismatch
fixture-04-correct,6,topology-op,REJECTED,node 8 topology
fixture-04-correct,6,topology-child,REJECTED,node 8 topology
fixture-04-correct,6,source-original,REJECTED,source binding
fixture-04-correct,6,source-candidate,REJECTED,source binding
fixture-04-correct,6,source-reference,REJECTED,source binding
fixture-04-correct,6,source-repair_guard,REJECTED,source binding
fixture-04-correct,6,root-defined,REJECTED,root binding
fixture-04-correct,6,root-repair,REJECTED,root binding
fixture-04-correct,6,root-preserve,REJECTED,root binding
fixture-04-correct,6,guard-root,REJECTED,root binding
fixture-04-correct,6,role-output,REJECTED,root binding
fixture-04-correct,6,role-defined,REJECTED,root binding
fixture-04-correct,6,trace-site,REJECTED,root binding
fixture-04-correct,6,trace-reachable,REJECTED,root binding
fixture-04-correct,6,trace-guard,REJECTED,root binding
fixture-04-correct,6,vector-length,REJECTED,node 10 vector length
fixture-04-correct,6,vector-type,REJECTED,node 20 sort
fixture-04-correct,6,node-sort,REJECTED,node 16 topology
fixture-04-correct,6,node-id,REJECTED,node 16 topology
fixture-04-correct,6,node-data,REJECTED,node 1 topology
fixture-04-correct,6,node-extra-field,REJECTED,node 10 schema
fixture-04-correct,6,node-missing-field,REJECTED,node 16 schema
fixture-04-correct,6,node-count,REJECTED,node count
fixture-04-correct,6,point-order,REJECTED,request/domain binding
fixture-04-correct,6,point-value,REJECTED,request/domain binding
fixture-04-correct,6,domain-binding,REJECTED,request/domain binding
fixture-04-correct,6,request-id,REJECTED,request/domain binding
fixture-04-correct,6,extra-top-field,REJECTED,certificate schema
fixture-04-correct,6,certificate-digest,REJECTED,certificate digest
fixture-04-correct,7,vector,REJECTED,node 17 cell 35 mismatch
fixture-04-correct,7,topology-op,REJECTED,node 17 topology
fixture-04-correct,7,topology-child,REJECTED,node 17 topology
fixture-04-correct,7,source-original,REJECTED,source binding
fixture-04-correct,7,source-candidate,REJECTED,source binding
fixture-04-correct,7,source-reference,REJECTED,source binding
fixture-04-correct,7,source-repair_guard,REJECTED,source binding
fixture-04-correct,7,root-defined,REJECTED,root binding
fixture-04-correct,7,root-repair,REJECTED,root binding
fixture-04-correct,7,root-preserve,REJECTED,root binding
fixture-04-correct,7,guard-root,REJECTED,root binding
fixture-04-correct,7,role-output,REJECTED,root binding
fixture-04-correct,7,role-defined,REJECTED,root binding
fixture-04-correct,7,trace-site,REJECTED,root binding
fixture-04-correct,7,trace-reachable,REJECTED,root binding
fixture-04-correct,7,trace-guard,REJECTED,root binding
fixture-04-correct,7,vector-length,REJECTED,node 11 vector length
fixture-04-correct,7,vector-type,REJECTED,node 11 sort
fixture-04-correct,7,node-sort,REJECTED,node 3 topology
fixture-04-correct,7,node-id,REJECTED,node 3 topology
fixture-04-correct,7,node-data,REJECTED,node 16 topology
fixture-04-correct,7,node-extra-field,REJECTED,node 11 schema
fixture-04-correct,7,node-missing-field,REJECTED,node 3 schema
fixture-04-correct,7,node-count,REJECTED,node count
fixture-04-correct,7,point-order,REJECTED,request/domain binding
fixture-04-correct,7,point-value,REJECTED,request/domain binding
fixture-04-correct,7,domain-binding,REJECTED,request/domain binding
fixture-04-correct,7,request-id,REJECTED,request/domain binding
fixture-04-correct,7,extra-top-field,REJECTED,certificate schema
fixture-04-correct,7,certificate-digest,REJECTED,certificate digest
fixture-04-correct,8,vector,REJECTED,node 16 cell 51 mismatch
fixture-04-correct,8,topology-op,REJECTED,node 6 topology
fixture-04-correct,8,topology-child,REJECTED,node 6 topology
fixture-04-correct,8,source-original,REJECTED,source binding
fixture-04-correct,8,source-candidate,REJECTED,source binding
fixture-04-correct,8,source-reference,REJECTED,source binding
fixture-04-correct,8,source-repair_guard,REJECTED,source binding
fixture-04-correct,8,root-defined,REJECTED,root binding
fixture-04-correct,8,root-repair,REJECTED,root binding
fixture-04-correct,8,root-preserve,REJECTED,root binding
fixture-04-correct,8,guard-root,REJECTED,root binding
fixture-04-correct,8,role-output,REJECTED,root binding
fixture-04-correct,8,role-defined,REJECTED,root binding
fixture-04-correct,8,trace-site,REJECTED,root binding
fixture-04-correct,8,trace-reachable,REJECTED,root binding
fixture-04-correct,8,trace-guard,REJECTED,root binding
fixture-04-correct,8,vector-length,REJECTED,node 12 vector length
fixture-04-correct,8,vector-type,REJECTED,node 0 sort
fixture-04-correct,8,node-sort,REJECTED,node 12 topology
fixture-04-correct,8,node-id,REJECTED,node 12 topology
fixture-04-correct,8,node-data,REJECTED,node 7 topology
fixture-04-correct,8,node-extra-field,REJECTED,node 12 schema
fixture-04-correct,8,node-missing-field,REJECTED,node 12 schema
fixture-04-correct,8,node-count,REJECTED,node count
fixture-04-correct,8,point-order,REJECTED,request/domain binding
fixture-04-correct,8,point-value,REJECTED,request/domain binding
fixture-04-correct,8,domain-binding,REJECTED,request/domain binding
fixture-04-correct,8,request-id,REJECTED,request/domain binding
fixture-04-correct,8,extra-top-field,REJECTED,certificate schema
fixture-04-correct,8,certificate-digest,REJECTED,certificate digest
fixture-04-correct,9,vector,REJECTED,node 14 cell 67 mismatch
fixture-04-correct,9,topology-op,REJECTED,node 15 topology
fixture-04-correct,9,topology-child,REJECTED,node 15 topology
fixture-04-correct,9,source-original,REJECTED,source binding
fixture-04-correct,9,source-candidate,REJECTED,source binding
fixture-04-correct,9,source-reference,REJECTED,source binding
fixture-04-correct,9,source-repair_guard,REJECTED,source binding
fixture-04-correct,9,root-defined,REJECTED,root binding
fixture-04-correct,9,root-repair,REJECTED,root binding
fixture-04-correct,9,root-preserve,REJECTED,root binding
fixture-04-correct,9,guard-root,REJECTED,root binding
fixture-04-correct,9,role-output,REJECTED,root binding
fixture-04-correct,9,role-defined,REJECTED,root binding
fixture-04-correct,9,trace-site,REJECTED,root binding
fixture-04-correct,9,trace-reachable,REJECTED,root binding
fixture-04-correct,9,trace-guard,REJECTED,root binding
fixture-04-correct,9,vector-length,REJECTED,node 13 vector length
fixture-04-correct,9,vector-type,REJECTED,node 21 sort
fixture-04-correct,9,node-sort,REJECTED,node 21 topology
fixture-04-correct,9,node-id,REJECTED,node 21 topology
fixture-04-correct,9,node-data,REJECTED,node 4 topology
fixture-04-correct,9,node-extra-field,REJECTED,node 13 schema
fixture-04-correct,9,node-missing-field,REJECTED,node 21 schema
fixture-04-correct,9,node-count,REJECTED,node count
fixture-04-correct,9,point-order,REJECTED,request/domain binding
fixture-04-correct,9,point-value,REJECTED,request/domain binding
fixture-04-correct,9,domain-binding,REJECTED,request/domain binding
fixture-04-correct,9,request-id,REJECTED,request/domain binding
fixture-04-correct,9,extra-top-field,REJECTED,certificate schema
fixture-04-correct,9,certificate-digest,REJECTED,certificate digest
fixture-05-correct,0,vector,REJECTED,node 7 cell 5 mismatch
fixture-05-correct,0,topology-op,REJECTED,node 13 topology
fixture-05-correct,0,topology-child,REJECTED,node 13 topology
fixture-05-correct,0,source-original,REJECTED,source binding
fixture-05-correct,0,source-candidate,REJECTED,source binding
fixture-05-correct,0,source-reference,REJECTED,source binding
fixture-05-correct,0,source-repair_guard,REJECTED,source binding
fixture-05-correct,0,root-defined,REJECTED,root binding
fixture-05-correct,0,root-repair,REJECTED,root binding
fixture-05-correct,0,root-preserve,REJECTED,root binding
fixture-05-correct,0,guard-root,REJECTED,root binding
fixture-05-correct,0,role-output,REJECTED,root binding
fixture-05-correct,0,role-defined,REJECTED,root binding
fixture-05-correct,0,trace-site,REJECTED,root binding
fixture-05-correct,0,trace-reachable,REJECTED,root binding
fixture-05-correct,0,trace-guard,REJECTED,root binding
fixture-05-correct,0,vector-length,REJECTED,node 5 vector length
fixture-05-correct,0,vector-type,REJECTED,node 16 sort
fixture-05-correct,0,node-sort,REJECTED,node 7 topology
fixture-05-correct,0,node-id,REJECTED,node 7 topology
fixture-05-correct,0,node-data,REJECTED,node 5 topology
fixture-05-correct,0,node-extra-field,REJECTED,node 5 schema
fixture-05-correct,0,node-missing-field,REJECTED,node 7 schema
fixture-05-correct,0,node-count,REJECTED,node count
fixture-05-correct,0,point-order,REJECTED,request/domain binding
fixture-05-correct,0,point-value,REJECTED,request/domain binding
fixture-05-correct,0,domain-binding,REJECTED,request/domain binding
fixture-05-correct,0,request-id,REJECTED,request/domain binding
fixture-05-correct,0,extra-top-field,REJECTED,certificate schema
fixture-05-correct,0,certificate-digest,REJECTED,certificate digest
fixture-05-correct,1,vector,REJECTED,node 18 cell 21 mismatch
fixture-05-correct,1,topology-op,REJECTED,node 14 topology
fixture-05-correct,1,topology-child,REJECTED,node 14 topology
fixture-05-correct,1,source-original,REJECTED,source binding
fixture-05-correct,1,source-candidate,REJECTED,source binding
fixture-05-correct,1,source-reference,REJECTED,source binding
fixture-05-correct,1,source-repair_guard,REJECTED,source binding
fixture-05-correct,1,root-defined,REJECTED,root binding
fixture-05-correct,1,root-repair,REJECTED,root binding
fixture-05-correct,1,root-preserve,REJECTED,root binding
fixture-05-correct,1,guard-root,REJECTED,root binding
fixture-05-correct,1,role-output,REJECTED,root binding
fixture-05-correct,1,role-defined,REJECTED,root binding
fixture-05-correct,1,trace-site,REJECTED,root binding
fixture-05-correct,1,trace-reachable,REJECTED,root binding
fixture-05-correct,1,trace-guard,REJECTED,root binding
fixture-05-correct,1,vector-length,REJECTED,node 2 vector length
fixture-05-correct,1,vector-type,REJECTED,node 10 sort
fixture-05-correct,1,node-sort,REJECTED,node 12 topology
fixture-05-correct,1,node-id,REJECTED,node 12 topology
fixture-05-correct,1,node-data,REJECTED,node 3 topology
fixture-05-correct,1,node-extra-field,REJECTED,node 2 schema
fixture-05-correct,1,node-missing-field,REJECTED,node 12 schema
fixture-05-correct,1,node-count,REJECTED,node count
fixture-05-correct,1,point-order,REJECTED,request/domain binding
fixture-05-correct,1,point-value,REJECTED,request/domain binding
fixture-05-correct,1,domain-binding,REJECTED,request/domain binding
fixture-05-correct,1,request-id,REJECTED,request/domain binding
fixture-05-correct,1,extra-top-field,REJECTED,certificate schema
fixture-05-correct,1,certificate-digest,REJECTED,certificate digest
fixture-05-correct,2,vector,REJECTED,node 6 cell 37 mismatch
fixture-05-correct,2,topology-op,REJECTED,node 15 topology
fixture-05-correct,2,topology-child,REJECTED,node 15 topology
fixture-05-correct,2,source-original,REJECTED,source binding
fixture-05-correct,2,source-candidate,REJECTED,source binding
fixture-05-correct,2,source-reference,REJECTED,source binding
fixture-05-correct,2,source-repair_guard,REJECTED,source binding
fixture-05-correct,2,root-defined,REJECTED,root binding
fixture-05-correct,2,root-repair,REJECTED,root binding
fixture-05-correct,2,root-preserve,REJECTED,root binding
fixture-05-correct,2,guard-root,REJECTED,root binding
fixture-05-correct,2,role-output,REJECTED,root binding
fixture-05-correct,2,role-defined,REJECTED,root binding
fixture-05-correct,2,trace-site,REJECTED,root binding
fixture-05-correct,2,trace-reachable,REJECTED,root binding
fixture-05-correct,2,trace-guard,REJECTED,root binding
fixture-05-correct,2,vector-length,REJECTED,node 24 vector length
fixture-05-correct,2,vector-type,REJECTED,node 24 sort
fixture-05-correct,2,node-sort,REJECTED,node 17 topology
fixture-05-correct,2,node-id,REJECTED,node 17 topology
fixture-05-correct,2,node-data,REJECTED,node 1 topology
fixture-05-correct,2,node-extra-field,REJECTED,node 24 schema
fixture-05-correct,2,node-missing-field,REJECTED,node 17 schema
fixture-05-correct,2,node-count,REJECTED,node count
fixture-05-correct,2,point-order,REJECTED,request/domain binding
fixture-05-correct,2,point-value,REJECTED,request/domain binding
fixture-05-correct,2,domain-binding,REJECTED,request/domain binding
fixture-05-correct,2,request-id,REJECTED,request/domain binding
fixture-05-correct,2,extra-top-field,REJECTED,certificate schema
fixture-05-correct,2,certificate-digest,REJECTED,certificate digest
fixture-05-correct,3,vector,REJECTED,node 17 cell 53 mismatch
fixture-05-correct,3,topology-op,REJECTED,node 16 topology
fixture-05-correct,3,topology-child,REJECTED,node 16 topology
fixture-05-correct,3,source-original,REJECTED,source binding
fixture-05-correct,3,source-candidate,REJECTED,source binding
fixture-05-correct,3,source-reference,REJECTED,source binding
fixture-05-correct,3,source-repair_guard,REJECTED,source binding
fixture-05-correct,3,root-defined,REJECTED,root binding
fixture-05-correct,3,root-repair,REJECTED,root binding
fixture-05-correct,3,root-preserve,REJECTED,root binding
fixture-05-correct,3,guard-root,REJECTED,root binding
fixture-05-correct,3,role-output,REJECTED,root binding
fixture-05-correct,3,role-defined,REJECTED,root binding
fixture-05-correct,3,trace-site,REJECTED,root binding
fixture-05-correct,3,trace-reachable,REJECTED,root binding
fixture-05-correct,3,trace-guard,REJECTED,root binding
fixture-05-correct,3,vector-length,REJECTED,node 21 vector length
fixture-05-correct,3,vector-type,REJECTED,node 21 sort
fixture-05-correct,3,node-sort,REJECTED,node 22 topology
fixture-05-correct,3,node-id,REJECTED,node 22 topology
fixture-05-correct,3,node-data,REJECTED,node 17 topology
fixture-05-correct,3,node-extra-field,REJECTED,node 21 schema
fixture-05-correct,3,node-missing-field,REJECTED,node 22 schema
fixture-05-correct,3,node-count,REJECTED,node count
fixture-05-correct,3,point-order,REJECTED,request/domain binding
fixture-05-correct,3,point-value,REJECTED,request/domain binding
fixture-05-correct,3,domain-binding,REJECTED,request/domain binding
fixture-05-correct,3,request-id,REJECTED,request/domain binding
fixture-05-correct,3,extra-top-field,REJECTED,certificate schema
fixture-05-correct,3,certificate-digest,REJECTED,certificate digest
fixture-05-correct,4,vector,REJECTED,node 5 cell 69 mismatch
fixture-05-correct,4,topology-op,REJECTED,node 18 topology
fixture-05-correct,4,topology-child,REJECTED,node 18 topology
fixture-05-correct,4,source-original,REJECTED,source binding
fixture-05-correct,4,source-candidate,REJECTED,source binding
fixture-05-correct,4,source-reference,REJECTED,source binding
fixture-05-correct,4,source-repair_guard,REJECTED,source binding
fixture-05-correct,4,root-defined,REJECTED,root binding
fixture-05-correct,4,root-repair,REJECTED,root binding
fixture-05-correct,4,root-preserve,REJECTED,root binding
fixture-05-correct,4,guard-root,REJECTED,root binding
fixture-05-correct,4,role-output,REJECTED,root binding
fixture-05-correct,4,role-defined,REJECTED,root binding
fixture-05-correct,4,trace-site,REJECTED,root binding
fixture-05-correct,4,trace-reachable,REJECTED,root binding
fixture-05-correct,4,trace-guard,REJECTED,root binding
fixture-05-correct,4,vector-length,REJECTED,node 18 vector length
fixture-05-correct,4,vector-type,REJECTED,node 12 sort
fixture-05-correct,4,node-sort,REJECTED,node 4 topology
fixture-05-correct,4,node-id,REJECTED,node 4 topology
fixture-05-correct,4,node-data,REJECTED,node 6 topology
fixture-05-correct,4,node-extra-field,REJECTED,node 18 schema
fixture-05-correct,4,node-missing-field,REJECTED,node 4 schema
fixture-05-correct,4,node-count,REJECTED,node count
fixture-05-correct,4,point-order,REJECTED,request/domain binding
fixture-05-correct,4,point-value,REJECTED,request/domain binding
fixture-05-correct,4,domain-binding,REJECTED,request/domain binding
fixture-05-correct,4,request-id,REJECTED,request/domain binding
fixture-05-correct,4,extra-top-field,REJECTED,certificate schema
fixture-05-correct,4,certificate-digest,REJECTED,certificate digest
fixture-05-correct,5,vector,REJECTED,node 15 cell 4 mismatch
fixture-05-correct,5,topology-op,REJECTED,node 19 topology
fixture-05-correct,5,topology-child,REJECTED,node 19 topology
fixture-05-correct,5,source-original,REJECTED,source binding
fixture-05-correct,5,source-candidate,REJECTED,source binding
fixture-05-correct,5,source-reference,REJECTED,source binding
fixture-05-correct,5,source-repair_guard,REJECTED,source binding
fixture-05-correct,5,root-defined,REJECTED,root binding
fixture-05-correct,5,root-repair,REJECTED,root binding
fixture-05-correct,5,root-preserve,REJECTED,root binding
fixture-05-correct,5,guard-root,REJECTED,root binding
fixture-05-correct,5,role-output,REJECTED,root binding
fixture-05-correct,5,role-defined,REJECTED,root binding
fixture-05-correct,5,trace-site,REJECTED,root binding
fixture-05-correct,5,trace-reachable,REJECTED,root binding
fixture-05-correct,5,trace-guard,REJECTED,root binding
fixture-05-correct,5,vector-length,REJECTED,node 15 vector length
fixture-05-correct,5,vector-type,REJECTED,node 0 sort
fixture-05-correct,5,node-sort,REJECTED,node 9 topology
fixture-05-correct,5,node-id,REJECTED,node 9 topology
fixture-05-correct,5,node-data,REJECTED,node 4 topology
fixture-05-correct,5,node-extra-field,REJECTED,node 15 schema
fixture-05-correct,5,node-missing-field,REJECTED,node 9 schema
fixture-05-correct,5,node-count,REJECTED,node count
fixture-05-correct,5,point-order,REJECTED,request/domain binding
fixture-05-correct,5,point-value,REJECTED,request/domain binding
fixture-05-correct,5,domain-binding,REJECTED,request/domain binding
fixture-05-correct,5,request-id,REJECTED,request/domain binding
fixture-05-correct,5,extra-top-field,REJECTED,certificate schema
fixture-05-correct,5,certificate-digest,REJECTED,certificate digest
fixture-05-correct,6,vector,REJECTED,node 4 cell 20 mismatch
fixture-05-correct,6,topology-op,REJECTED,node 20 topology
fixture-05-correct,6,topology-child,REJECTED,node 20 topology
fixture-05-correct,6,source-original,REJECTED,source binding
fixture-05-correct,6,source-candidate,REJECTED,source binding
fixture-05-correct,6,source-reference,REJECTED,source binding
fixture-05-correct,6,source-repair_guard,REJECTED,source binding
fixture-05-correct,6,root-defined,REJECTED,root binding
fixture-05-correct,6,root-repair,REJECTED,root binding
fixture-05-correct,6,root-preserve,REJECTED,root binding
fixture-05-correct,6,guard-root,REJECTED,root binding
fixture-05-correct,6,role-output,REJECTED,root binding
fixture-05-correct,6,role-defined,REJECTED,root binding
fixture-05-correct,6,trace-site,REJECTED,root binding
fixture-05-correct,6,trace-reachable,REJECTED,root binding
fixture-05-correct,6,trace-guard,REJECTED,root binding
fixture-05-correct,6,vector-length,REJECTED,node 12 vector length
fixture-05-correct,6,vector-type,REJECTED,node 22 sort
fixture-05-correct,6,node-sort,REJECTED,node 14 topology
fixture-05-correct,6,node-id,REJECTED,node 14 topology
fixture-05-correct,6,node-data,REJECTED,node 2 topology
fixture-05-correct,6,node-extra-field,REJECTED,node 12 schema
fixture-05-correct,6,node-missing-field,REJECTED,node 14 schema
fixture-05-correct,6,node-count,REJECTED,node count
fixture-05-correct,6,point-order,REJECTED,request/domain binding
fixture-05-correct,6,point-value,REJECTED,request/domain binding
fixture-05-correct,6,domain-binding,REJECTED,request/domain binding
fixture-05-correct,6,request-id,REJECTED,request/domain binding
fixture-05-correct,6,extra-top-field,REJECTED,certificate schema
fixture-05-correct,6,certificate-digest,REJECTED,certificate digest
fixture-05-correct,7,vector,REJECTED,node 13 cell 36 mismatch
fixture-05-correct,7,topology-op,REJECTED,node 21 topology
fixture-05-correct,7,topology-child,REJECTED,node 21 topology
fixture-05-correct,7,source-original,REJECTED,source binding
fixture-05-correct,7,source-candidate,REJECTED,source binding
fixture-05-correct,7,source-reference,REJECTED,source binding
fixture-05-correct,7,source-repair_guard,REJECTED,source binding
fixture-05-correct,7,root-defined,REJECTED,root binding
fixture-05-correct,7,root-repair,REJECTED,root binding
fixture-05-correct,7,root-preserve,REJECTED,root binding
fixture-05-correct,7,guard-root,REJECTED,root binding
fixture-05-correct,7,role-output,REJECTED,root binding
fixture-05-correct,7,role-defined,REJECTED,root binding
fixture-05-correct,7,trace-site,REJECTED,root binding
fixture-05-correct,7,trace-reachable,REJECTED,root binding
fixture-05-correct,7,trace-guard,REJECTED,root binding
fixture-05-correct,7,vector-length,REJECTED,node 9 vector length
fixture-05-correct,7,vector-type,REJECTED,node 14 sort
fixture-05-correct,7,node-sort,REJECTED,node 19 topology
fixture-05-correct,7,node-id,REJECTED,node 19 topology
fixture-05-correct,7,node-data,REJECTED,node 0 topology
fixture-05-correct,7,node-extra-field,REJECTED,node 9 schema
fixture-05-correct,7,node-missing-field,REJECTED,node 19 schema
fixture-05-correct,7,node-count,REJECTED,node count
fixture-05-correct,7,point-order,REJECTED,request/domain binding
fixture-05-correct,7,point-value,REJECTED,request/domain binding
fixture-05-correct,7,domain-binding,REJECTED,request/domain binding
fixture-05-correct,7,request-id,REJECTED,request/domain binding
fixture-05-correct,7,extra-top-field,REJECTED,certificate schema
fixture-05-correct,7,certificate-digest,REJECTED,certificate digest
fixture-05-correct,8,vector,REJECTED,node 3 cell 52 mismatch
fixture-05-correct,8,topology-op,REJECTED,node 22 topology
fixture-05-correct,8,topology-child,REJECTED,node 22 topology
fixture-05-correct,8,source-original,REJECTED,source binding
fixture-05-correct,8,source-candidate,REJECTED,source binding
fixture-05-correct,8,source-reference,REJECTED,source binding
fixture-05-correct,8,source-repair_guard,REJECTED,source binding
fixture-05-correct,8,root-defined,REJECTED,root binding
fixture-05-correct,8,root-repair,REJECTED,root binding
fixture-05-correct,8,root-preserve,REJECTED,root binding
fixture-05-correct,8,guard-root,REJECTED,root binding
fixture-05-correct,8,role-output,REJECTED,root binding
fixture-05-correct,8,role-defined,REJECTED,root binding
fixture-05-correct,8,trace-site,REJECTED,root binding
fixture-05-correct,8,trace-reachable,REJECTED,root binding
fixture-05-correct,8,trace-guard,REJECTED,root binding
fixture-05-correct,8,vector-length,REJECTED,node 6 vector length
fixture-05-correct,8,vector-type,REJECTED,node 1 sort
fixture-05-correct,8,node-sort,REJECTED,node 24 topology
fixture-05-correct,8,node-id,REJECTED,node 24 topology
fixture-05-correct,8,node-data,REJECTED,node 9 topology
fixture-05-correct,8,node-extra-field,REJECTED,node 6 schema
fixture-05-correct,8,node-missing-field,REJECTED,node 24 schema
fixture-05-correct,8,node-count,REJECTED,node count
fixture-05-correct,8,point-order,REJECTED,request/domain binding
fixture-05-correct,8,point-value,REJECTED,request/domain binding
fixture-05-correct,8,domain-binding,REJECTED,request/domain binding
fixture-05-correct,8,request-id,REJECTED,request/domain binding
fixture-05-correct,8,extra-top-field,REJECTED,certificate schema
fixture-05-correct,8,certificate-digest,REJECTED,certificate digest
fixture-05-correct,9,vector,REJECTED,node 11 cell 68 mismatch
fixture-05-correct,9,topology-op,REJECTED,node 23 topology
fixture-05-correct,9,topology-child,REJECTED,node 23 topology
fixture-05-correct,9,source-original,REJECTED,source binding
fixture-05-correct,9,source-candidate,REJECTED,source binding
fixture-05-correct,9,source-reference,REJECTED,source binding
fixture-05-correct,9,source-repair_guard,REJECTED,source binding
fixture-05-correct,9,root-defined,REJECTED,root binding
fixture-05-correct,9,root-repair,REJECTED,root binding
fixture-05-correct,9,root-preserve,REJECTED,root binding
fixture-05-correct,9,guard-root,REJECTED,root binding
fixture-05-correct,9,role-output,REJECTED,root binding
fixture-05-correct,9,role-defined,REJECTED,root binding
fixture-05-correct,9,trace-site,REJECTED,root binding
fixture-05-correct,9,trace-reachable,REJECTED,root binding
fixture-05-correct,9,trace-guard,REJECTED,root binding
fixture-05-correct,9,vector-length,REJECTED,node 3 vector length
fixture-05-correct,9,vector-type,REJECTED,node 23 sort
fixture-05-correct,9,node-sort,REJECTED,node 6 topology
fixture-05-correct,9,node-id,REJECTED,node 6 topology
fixture-05-correct,9,node-data,REJECTED,node 5 topology
fixture-05-correct,9,node-extra-field,REJECTED,node 3 schema
fixture-05-correct,9,node-missing-field,REJECTED,node 6 schema
fixture-05-correct,9,node-count,REJECTED,node count
fixture-05-correct,9,point-order,REJECTED,request/domain binding
fixture-05-correct,9,point-value,REJECTED,request/domain binding
fixture-05-correct,9,domain-binding,REJECTED,request/domain binding
fixture-05-correct,9,request-id,REJECTED,request/domain binding
fixture-05-correct,9,extra-top-field,REJECTED,certificate schema
fixture-05-correct,9,certificate-digest,REJECTED,certificate digest
fixture-06-correct,0,vector,REJECTED,node 9 cell 6 mismatch
fixture-06-correct,0,topology-op,REJECTED,node 14 topology
fixture-06-correct,0,topology-child,REJECTED,node 14 topology
fixture-06-correct,0,source-original,REJECTED,source binding
fixture-06-correct,0,source-candidate,REJECTED,source binding
fixture-06-correct,0,source-reference,REJECTED,source binding
fixture-06-correct,0,source-repair_guard,REJECTED,source binding
fixture-06-correct,0,root-defined,REJECTED,root binding
fixture-06-correct,0,root-repair,REJECTED,root binding
fixture-06-correct,0,root-preserve,REJECTED,root binding
fixture-06-correct,0,guard-root,REJECTED,root binding
fixture-06-correct,0,role-output,REJECTED,root binding
fixture-06-correct,0,role-defined,REJECTED,root binding
fixture-06-correct,0,trace-site,REJECTED,root binding
fixture-06-correct,0,trace-reachable,REJECTED,root binding
fixture-06-correct,0,trace-guard,REJECTED,root binding
fixture-06-correct,0,vector-length,REJECTED,node 6 vector length
fixture-06-correct,0,vector-type,REJECTED,node 20 sort
fixture-06-correct,0,node-sort,REJECTED,node 8 topology
fixture-06-correct,0,node-id,REJECTED,node 8 topology
fixture-06-correct,0,node-data,REJECTED,node 7 topology
fixture-06-correct,0,node-extra-field,REJECTED,node 6 schema
fixture-06-correct,0,node-missing-field,REJECTED,node 8 schema
fixture-06-correct,0,node-count,REJECTED,node count
fixture-06-correct,0,point-order,REJECTED,request/domain binding
fixture-06-correct,0,point-value,REJECTED,request/domain binding
fixture-06-correct,0,domain-binding,REJECTED,request/domain binding
fixture-06-correct,0,request-id,REJECTED,request/domain binding
fixture-06-correct,0,extra-top-field,REJECTED,certificate schema
fixture-06-correct,0,certificate-digest,REJECTED,certificate digest
fixture-06-correct,1,vector,REJECTED,node 7 cell 22 mismatch
fixture-06-correct,1,topology-op,REJECTED,node 22 topology
fixture-06-correct,1,topology-child,REJECTED,node 22 topology
fixture-06-correct,1,source-original,REJECTED,source binding
fixture-06-correct,1,source-candidate,REJECTED,source binding
fixture-06-correct,1,source-reference,REJECTED,source binding
fixture-06-correct,1,source-repair_guard,REJECTED,source binding
fixture-06-correct,1,root-defined,REJECTED,root binding
fixture-06-correct,1,root-repair,REJECTED,root binding
fixture-06-correct,1,root-preserve,REJECTED,root binding
fixture-06-correct,1,guard-root,REJECTED,root binding
fixture-06-correct,1,role-output,REJECTED,root binding
fixture-06-correct,1,role-defined,REJECTED,root binding
fixture-06-correct,1,trace-site,REJECTED,root binding
fixture-06-correct,1,trace-reachable,REJECTED,root binding
fixture-06-correct,1,trace-guard,REJECTED,root binding
fixture-06-correct,1,vector-length,REJECTED,node 7 vector length
fixture-06-correct,1,vector-type,REJECTED,node 11 sort
fixture-06-correct,1,node-sort,REJECTED,node 17 topology
fixture-06-correct,1,node-id,REJECTED,node 17 topology
fixture-06-correct,1,node-data,REJECTED,node 4 topology
fixture-06-correct,1,node-extra-field,REJECTED,node 7 schema
fixture-06-correct,1,node-missing-field,REJECTED,node 17 schema
fixture-06-correct,1,node-count,REJECTED,node count
fixture-06-correct,1,point-order,REJECTED,request/domain binding
fixture-06-correct,1,point-value,REJECTED,request/domain binding
fixture-06-correct,1,domain-binding,REJECTED,request/domain binding
fixture-06-correct,1,request-id,REJECTED,request/domain binding
fixture-06-correct,1,extra-top-field,REJECTED,certificate schema
fixture-06-correct,1,certificate-digest,REJECTED,certificate digest
fixture-06-correct,2,vector,REJECTED,node 6 cell 38 mismatch
fixture-06-correct,2,topology-op,REJECTED,node 13 topology
fixture-06-correct,2,topology-child,REJECTED,node 13 topology
fixture-06-correct,2,source-original,REJECTED,source binding
fixture-06-correct,2,source-candidate,REJECTED,source binding
fixture-06-correct,2,source-reference,REJECTED,source binding
fixture-06-correct,2,source-repair_guard,REJECTED,source binding
fixture-06-correct,2,root-defined,REJECTED,root binding
fixture-06-correct,2,root-repair,REJECTED,root binding
fixture-06-correct,2,root-preserve,REJECTED,root binding
fixture-06-correct,2,guard-root,REJECTED,root binding
fixture-06-correct,2,role-output,REJECTED,root binding
fixture-06-correct,2,role-defined,REJECTED,root binding
fixture-06-correct,2,trace-site,REJECTED,root binding
fixture-06-correct,2,trace-reachable,REJECTED,root binding
fixture-06-correct,2,trace-guard,REJECTED,root binding
fixture-06-correct,2,vector-length,REJECTED,node 8 vector length
fixture-06-correct,2,vector-type,REJECTED,node 0 sort
fixture-06-correct,2,node-sort,REJECTED,node 4 topology
fixture-06-correct,2,node-id,REJECTED,node 4 topology
fixture-06-correct,2,node-data,REJECTED,node 2 topology
fixture-06-correct,2,node-extra-field,REJECTED,node 8 schema
fixture-06-correct,2,node-missing-field,REJECTED,node 4 schema
fixture-06-correct,2,node-count,REJECTED,node count
fixture-06-correct,2,point-order,REJECTED,request/domain binding
fixture-06-correct,2,point-value,REJECTED,request/domain binding
fixture-06-correct,2,domain-binding,REJECTED,request/domain binding
fixture-06-correct,2,request-id,REJECTED,request/domain binding
fixture-06-correct,2,extra-top-field,REJECTED,certificate schema
fixture-06-correct,2,certificate-digest,REJECTED,certificate digest
fixture-06-correct,3,vector,REJECTED,node 5 cell 54 mismatch
fixture-06-correct,3,topology-op,REJECTED,node 21 topology
fixture-06-correct,3,topology-child,REJECTED,node 21 topology
fixture-06-correct,3,source-original,REJECTED,source binding
fixture-06-correct,3,source-candidate,REJECTED,source binding
fixture-06-correct,3,source-reference,REJECTED,source binding
fixture-06-correct,3,source-repair_guard,REJECTED,source binding
fixture-06-correct,3,root-defined,REJECTED,root binding
fixture-06-correct,3,root-repair,REJECTED,root binding
fixture-06-correct,3,root-preserve,REJECTED,root binding
fixture-06-correct,3,guard-root,REJECTED,root binding
fixture-06-correct,3,role-output,REJECTED,root binding
fixture-06-correct,3,role-defined,REJECTED,root binding
fixture-06-correct,3,trace-site,REJECTED,root binding
fixture-06-correct,3,trace-reachable,REJECTED,root binding
fixture-06-correct,3,trace-guard,REJECTED,root binding
fixture-06-correct,3,vector-length,REJECTED,node 9 vector length
fixture-06-correct,3,vector-type,REJECTED,node 21 sort
fixture-06-correct,3,node-sort,REJECTED,node 13 topology
fixture-06-correct,3,node-id,REJECTED,node 13 topology
fixture-06-correct,3,node-data,REJECTED,node 0 topology
fixture-06-correct,3,node-extra-field,REJECTED,node 9 schema
fixture-06-correct,3,node-missing-field,REJECTED,node 13 schema
fixture-06-correct,3,node-count,REJECTED,node count
fixture-06-correct,3,point-order,REJECTED,request/domain binding
fixture-06-correct,3,point-value,REJECTED,request/domain binding
fixture-06-correct,3,domain-binding,REJECTED,request/domain binding
fixture-06-correct,3,request-id,REJECTED,request/domain binding
fixture-06-correct,3,extra-top-field,REJECTED,certificate schema
fixture-06-correct,3,certificate-digest,REJECTED,certificate digest
fixture-06-correct,4,vector,REJECTED,node 4 cell 70 mismatch
fixture-06-correct,4,topology-op,REJECTED,node 12 topology
fixture-06-correct,4,topology-child,REJECTED,node 12 topology
fixture-06-correct,4,source-original,REJECTED,source binding
fixture-06-correct,4,source-candidate,REJECTED,source binding
fixture-06-correct,4,source-reference,REJECTED,source binding
fixture-06-correct,4,source-repair_guard,REJECTED,source binding
fixture-06-correct,4,root-defined,REJECTED,root binding
fixture-06-correct,4,root-repair,REJECTED,root binding
fixture-06-correct,4,root-preserve,REJECTED,root binding
fixture-06-correct,4,guard-root,REJECTED,root binding
fixture-06-correct,4,role-output,REJECTED,root binding
fixture-06-correct,4,role-defined,REJECTED,root binding
fixture-06-correct,4,trace-site,REJECTED,root binding
fixture-06-correct,4,trace-reachable,REJECTED,root binding
fixture-06-correct,4,trace-guard,REJECTED,root binding
fixture-06-correct,4,vector-length,REJECTED,node 10 vector length
fixture-06-correct,4,vector-type,REJECTED,node 13 sort
fixture-06-correct,4,node-sort,REJECTED,node 22 topology
fixture-06-correct,4,node-id,REJECTED,node 22 topology
fixture-06-correct,4,node-data,REJECTED,node 9 topology
fixture-06-correct,4,node-extra-field,REJECTED,node 10 schema
fixture-06-correct,4,node-missing-field,REJECTED,node 22 schema
fixture-06-correct,4,node-count,REJECTED,node count
fixture-06-correct,4,point-order,REJECTED,request/domain binding
fixture-06-correct,4,point-value,REJECTED,request/domain binding
fixture-06-correct,4,domain-binding,REJECTED,request/domain binding
fixture-06-correct,4,request-id,REJECTED,request/domain binding
fixture-06-correct,4,extra-top-field,REJECTED,certificate schema
fixture-06-correct,4,certificate-digest,REJECTED,certificate digest
fixture-06-correct,5,vector,REJECTED,node 3 cell 5 mismatch
fixture-06-correct,5,topology-op,REJECTED,node 20 topology
fixture-06-correct,5,topology-child,REJECTED,node 20 topology
fixture-06-correct,5,source-original,REJECTED,source binding
fixture-06-correct,5,source-candidate,REJECTED,source binding
fixture-06-correct,5,source-reference,REJECTED,source binding
fixture-06-correct,5,source-repair_guard,REJECTED,source binding
fixture-06-correct,5,root-defined,REJECTED,root binding
fixture-06-correct,5,root-repair,REJECTED,root binding
fixture-06-correct,5,root-preserve,REJECTED,root binding
fixture-06-correct,5,guard-root,REJECTED,root binding
fixture-06-correct,5,role-output,REJECTED,root binding
fixture-06-correct,5,role-defined,REJECTED,root binding
fixture-06-correct,5,trace-site,REJECTED,root binding
fixture-06-correct,5,trace-reachable,REJECTED,root binding
fixture-06-correct,5,trace-guard,REJECTED,root binding
fixture-06-correct,5,vector-length,REJECTED,node 11 vector length
fixture-06-correct,5,vector-type,REJECTED,node 1 sort
fixture-06-correct,5,node-sort,REJECTED,node 9 topology
fixture-06-correct,5,node-id,REJECTED,node 9 topology
fixture-06-correct,5,node-data,REJECTED,node 5 topology
fixture-06-correct,5,node-extra-field,REJECTED,node 11 schema
fixture-06-correct,5,node-missing-field,REJECTED,node 9 schema
fixture-06-correct,5,node-count,REJECTED,node count
fixture-06-correct,5,point-order,REJECTED,request/domain binding
fixture-06-correct,5,point-value,REJECTED,request/domain binding
fixture-06-correct,5,domain-binding,REJECTED,request/domain binding
fixture-06-correct,5,request-id,REJECTED,request/domain binding
fixture-06-correct,5,extra-top-field,REJECTED,certificate schema
fixture-06-correct,5,certificate-digest,REJECTED,certificate digest
fixture-06-correct,6,vector,REJECTED,node 2 cell 21 mismatch
fixture-06-correct,6,topology-op,REJECTED,node 11 topology
fixture-06-correct,6,topology-child,REJECTED,node 11 topology
fixture-06-correct,6,source-original,REJECTED,source binding
fixture-06-correct,6,source-candidate,REJECTED,source binding
fixture-06-correct,6,source-reference,REJECTED,source binding
fixture-06-correct,6,source-repair_guard,REJECTED,source binding
fixture-06-correct,6,root-defined,REJECTED,root binding
fixture-06-correct,6,root-repair,REJECTED,root binding
fixture-06-correct,6,root-preserve,REJECTED,root binding
fixture-06-correct,6,guard-root,REJECTED,root binding
fixture-06-correct,6,role-output,REJECTED,root binding
fixture-06-correct,6,role-defined,REJECTED,root binding
fixture-06-correct,6,trace-site,REJECTED,root binding
fixture-06-correct,6,trace-reachable,REJECTED,root binding
fixture-06-correct,6,trace-guard,REJECTED,root binding
fixture-06-correct,6,vector-length,REJECTED,node 12 vector length
fixture-06-correct,6,vector-type,REJECTED,node 22 sort
fixture-06-correct,6,node-sort,REJECTED,node 18 topology
fixture-06-correct,6,node-id,REJECTED,node 18 topology
fixture-06-correct,6,node-data,REJECTED,node 3 topology
fixture-06-correct,6,node-extra-field,REJECTED,node 12 schema
fixture-06-correct,6,node-missing-field,REJECTED,node 18 schema
fixture-06-correct,6,node-count,REJECTED,node count
fixture-06-correct,6,point-order,REJECTED,request/domain binding
fixture-06-correct,6,point-value,REJECTED,request/domain binding
fixture-06-correct,6,domain-binding,REJECTED,request/domain binding
fixture-06-correct,6,request-id,REJECTED,request/domain binding
fixture-06-correct,6,extra-top-field,REJECTED,certificate schema
fixture-06-correct,6,certificate-digest,REJECTED,certificate digest
fixture-06-correct,7,vector,REJECTED,node 19 cell 37 mismatch
fixture-06-correct,7,topology-op,REJECTED,node 19 topology
fixture-06-correct,7,topology-child,REJECTED,node 19 topology
fixture-06-correct,7,source-original,REJECTED,source binding
fixture-06-correct,7,source-candidate,REJECTED,source binding
fixture-06-correct,7,source-reference,REJECTED,source binding
fixture-06-correct,7,source-repair_guard,REJECTED,source binding
fixture-06-correct,7,root-defined,REJECTED,root binding
fixture-06-correct,7,root-repair,REJECTED,root binding
fixture-06-correct,7,root-preserve,REJECTED,root binding
fixture-06-correct,7,guard-root,REJECTED,root binding
fixture-06-correct,7,role-output,REJECTED,root binding
fixture-06-correct,7,role-defined,REJECTED,root binding
fixture-06-correct,7,trace-site,REJECTED,root binding
fixture-06-correct,7,trace-reachable,REJECTED,root binding
fixture-06-correct,7,trace-guard,REJECTED,root binding
fixture-06-correct,7,vector-length,REJECTED,node 13 vector length
fixture-06-correct,7,vector-type,REJECTED,node 15 sort
fixture-06-correct,7,node-sort,REJECTED,node 5 topology
fixture-06-correct,7,node-id,REJECTED,node 5 topology
fixture-06-correct,7,node-data,REJECTED,node 1 topology
fixture-06-correct,7,node-extra-field,REJECTED,node 13 schema
fixture-06-correct,7,node-missing-field,REJECTED,node 5 schema
fixture-06-correct,7,node-count,REJECTED,node count
fixture-06-correct,7,point-order,REJECTED,request/domain binding
fixture-06-correct,7,point-value,REJECTED,request/domain binding
fixture-06-correct,7,domain-binding,REJECTED,request/domain binding
fixture-06-correct,7,request-id,REJECTED,request/domain binding
fixture-06-correct,7,extra-top-field,REJECTED,certificate schema
fixture-06-correct,7,certificate-digest,REJECTED,certificate digest
fixture-06-correct,8,vector,REJECTED,node 18 cell 53 mismatch
fixture-06-correct,8,topology-op,REJECTED,node 10 topology
fixture-06-correct,8,topology-child,REJECTED,node 10 topology
fixture-06-correct,8,source-original,REJECTED,source binding
fixture-06-correct,8,source-candidate,REJECTED,source binding
fixture-06-correct,8,source-reference,REJECTED,source binding
fixture-06-correct,8,source-repair_guard,REJECTED,source binding
fixture-06-correct,8,root-defined,REJECTED,root binding
fixture-06-correct,8,root-repair,REJECTED,root binding
fixture-06-correct,8,root-preserve,REJECTED,root binding
fixture-06-correct,8,guard-root,REJECTED,root binding
fixture-06-correct,8,role-output,REJECTED,root binding
fixture-06-correct,8,role-defined,REJECTED,root binding
fixture-06-correct,8,trace-site,REJECTED,root binding
fixture-06-correct,8,trace-reachable,REJECTED,root binding
fixture-06-correct,8,trace-guard,REJECTED,root binding
fixture-06-correct,8,vector-length,REJECTED,node 14 vector length
fixture-06-correct,8,vector-type,REJECTED,node 8 sort
fixture-06-correct,8,node-sort,REJECTED,node 14 topology
fixture-06-correct,8,node-id,REJECTED,node 14 topology
fixture-06-correct,8,node-data,REJECTED,node 16 topology
fixture-06-correct,8,node-extra-field,REJECTED,node 14 schema
fixture-06-correct,8,node-missing-field,REJECTED,node 14 schema
fixture-06-correct,8,node-count,REJECTED,node count
fixture-06-correct,8,point-order,REJECTED,request/domain binding
fixture-06-correct,8,point-value,REJECTED,request/domain binding
fixture-06-correct,8,domain-binding,REJECTED,request/domain binding
fixture-06-correct,8,request-id,REJECTED,request/domain binding
fixture-06-correct,8,extra-top-field,REJECTED,certificate schema
fixture-06-correct,8,certificate-digest,REJECTED,certificate digest
fixture-06-correct,9,vector,REJECTED,node 17 cell 69 mismatch
fixture-06-correct,9,topology-op,REJECTED,node 18 topology
fixture-06-correct,9,topology-child,REJECTED,node 18 topology
fixture-06-correct,9,source-original,REJECTED,source binding
fixture-06-correct,9,source-candidate,REJECTED,source binding
fixture-06-correct,9,source-reference,REJECTED,source binding
fixture-06-correct,9,source-repair_guard,REJECTED,source binding
fixture-06-correct,9,root-defined,REJECTED,root binding
fixture-06-correct,9,root-repair,REJECTED,root binding
fixture-06-correct,9,root-preserve,REJECTED,root binding
fixture-06-correct,9,guard-root,REJECTED,root binding
fixture-06-correct,9,role-output,REJECTED,root binding
fixture-06-correct,9,role-defined,REJECTED,root binding
fixture-06-correct,9,trace-site,REJECTED,root binding
fixture-06-correct,9,trace-reachable,REJECTED,root binding
fixture-06-correct,9,trace-guard,REJECTED,root binding
fixture-06-correct,9,vector-length,REJECTED,node 15 vector length
fixture-06-correct,9,vector-type,REJECTED,node 23 sort
fixture-06-correct,9,node-sort,REJECTED,node 23 topology
fixture-06-correct,9,node-id,REJECTED,node 23 topology
fixture-06-correct,9,node-data,REJECTED,node 7 topology
fixture-06-correct,9,node-extra-field,REJECTED,node 15 schema
fixture-06-correct,9,node-missing-field,REJECTED,node 23 schema
fixture-06-correct,9,node-count,REJECTED,node count
fixture-06-correct,9,point-order,REJECTED,request/domain binding
fixture-06-correct,9,point-value,REJECTED,request/domain binding
fixture-06-correct,9,domain-binding,REJECTED,request/domain binding
fixture-06-correct,9,request-id,REJECTED,request/domain binding
fixture-06-correct,9,extra-top-field,REJECTED,certificate schema
fixture-06-correct,9,certificate-digest,REJECTED,certificate digest
fixture-07-correct,0,vector,REJECTED,node 10 cell 7 mismatch
fixture-07-correct,0,topology-op,REJECTED,node 16 topology
fixture-07-correct,0,topology-child,REJECTED,node 16 topology
fixture-07-correct,0,source-original,REJECTED,source binding
fixture-07-correct,0,source-candidate,REJECTED,source binding
fixture-07-correct,0,source-reference,REJECTED,source binding
fixture-07-correct,0,source-repair_guard,REJECTED,source binding
fixture-07-correct,0,root-defined,REJECTED,root binding
fixture-07-correct,0,root-repair,REJECTED,root binding
fixture-07-correct,0,root-preserve,REJECTED,root binding
fixture-07-correct,0,guard-root,REJECTED,root binding
fixture-07-correct,0,role-output,REJECTED,root binding
fixture-07-correct,0,role-defined,REJECTED,root binding
fixture-07-correct,0,trace-site,REJECTED,root binding
fixture-07-correct,0,trace-reachable,REJECTED,root binding
fixture-07-correct,0,trace-guard,REJECTED,root binding
fixture-07-correct,0,vector-length,REJECTED,node 7 vector length
fixture-07-correct,0,vector-type,REJECTED,node 22 sort
fixture-07-correct,0,node-sort,REJECTED,node 9 topology
fixture-07-correct,0,node-id,REJECTED,node 9 topology
fixture-07-correct,0,node-data,REJECTED,node 8 topology
fixture-07-correct,0,node-extra-field,REJECTED,node 7 schema
fixture-07-correct,0,node-missing-field,REJECTED,node 9 schema
fixture-07-correct,0,node-count,REJECTED,node count
fixture-07-correct,0,point-order,REJECTED,request/domain binding
fixture-07-correct,0,point-value,REJECTED,request/domain binding
fixture-07-correct,0,domain-binding,REJECTED,request/domain binding
fixture-07-correct,0,request-id,REJECTED,request/domain binding
fixture-07-correct,0,extra-top-field,REJECTED,certificate schema
fixture-07-correct,0,certificate-digest,REJECTED,certificate digest
fixture-07-correct,1,vector,REJECTED,node 20 cell 23 mismatch
fixture-07-correct,1,topology-op,REJECTED,node 24 topology
fixture-07-correct,1,topology-child,REJECTED,node 24 topology
fixture-07-correct,1,source-original,REJECTED,source binding
fixture-07-correct,1,source-candidate,REJECTED,source binding
fixture-07-correct,1,source-reference,REJECTED,source binding
fixture-07-correct,1,source-repair_guard,REJECTED,source binding
fixture-07-correct,1,root-defined,REJECTED,root binding
fixture-07-correct,1,root-repair,REJECTED,root binding
fixture-07-correct,1,root-preserve,REJECTED,root binding
fixture-07-correct,1,guard-root,REJECTED,root binding
fixture-07-correct,1,role-output,REJECTED,root binding
fixture-07-correct,1,role-defined,REJECTED,root binding
fixture-07-correct,1,trace-site,REJECTED,root binding
fixture-07-correct,1,trace-reachable,REJECTED,root binding
fixture-07-correct,1,trace-guard,REJECTED,root binding
fixture-07-correct,1,vector-length,REJECTED,node 4 vector length
fixture-07-correct,1,vector-type,REJECTED,node 14 sort
fixture-07-correct,1,node-sort,REJECTED,node 14 topology
fixture-07-correct,1,node-id,REJECTED,node 14 topology
fixture-07-correct,1,node-data,REJECTED,node 4 topology
fixture-07-correct,1,node-extra-field,REJECTED,node 4 schema
fixture-07-correct,1,node-missing-field,REJECTED,node 14 schema
fixture-07-correct,1,node-count,REJECTED,node count
fixture-07-correct,1,point-order,REJECTED,request/domain binding
fixture-07-correct,1,point-value,REJECTED,request/domain binding
fixture-07-correct,1,domain-binding,REJECTED,request/domain binding
fixture-07-correct,1,request-id,REJECTED,request/domain binding
fixture-07-correct,1,extra-top-field,REJECTED,certificate schema
fixture-07-correct,1,certificate-digest,REJECTED,certificate digest
fixture-07-correct,2,vector,REJECTED,node 8 cell 39 mismatch
fixture-07-correct,2,topology-op,REJECTED,node 15 topology
fixture-07-correct,2,topology-child,REJECTED,node 15 topology
fixture-07-correct,2,source-original,REJECTED,source binding
fixture-07-correct,2,source-candidate,REJECTED,source binding
fixture-07-correct,2,source-reference,REJECTED,source binding
fixture-07-correct,2,source-repair_guard,REJECTED,source binding
fixture-07-correct,2,root-defined,REJECTED,root binding
fixture-07-correct,2,root-repair,REJECTED,root binding
fixture-07-correct,2,root-preserve,REJECTED,root binding
fixture-07-correct,2,guard-root,REJECTED,root binding
fixture-07-correct,2,role-output,REJECTED,root binding
fixture-07-correct,2,role-defined,REJECTED,root binding
fixture-07-correct,2,trace-site,REJECTED,root binding
fixture-07-correct,2,trace-reachable,REJECTED,root binding
fixture-07-correct,2,trace-guard,REJECTED,root binding
fixture-07-correct,2,vector-length,REJECTED,node 1 vector length
fixture-07-correct,2,vector-type,REJECTED,node 1 sort
fixture-07-correct,2,node-sort,REJECTED,node 19 topology
fixture-07-correct,2,node-id,REJECTED,node 19 topology
fixture-07-correct,2,node-data,REJECTED,node 1 topology
fixture-07-correct,2,node-extra-field,REJECTED,node 1 schema
fixture-07-correct,2,node-missing-field,REJECTED,node 19 schema
fixture-07-correct,2,node-count,REJECTED,node count
fixture-07-correct,2,point-order,REJECTED,request/domain binding
fixture-07-correct,2,point-value,REJECTED,request/domain binding
fixture-07-correct,2,domain-binding,REJECTED,request/domain binding
fixture-07-correct,2,request-id,REJECTED,request/domain binding
fixture-07-correct,2,extra-top-field,REJECTED,certificate schema
fixture-07-correct,2,certificate-digest,REJECTED,certificate digest
fixture-07-correct,3,vector,REJECTED,node 19 cell 55 mismatch
fixture-07-correct,3,topology-op,REJECTED,node 23 topology
fixture-07-correct,3,topology-child,REJECTED,node 23 topology
fixture-07-correct,3,source-original,REJECTED,source binding
fixture-07-correct,3,source-candidate,REJECTED,source binding
fixture-07-correct,3,source-reference,REJECTED,source binding
fixture-07-correct,3,source-repair_guard,REJECTED,source binding
fixture-07-correct,3,root-defined,REJECTED,root binding
fixture-07-correct,3,root-repair,REJECTED,root binding
fixture-07-correct,3,root-preserve,REJECTED,root binding
fixture-07-correct,3,guard-root,REJECTED,root binding
fixture-07-correct,3,role-output,REJECTED,root binding
fixture-07-correct,3,role-defined,REJECTED,root binding
fixture-07-correct,3,trace-site,REJECTED,root binding
fixture-07-correct,3,trace-reachable,REJECTED,root binding
fixture-07-correct,3,trace-guard,REJECTED,root binding
fixture-07-correct,3,vector-length,REJECTED,node 23 vector length
fixture-07-correct,3,vector-type,REJECTED,node 23 sort
fixture-07-correct,3,node-sort,REJECTED,node 24 topology
fixture-07-correct,3,node-id,REJECTED,node 24 topology
fixture-07-correct,3,node-data,REJECTED,node 10 topology
fixture-07-correct,3,node-extra-field,REJECTED,node 23 schema
fixture-07-correct,3,node-missing-field,REJECTED,node 24 schema
fixture-07-correct,3,node-count,REJECTED,node count
fixture-07-correct,3,point-order,REJECTED,request/domain binding
fixture-07-correct,3,point-value,REJECTED,request/domain binding
fixture-07-correct,3,domain-binding,REJECTED,request/domain binding
fixture-07-correct,3,request-id,REJECTED,request/domain binding
fixture-07-correct,3,extra-top-field,REJECTED,certificate schema
fixture-07-correct,3,certificate-digest,REJECTED,certificate digest
fixture-07-correct,4,vector,REJECTED,node 7 cell 71 mismatch
fixture-07-correct,4,topology-op,REJECTED,node 14 topology
fixture-07-correct,4,topology-child,REJECTED,node 14 topology
fixture-07-correct,4,source-original,REJECTED,source binding
fixture-07-correct,4,source-candidate,REJECTED,source binding
fixture-07-correct,4,source-reference,REJECTED,source binding
fixture-07-correct,4,source-repair_guard,REJECTED,source binding
fixture-07-correct,4,root-defined,REJECTED,root binding
fixture-07-correct,4,root-repair,REJECTED,root binding
fixture-07-correct,4,root-preserve,REJECTED,root binding
fixture-07-correct,4,guard-root,REJECTED,root binding
fixture-07-correct,4,role-output,REJECTED,root binding
fixture-07-correct,4,role-defined,REJECTED,root binding
fixture-07-correct,4,trace-site,REJECTED,root binding
fixture-07-correct,4,trace-reachable,REJECTED,root binding
fixture-07-correct,4,trace-guard,REJECTED,root binding
fixture-07-correct,4,vector-length,REJECTED,node 20 vector length
fixture-07-correct,4,vector-type,REJECTED,node 16 sort
fixture-07-correct,4,node-sort,REJECTED,node 6 topology
fixture-07-correct,4,node-id,REJECTED,node 6 topology
fixture-07-correct,4,node-data,REJECTED,node 5 topology
fixture-07-correct,4,node-extra-field,REJECTED,node 20 schema
fixture-07-correct,4,node-missing-field,REJECTED,node 6 schema
fixture-07-correct,4,node-count,REJECTED,node count
fixture-07-correct,4,point-order,REJECTED,request/domain binding
fixture-07-correct,4,point-value,REJECTED,request/domain binding
fixture-07-correct,4,domain-binding,REJECTED,request/domain binding
fixture-07-correct,4,request-id,REJECTED,request/domain binding
fixture-07-correct,4,extra-top-field,REJECTED,certificate schema
fixture-07-correct,4,certificate-digest,REJECTED,certificate digest
fixture-07-correct,5,vector,REJECTED,node 18 cell 6 mismatch
fixture-07-correct,5,topology-op,REJECTED,node 22 topology
fixture-07-correct,5,topology-child,REJECTED,node 22 topology
fixture-07-correct,5,source-original,REJECTED,source binding
fixture-07-correct,5,source-candidate,REJECTED,source binding
fixture-07-correct,5,source-reference,REJECTED,source binding
fixture-07-correct,5,source-repair_guard,REJECTED,source binding
fixture-07-correct,5,root-defined,REJECTED,root binding
fixture-07-correct,5,root-repair,REJECTED,root binding
fixture-07-correct,5,root-preserve,REJECTED,root binding
fixture-07-correct,5,guard-root,REJECTED,root binding
fixture-07-correct,5,role-output,REJECTED,root binding
fixture-07-correct,5,role-defined,REJECTED,root binding
fixture-07-correct,5,trace-site,REJECTED,root binding
fixture-07-correct,5,trace-reachable,REJECTED,root binding
fixture-07-correct,5,trace-guard,REJECTED,root binding
fixture-07-correct,5,vector-length,REJECTED,node 17 vector length
fixture-07-correct,5,vector-type,REJECTED,node 9 sort
fixture-07-correct,5,node-sort,REJECTED,node 11 topology
fixture-07-correct,5,node-id,REJECTED,node 11 topology
fixture-07-correct,5,node-data,REJECTED,node 2 topology
fixture-07-correct,5,node-extra-field,REJECTED,node 17 schema
fixture-07-correct,5,node-missing-field,REJECTED,node 11 schema
fixture-07-correct,5,node-count,REJECTED,node count
fixture-07-correct,5,point-order,REJECTED,request/domain binding
fixture-07-correct,5,point-value,REJECTED,request/domain binding
fixture-07-correct,5,domain-binding,REJECTED,request/domain binding
fixture-07-correct,5,request-id,REJECTED,request/domain binding
fixture-07-correct,5,extra-top-field,REJECTED,certificate schema
fixture-07-correct,5,certificate-digest,REJECTED,certificate digest
fixture-07-correct,6,vector,REJECTED,node 6 cell 22 mismatch
fixture-07-correct,6,topology-op,REJECTED,node 13 topology
fixture-07-correct,6,topology-child,REJECTED,node 13 topology
fixture-07-correct,6,source-original,REJECTED,source binding
fixture-07-correct,6,source-candidate,REJECTED,source binding
fixture-07-correct,6,source-reference,REJECTED,source binding
fixture-07-correct,6,source-repair_guard,REJECTED,source binding
fixture-07-correct,6,root-defined,REJECTED,root binding
fixture-07-correct,6,root-repair,REJECTED,root binding
fixture-07-correct,6,root-preserve,REJECTED,root binding
fixture-07-correct,6,guard-root,REJECTED,root binding
fixture-07-correct,6,role-output,REJECTED,root binding
fixture-07-correct,6,role-defined,REJECTED,root binding
fixture-07-correct,6,trace-site,REJECTED,root binding
fixture-07-correct,6,trace-reachable,REJECTED,root binding
fixture-07-correct,6,trace-guard,REJECTED,root binding
fixture-07-correct,6,vector-length,REJECTED,node 14 vector length
fixture-07-correct,6,vector-type,REJECTED,node 24 sort
fixture-07-correct,6,node-sort,REJECTED,node 16 topology
fixture-07-correct,6,node-id,REJECTED,node 16 topology
fixture-07-correct,6,node-data,REJECTED,node 17 topology
fixture-07-correct,6,node-extra-field,REJECTED,node 14 schema
fixture-07-correct,6,node-missing-field,REJECTED,node 16 schema
fixture-07-correct,6,node-count,REJECTED,node count
fixture-07-correct,6,point-order,REJECTED,request/domain binding
fixture-07-correct,6,point-value,REJECTED,request/domain binding
fixture-07-correct,6,domain-binding,REJECTED,request/domain binding
fixture-07-correct,6,request-id,REJECTED,request/domain binding
fixture-07-correct,6,extra-top-field,REJECTED,certificate schema
fixture-07-correct,6,certificate-digest,REJECTED,certificate digest
fixture-07-correct,7,vector,REJECTED,node 17 cell 38 mismatch
fixture-07-correct,7,topology-op,REJECTED,node 21 topology
fixture-07-correct,7,topology-child,REJECTED,node 21 topology
fixture-07-correct,7,source-original,REJECTED,source binding
fixture-07-correct,7,source-candidate,REJECTED,source binding
fixture-07-correct,7,source-reference,REJECTED,source binding
fixture-07-correct,7,source-repair_guard,REJECTED,source binding
fixture-07-correct,7,root-defined,REJECTED,root binding
fixture-07-correct,7,root-repair,REJECTED,root binding
fixture-07-correct,7,root-preserve,REJECTED,root binding
fixture-07-correct,7,guard-root,REJECTED,root binding
fixture-07-correct,7,role-output,REJECTED,root binding
fixture-07-correct,7,role-defined,REJECTED,root binding
fixture-07-correct,7,trace-site,REJECTED,root binding
fixture-07-correct,7,trace-reachable,REJECTED,root binding
fixture-07-correct,7,trace-guard,REJECTED,root binding
fixture-07-correct,7,vector-length,REJECTED,node 11 vector length
fixture-07-correct,7,vector-type,REJECTED,node 21 sort
fixture-07-correct,7,node-sort,REJECTED,node 21 topology
fixture-07-correct,7,node-id,REJECTED,node 21 topology
fixture-07-correct,7,node-data,REJECTED,node 6 topology
fixture-07-correct,7,node-extra-field,REJECTED,node 11 schema
fixture-07-correct,7,node-missing-field,REJECTED,node 21 schema
fixture-07-correct,7,node-count,REJECTED,node count
fixture-07-correct,7,point-order,REJECTED,request/domain binding
fixture-07-correct,7,point-value,REJECTED,request/domain binding
fixture-07-correct,7,domain-binding,REJECTED,request/domain binding
fixture-07-correct,7,request-id,REJECTED,request/domain binding
fixture-07-correct,7,extra-top-field,REJECTED,certificate schema
fixture-07-correct,7,certificate-digest,REJECTED,certificate digest
fixture-07-correct,8,vector,REJECTED,node 5 cell 54 mismatch
fixture-07-correct,8,topology-op,REJECTED,node 12 topology
fixture-07-correct,8,topology-child,REJECTED,node 12 topology
fixture-07-correct,8,source-original,REJECTED,source binding
fixture-07-correct,8,source-candidate,REJECTED,source binding
fixture-07-correct,8,source-reference,REJECTED,source binding
fixture-07-correct,8,source-repair_guard,REJECTED,source binding
fixture-07-correct,8,root-defined,REJECTED,root binding
fixture-07-correct,8,root-repair,REJECTED,root binding
fixture-07-correct,8,root-preserve,REJECTED,root binding
fixture-07-correct,8,guard-root,REJECTED,root binding
fixture-07-correct,8,role-output,REJECTED,root binding
fixture-07-correct,8,role-defined,REJECTED,root binding
fixture-07-correct,8,trace-site,REJECTED,root binding
fixture-07-correct,8,trace-reachable,REJECTED,root binding
fixture-07-correct,8,trace-guard,REJECTED,root binding
fixture-07-correct,8,vector-length,REJECTED,node 8 vector length
fixture-07-correct,8,vector-type,REJECTED,node 12 sort
fixture-07-correct,8,node-sort,REJECTED,node 3 topology
fixture-07-correct,8,node-id,REJECTED,node 3 topology
fixture-07-correct,8,node-data,REJECTED,node 3 topology
fixture-07-correct,8,node-extra-field,REJECTED,node 8 schema
fixture-07-correct,8,node-missing-field,REJECTED,node 3 schema
fixture-07-correct,8,node-count,REJECTED,node count
fixture-07-correct,8,point-order,REJECTED,request/domain binding
fixture-07-correct,8,point-value,REJECTED,request/domain binding
fixture-07-correct,8,domain-binding,REJECTED,request/domain binding
fixture-07-correct,8,request-id,REJECTED,request/domain binding
fixture-07-correct,8,extra-top-field,REJECTED,certificate schema
fixture-07-correct,8,certificate-digest,REJECTED,certificate digest
fixture-07-correct,9,vector,REJECTED,node 15 cell 70 mismatch
fixture-07-correct,9,topology-op,REJECTED,node 20 topology
fixture-07-correct,9,topology-child,REJECTED,node 20 topology
fixture-07-correct,9,source-original,REJECTED,source binding
fixture-07-correct,9,source-candidate,REJECTED,source binding
fixture-07-correct,9,source-reference,REJECTED,source binding
fixture-07-correct,9,source-repair_guard,REJECTED,source binding
fixture-07-correct,9,root-defined,REJECTED,root binding
fixture-07-correct,9,root-repair,REJECTED,root binding
fixture-07-correct,9,root-preserve,REJECTED,root binding
fixture-07-correct,9,guard-root,REJECTED,root binding
fixture-07-correct,9,role-output,REJECTED,root binding
fixture-07-correct,9,role-defined,REJECTED,root binding
fixture-07-correct,9,trace-site,REJECTED,root binding
fixture-07-correct,9,trace-reachable,REJECTED,root binding
fixture-07-correct,9,trace-guard,REJECTED,root binding
fixture-07-correct,9,vector-length,REJECTED,node 5 vector length
fixture-07-correct,9,vector-type,REJECTED,node 0 sort
fixture-07-correct,9,node-sort,REJECTED,node 8 topology
fixture-07-correct,9,node-id,REJECTED,node 8 topology
fixture-07-correct,9,node-data,REJECTED,node 0 topology
fixture-07-correct,9,node-extra-field,REJECTED,node 5 schema
fixture-07-correct,9,node-missing-field,REJECTED,node 8 schema
fixture-07-correct,9,node-count,REJECTED,node count
fixture-07-correct,9,point-order,REJECTED,request/domain binding
fixture-07-correct,9,point-value,REJECTED,request/domain binding
fixture-07-correct,9,domain-binding,REJECTED,request/domain binding
fixture-07-correct,9,request-id,REJECTED,request/domain binding
fixture-07-correct,9,extra-top-field,REJECTED,certificate schema
fixture-07-correct,9,certificate-digest,REJECTED,certificate digest
fixture-08-correct,0,vector,REJECTED,node 11 cell 8 mismatch
fixture-08-correct,0,topology-op,REJECTED,node 18 topology
fixture-08-correct,0,topology-child,REJECTED,node 18 topology
fixture-08-correct,0,source-original,REJECTED,source binding
fixture-08-correct,0,source-candidate,REJECTED,source binding
fixture-08-correct,0,source-reference,REJECTED,source binding
fixture-08-correct,0,source-repair_guard,REJECTED,source binding
fixture-08-correct,0,root-defined,REJECTED,root binding
fixture-08-correct,0,root-repair,REJECTED,root binding
fixture-08-correct,0,root-preserve,REJECTED,root binding
fixture-08-correct,0,guard-root,REJECTED,root binding
fixture-08-correct,0,role-output,REJECTED,root binding
fixture-08-correct,0,role-defined,REJECTED,root binding
fixture-08-correct,0,trace-site,REJECTED,root binding
fixture-08-correct,0,trace-reachable,REJECTED,root binding
fixture-08-correct,0,trace-guard,REJECTED,root binding
fixture-08-correct,0,vector-length,REJECTED,node 8 vector length
fixture-08-correct,0,vector-type,REJECTED,node 26 sort
fixture-08-correct,0,node-sort,REJECTED,node 10 topology
fixture-08-correct,0,node-id,REJECTED,node 10 topology
fixture-08-correct,0,node-data,REJECTED,node 10 topology
fixture-08-correct,0,node-extra-field,REJECTED,node 8 schema
fixture-08-correct,0,node-missing-field,REJECTED,node 10 schema
fixture-08-correct,0,node-count,REJECTED,node count
fixture-08-correct,0,point-order,REJECTED,request/domain binding
fixture-08-correct,0,point-value,REJECTED,request/domain binding
fixture-08-correct,0,domain-binding,REJECTED,request/domain binding
fixture-08-correct,0,request-id,REJECTED,request/domain binding
fixture-08-correct,0,extra-top-field,REJECTED,certificate schema
fixture-08-correct,0,certificate-digest,REJECTED,certificate digest
fixture-08-correct,1,vector,REJECTED,node 21 cell 24 mismatch
fixture-08-correct,1,topology-op,REJECTED,node 19 topology
fixture-08-correct,1,topology-child,REJECTED,node 19 topology
fixture-08-correct,1,source-original,REJECTED,source binding
fixture-08-correct,1,source-candidate,REJECTED,source binding
fixture-08-correct,1,source-reference,REJECTED,source binding
fixture-08-correct,1,source-repair_guard,REJECTED,source binding
fixture-08-correct,1,root-defined,REJECTED,root binding
fixture-08-correct,1,root-repair,REJECTED,root binding
fixture-08-correct,1,root-preserve,REJECTED,root binding
fixture-08-correct,1,guard-root,REJECTED,root binding
fixture-08-correct,1,role-output,REJECTED,root binding
fixture-08-correct,1,role-defined,REJECTED,root binding
fixture-08-correct,1,trace-site,REJECTED,root binding
fixture-08-correct,1,trace-reachable,REJECTED,root binding
fixture-08-correct,1,trace-guard,REJECTED,root binding
fixture-08-correct,1,vector-length,REJECTED,node 21 vector length
fixture-08-correct,1,vector-type,REJECTED,node 16 sort
fixture-08-correct,1,node-sort,REJECTED,node 3 topology
fixture-08-correct,1,node-id,REJECTED,node 3 topology
fixture-08-correct,1,node-data,REJECTED,node 17 topology
fixture-08-correct,1,node-extra-field,REJECTED,node 21 schema
fixture-08-correct,1,node-missing-field,REJECTED,node 3 schema
fixture-08-correct,1,node-count,REJECTED,node count
fixture-08-correct,1,point-order,REJECTED,request/domain binding
fixture-08-correct,1,point-value,REJECTED,request/domain binding
fixture-08-correct,1,domain-binding,REJECTED,request/domain binding
fixture-08-correct,1,request-id,REJECTED,request/domain binding
fixture-08-correct,1,extra-top-field,REJECTED,certificate schema
fixture-08-correct,1,certificate-digest,REJECTED,certificate digest
fixture-08-correct,2,vector,REJECTED,node 6 cell 40 mismatch
fixture-08-correct,2,topology-op,REJECTED,node 22 topology
fixture-08-correct,2,topology-child,REJECTED,node 22 topology
fixture-08-correct,2,source-original,REJECTED,source binding
fixture-08-correct,2,source-candidate,REJECTED,source binding
fixture-08-correct,2,source-reference,REJECTED,source binding
fixture-08-correct,2,source-repair_guard,REJECTED,source binding
fixture-08-correct,2,root-defined,REJECTED,root binding
fixture-08-correct,2,root-repair,REJECTED,root binding
fixture-08-correct,2,root-preserve,REJECTED,root binding
fixture-08-correct,2,guard-root,REJECTED,root binding
fixture-08-correct,2,role-output,REJECTED,root binding
fixture-08-correct,2,role-defined,REJECTED,root binding
fixture-08-correct,2,trace-site,REJECTED,root binding
fixture-08-correct,2,trace-reachable,REJECTED,root binding
fixture-08-correct,2,trace-guard,REJECTED,root binding
fixture-08-correct,2,vector-length,REJECTED,node 6 vector length
fixture-08-correct,2,vector-type,REJECTED,node 9 sort
fixture-08-correct,2,node-sort,REJECTED,node 22 topology
fixture-08-correct,2,node-id,REJECTED,node 22 topology
fixture-08-correct,2,node-data,REJECTED,node 20 topology
fixture-08-correct,2,node-extra-field,REJECTED,node 6 schema
fixture-08-correct,2,node-missing-field,REJECTED,node 22 schema
fixture-08-correct,2,node-count,REJECTED,node count
fixture-08-correct,2,point-order,REJECTED,request/domain binding
fixture-08-correct,2,point-value,REJECTED,request/domain binding
fixture-08-correct,2,domain-binding,REJECTED,request/domain binding
fixture-08-correct,2,request-id,REJECTED,request/domain binding
fixture-08-correct,2,extra-top-field,REJECTED,certificate schema
fixture-08-correct,2,certificate-digest,REJECTED,certificate digest
fixture-08-correct,3,vector,REJECTED,node 17 cell 56 mismatch
fixture-08-correct,3,topology-op,REJECTED,node 23 topology
fixture-08-correct,3,topology-child,REJECTED,node 23 topology
fixture-08-correct,3,source-original,REJECTED,source binding
fixture-08-correct,3,source-candidate,REJECTED,source binding
fixture-08-correct,3,source-reference,REJECTED,source binding
fixture-08-correct,3,source-repair_guard,REJECTED,source binding
fixture-08-correct,3,root-defined,REJECTED,root binding
fixture-08-correct,3,root-repair,REJECTED,root binding
fixture-08-correct,3,root-preserve,REJECTED,root binding
fixture-08-correct,3,guard-root,REJECTED,root binding
fixture-08-correct,3,role-output,REJECTED,root binding
fixture-08-correct,3,role-defined,REJECTED,root binding
fixture-08-correct,3,trace-site,REJECTED,root binding
fixture-08-correct,3,trace-reachable,REJECTED,root binding
fixture-08-correct,3,trace-guard,REJECTED,root binding
fixture-08-correct,3,vector-length,REJECTED,node 19 vector length
fixture-08-correct,3,vector-type,REJECTED,node 27 sort
fixture-08-correct,3,node-sort,REJECTED,node 15 topology
fixture-08-correct,3,node-id,REJECTED,node 15 topology
fixture-08-correct,3,node-data,REJECTED,node 21 topology
fixture-08-correct,3,node-extra-field,REJECTED,node 19 schema
fixture-08-correct,3,node-missing-field,REJECTED,node 15 schema
fixture-08-correct,3,node-count,REJECTED,node count
fixture-08-correct,3,point-order,REJECTED,request/domain binding
fixture-08-correct,3,point-value,REJECTED,request/domain binding
fixture-08-correct,3,domain-binding,REJECTED,request/domain binding
fixture-08-correct,3,request-id,REJECTED,request/domain binding
fixture-08-correct,3,extra-top-field,REJECTED,certificate schema
fixture-08-correct,3,certificate-digest,REJECTED,certificate digest
fixture-08-correct,4,vector,REJECTED,node 2 cell 72 mismatch
fixture-08-correct,4,topology-op,REJECTED,node 24 topology
fixture-08-correct,4,topology-child,REJECTED,node 24 topology
fixture-08-correct,4,source-original,REJECTED,source binding
fixture-08-correct,4,source-candidate,REJECTED,source binding
fixture-08-correct,4,source-reference,REJECTED,source binding
fixture-08-correct,4,source-repair_guard,REJECTED,source binding
fixture-08-correct,4,root-defined,REJECTED,root binding
fixture-08-correct,4,root-repair,REJECTED,root binding
fixture-08-correct,4,root-preserve,REJECTED,root binding
fixture-08-correct,4,guard-root,REJECTED,root binding
fixture-08-correct,4,role-output,REJECTED,root binding
fixture-08-correct,4,role-defined,REJECTED,root binding
fixture-08-correct,4,trace-site,REJECTED,root binding
fixture-08-correct,4,trace-reachable,REJECTED,root binding
fixture-08-correct,4,trace-guard,REJECTED,root binding
fixture-08-correct,4,vector-length,REJECTED,node 4 vector length
fixture-08-correct,4,vector-type,REJECTED,node 24 sort
fixture-08-correct,4,node-sort,REJECTED,node 8 topology
fixture-08-correct,4,node-id,REJECTED,node 8 topology
fixture-08-correct,4,node-data,REJECTED,node 0 topology
fixture-08-correct,4,node-extra-field,REJECTED,node 4 schema
fixture-08-correct,4,node-missing-field,REJECTED,node 8 schema
fixture-08-correct,4,node-count,REJECTED,node count
fixture-08-correct,4,point-order,REJECTED,request/domain binding
fixture-08-correct,4,point-value,REJECTED,request/domain binding
fixture-08-correct,4,domain-binding,REJECTED,request/domain binding
fixture-08-correct,4,request-id,REJECTED,request/domain binding
fixture-08-correct,4,extra-top-field,REJECTED,certificate schema
fixture-08-correct,4,certificate-digest,REJECTED,certificate digest
fixture-08-correct,5,vector,REJECTED,node 10 cell 7 mismatch
fixture-08-correct,5,topology-op,REJECTED,node 25 topology
fixture-08-correct,5,topology-child,REJECTED,node 25 topology
fixture-08-correct,5,source-original,REJECTED,source binding
fixture-08-correct,5,source-candidate,REJECTED,source binding
fixture-08-correct,5,source-reference,REJECTED,source binding
fixture-08-correct,5,source-repair_guard,REJECTED,source binding
fixture-08-correct,5,root-defined,REJECTED,root binding
fixture-08-correct,5,root-repair,REJECTED,root binding
fixture-08-correct,5,root-preserve,REJECTED,root binding
fixture-08-correct,5,guard-root,REJECTED,root binding
fixture-08-correct,5,role-output,REJECTED,root binding
fixture-08-correct,5,role-defined,REJECTED,root binding
fixture-08-correct,5,trace-site,REJECTED,root binding
fixture-08-correct,5,trace-reachable,REJECTED,root binding
fixture-08-correct,5,trace-guard,REJECTED,root binding
fixture-08-correct,5,vector-length,REJECTED,node 17 vector length
fixture-08-correct,5,vector-type,REJECTED,node 12 sort
fixture-08-correct,5,node-sort,REJECTED,node 27 topology
fixture-08-correct,5,node-id,REJECTED,node 27 topology
fixture-08-correct,5,node-data,REJECTED,node 1 topology
fixture-08-correct,5,node-extra-field,REJECTED,node 17 schema
fixture-08-correct,5,node-missing-field,REJECTED,node 27 schema
fixture-08-correct,5,node-count,REJECTED,node count
fixture-08-correct,5,point-order,REJECTED,request/domain binding
fixture-08-correct,5,point-value,REJECTED,request/domain binding
fixture-08-correct,5,domain-binding,REJECTED,request/domain binding
fixture-08-correct,5,request-id,REJECTED,request/domain binding
fixture-08-correct,5,extra-top-field,REJECTED,certificate schema
fixture-08-correct,5,certificate-digest,REJECTED,certificate digest
fixture-08-correct,6,vector,REJECTED,node 20 cell 23 mismatch
fixture-08-correct,6,topology-op,REJECTED,node 26 topology
fixture-08-correct,6,topology-child,REJECTED,node 26 topology
fixture-08-correct,6,source-original,REJECTED,source binding
fixture-08-correct,6,source-candidate,REJECTED,source binding
fixture-08-correct,6,source-reference,REJECTED,source binding
fixture-08-correct,6,source-repair_guard,REJECTED,source binding
fixture-08-correct,6,root-defined,REJECTED,root binding
fixture-08-correct,6,root-repair,REJECTED,root binding
fixture-08-correct,6,root-preserve,REJECTED,root binding
fixture-08-correct,6,guard-root,REJECTED,root binding
fixture-08-correct,6,role-output,REJECTED,root binding
fixture-08-correct,6,role-defined,REJECTED,root binding
fixture-08-correct,6,trace-site,REJECTED,root binding
fixture-08-correct,6,trace-reachable,REJECTED,root binding
fixture-08-correct,6,trace-guard,REJECTED,root binding
fixture-08-correct,6,vector-length,REJECTED,node 2 vector length
fixture-08-correct,6,vector-type,REJECTED,node 0 sort
fixture-08-correct,6,node-sort,REJECTED,node 20 topology
fixture-08-correct,6,node-id,REJECTED,node 20 topology
fixture-08-correct,6,node-data,REJECTED,node 2 topology
fixture-08-correct,6,node-extra-field,REJECTED,node 2 schema
fixture-08-correct,6,node-missing-field,REJECTED,node 20 schema
fixture-08-correct,6,node-count,REJECTED,node count
fixture-08-correct,6,point-order,REJECTED,request/domain binding
fixture-08-correct,6,point-value,REJECTED,request/domain binding
fixture-08-correct,6,domain-binding,REJECTED,request/domain binding
fixture-08-correct,6,request-id,REJECTED,request/domain binding
fixture-08-correct,6,extra-top-field,REJECTED,certificate schema
fixture-08-correct,6,certificate-digest,REJECTED,certificate digest
fixture-08-correct,7,vector,REJECTED,node 5 cell 39 mismatch
fixture-08-correct,7,topology-op,REJECTED,node 27 topology
fixture-08-correct,7,topology-child,REJECTED,node 27 topology
fixture-08-correct,7,source-original,REJECTED,source binding
fixture-08-correct,7,source-candidate,REJECTED,source binding
fixture-08-correct,7,source-reference,REJECTED,source binding
fixture-08-correct,7,source-repair_guard,REJECTED,source binding
fixture-08-correct,7,root-defined,REJECTED,root binding
fixture-08-correct,7,root-repair,REJECTED,root binding
fixture-08-correct,7,root-preserve,REJECTED,root binding
fixture-08-correct,7,guard-root,REJECTED,root binding
fixture-08-correct,7,role-output,REJECTED,root binding
fixture-08-correct,7,role-defined,REJECTED,root binding
fixture-08-correct,7,trace-site,REJECTED,root binding
fixture-08-correct,7,trace-reachable,REJECTED,root binding
fixture-08-correct,7,trace-guard,REJECTED,root binding
fixture-08-correct,7,vector-length,REJECTED,node 15 vector length
fixture-08-correct,7,vector-type,REJECTED,node 25 sort
fixture-08-correct,7,node-sort,REJECTED,node 13 topology
fixture-08-correct,7,node-id,REJECTED,node 13 topology
fixture-08-correct,7,node-data,REJECTED,node 3 topology
fixture-08-correct,7,node-extra-field,REJECTED,node 15 schema
fixture-08-correct,7,node-missing-field,REJECTED,node 13 schema
fixture-08-correct,7,node-count,REJECTED,node count
fixture-08-correct,7,point-order,REJECTED,request/domain binding
fixture-08-correct,7,point-value,REJECTED,request/domain binding
fixture-08-correct,7,domain-binding,REJECTED,request/domain binding
fixture-08-correct,7,request-id,REJECTED,request/domain binding
fixture-08-correct,7,extra-top-field,REJECTED,certificate schema
fixture-08-correct,7,certificate-digest,REJECTED,certificate digest
fixture-08-correct,8,vector,REJECTED,node 15 cell 55 mismatch
fixture-08-correct,8,topology-op,REJECTED,node 7 topology
fixture-08-correct,8,topology-child,REJECTED,node 7 topology
fixture-08-correct,8,source-original,REJECTED,source binding
fixture-08-correct,8,source-candidate,REJECTED,source binding
fixture-08-correct,8,source-reference,REJECTED,source binding
fixture-08-correct,8,source-repair_guard,REJECTED,source binding
fixture-08-correct,8,root-defined,REJECTED,root binding
fixture-08-correct,8,root-repair,REJECTED,root binding
fixture-08-correct,8,root-preserve,REJECTED,root binding
fixture-08-correct,8,guard-root,REJECTED,root binding
fixture-08-correct,8,role-output,REJECTED,root binding
fixture-08-correct,8,role-defined,REJECTED,root binding
fixture-08-correct,8,trace-site,REJECTED,root binding
fixture-08-correct,8,trace-reachable,REJECTED,root binding
fixture-08-correct,8,trace-guard,REJECTED,root binding
fixture-08-correct,8,vector-length,REJECTED,node 0 vector length
fixture-08-correct,8,vector-type,REJECTED,node 14 sort
fixture-08-correct,8,node-sort,REJECTED,node 6 topology
fixture-08-correct,8,node-id,REJECTED,node 6 topology
fixture-08-correct,8,node-data,REJECTED,node 4 topology
fixture-08-correct,8,node-extra-field,REJECTED,node 0 schema
fixture-08-correct,8,node-missing-field,REJECTED,node 6 schema
fixture-08-correct,8,node-count,REJECTED,node count
fixture-08-correct,8,point-order,REJECTED,request/domain binding
fixture-08-correct,8,point-value,REJECTED,request/domain binding
fixture-08-correct,8,domain-binding,REJECTED,request/domain binding
fixture-08-correct,8,request-id,REJECTED,request/domain binding
fixture-08-correct,8,extra-top-field,REJECTED,certificate schema
fixture-08-correct,8,certificate-digest,REJECTED,certificate digest
fixture-08-correct,9,vector,REJECTED,node 23 cell 71 mismatch
fixture-08-correct,9,topology-op,REJECTED,node 9 topology
fixture-08-correct,9,topology-child,REJECTED,node 9 topology
fixture-08-correct,9,source-original,REJECTED,source binding
fixture-08-correct,9,source-candidate,REJECTED,source binding
fixture-08-correct,9,source-reference,REJECTED,source binding
fixture-08-correct,9,source-repair_guard,REJECTED,source binding
fixture-08-correct,9,root-defined,REJECTED,root binding
fixture-08-correct,9,root-repair,REJECTED,root binding
fixture-08-correct,9,root-preserve,REJECTED,root binding
fixture-08-correct,9,guard-root,REJECTED,root binding
fixture-08-correct,9,role-output,REJECTED,root binding
fixture-08-correct,9,role-defined,REJECTED,root binding
fixture-08-correct,9,trace-site,REJECTED,root binding
fixture-08-correct,9,trace-reachable,REJECTED,root binding
fixture-08-correct,9,trace-guard,REJECTED,root binding
fixture-08-correct,9,vector-length,REJECTED,node 13 vector length
fixture-08-correct,9,vector-type,REJECTED,node 1 sort
fixture-08-correct,9,node-sort,REJECTED,node 25 topology
fixture-08-correct,9,node-id,REJECTED,node 25 topology
fixture-08-correct,9,node-data,REJECTED,node 5 topology
fixture-08-correct,9,node-extra-field,REJECTED,node 13 schema
fixture-08-correct,9,node-missing-field,REJECTED,node 25 schema
fixture-08-correct,9,node-count,REJECTED,node count
fixture-08-correct,9,point-order,REJECTED,request/domain binding
fixture-08-correct,9,point-value,REJECTED,request/domain binding
fixture-08-correct,9,domain-binding,REJECTED,request/domain binding
fixture-08-correct,9,request-id,REJECTED,request/domain binding
fixture-08-correct,9,extra-top-field,REJECTED,certificate schema
fixture-08-correct,9,certificate-digest,REJECTED,certificate digest
fixture-09-correct,0,vector,REJECTED,node 12 cell 9 mismatch
fixture-09-correct,0,topology-op,REJECTED,node 18 topology
fixture-09-correct,0,topology-child,REJECTED,node 18 topology
fixture-09-correct,0,source-original,REJECTED,source binding
fixture-09-correct,0,source-candidate,REJECTED,source binding
fixture-09-correct,0,source-reference,REJECTED,source binding
fixture-09-correct,0,source-repair_guard,REJECTED,source binding
fixture-09-correct,0,root-defined,REJECTED,root binding
fixture-09-correct,0,root-repair,REJECTED,root binding
fixture-09-correct,0,root-preserve,REJECTED,root binding
fixture-09-correct,0,guard-root,REJECTED,root binding
fixture-09-correct,0,role-output,REJECTED,root binding
fixture-09-correct,0,role-defined,REJECTED,root binding
fixture-09-correct,0,trace-site,REJECTED,root binding
fixture-09-correct,0,trace-reachable,REJECTED,root binding
fixture-09-correct,0,trace-guard,REJECTED,root binding
fixture-09-correct,0,vector-length,REJECTED,node 9 vector length
fixture-09-correct,0,vector-type,REJECTED,node 26 sort
fixture-09-correct,0,node-sort,REJECTED,node 11 topology
fixture-09-correct,0,node-id,REJECTED,node 11 topology
fixture-09-correct,0,node-data,REJECTED,node 22 topology
fixture-09-correct,0,node-extra-field,REJECTED,node 9 schema
fixture-09-correct,0,node-missing-field,REJECTED,node 11 schema
fixture-09-correct,0,node-count,REJECTED,node count
fixture-09-correct,0,point-order,REJECTED,request/domain binding
fixture-09-correct,0,point-value,REJECTED,request/domain binding
fixture-09-correct,0,domain-binding,REJECTED,request/domain binding
fixture-09-correct,0,request-id,REJECTED,request/domain binding
fixture-09-correct,0,extra-top-field,REJECTED,certificate schema
fixture-09-correct,0,certificate-digest,REJECTED,certificate digest
fixture-09-correct,1,vector,REJECTED,node 25 cell 25 mismatch
fixture-09-correct,1,topology-op,REJECTED,node 32 topology
fixture-09-correct,1,topology-child,REJECTED,node 32 topology
fixture-09-correct,1,source-original,REJECTED,source binding
fixture-09-correct,1,source-candidate,REJECTED,source binding
fixture-09-correct,1,source-reference,REJECTED,source binding
fixture-09-correct,1,source-repair_guard,REJECTED,source binding
fixture-09-correct,1,root-defined,REJECTED,root binding
fixture-09-correct,1,root-repair,REJECTED,root binding
fixture-09-correct,1,root-preserve,REJECTED,root binding
fixture-09-correct,1,guard-root,REJECTED,root binding
fixture-09-correct,1,role-output,REJECTED,root binding
fixture-09-correct,1,role-defined,REJECTED,root binding
fixture-09-correct,1,trace-site,REJECTED,root binding
fixture-09-correct,1,trace-reachable,REJECTED,root binding
fixture-09-correct,1,trace-guard,REJECTED,root binding
fixture-09-correct,1,vector-length,REJECTED,node 30 vector length
fixture-09-correct,1,vector-type,REJECTED,node 17 sort
fixture-09-correct,1,node-sort,REJECTED,node 36 topology
fixture-09-correct,1,node-id,REJECTED,node 36 topology
fixture-09-correct,1,node-data,REJECTED,node 6 topology
fixture-09-correct,1,node-extra-field,REJECTED,node 30 schema
fixture-09-correct,1,node-missing-field,REJECTED,node 36 schema
fixture-09-correct,1,node-count,REJECTED,node count
fixture-09-correct,1,point-order,REJECTED,request/domain binding
fixture-09-correct,1,point-value,REJECTED,request/domain binding
fixture-09-correct,1,domain-binding,REJECTED,request/domain binding
fixture-09-correct,1,request-id,REJECTED,request/domain binding
fixture-09-correct,1,extra-top-field,REJECTED,certificate schema
fixture-09-correct,1,certificate-digest,REJECTED,certificate digest
fixture-09-correct,2,vector,REJECTED,node 7 cell 41 mismatch
fixture-09-correct,2,topology-op,REJECTED,node 16 topology
fixture-09-correct,2,topology-child,REJECTED,node 16 topology
fixture-09-correct,2,source-original,REJECTED,source binding
fixture-09-correct,2,source-candidate,REJECTED,source binding
fixture-09-correct,2,source-reference,REJECTED,source binding
fixture-09-correct,2,source-repair_guard,REJECTED,source binding
fixture-09-correct,2,root-defined,REJECTED,root binding
fixture-09-correct,2,root-repair,REJECTED,root binding
fixture-09-correct,2,root-preserve,REJECTED,root binding
fixture-09-correct,2,guard-root,REJECTED,root binding
fixture-09-correct,2,role-output,REJECTED,root binding
fixture-09-correct,2,role-defined,REJECTED,root binding
fixture-09-correct,2,trace-site,REJECTED,root binding
fixture-09-correct,2,trace-reachable,REJECTED,root binding
fixture-09-correct,2,trace-guard,REJECTED,root binding
fixture-09-correct,2,vector-length,REJECTED,node 13 vector length
fixture-09-correct,2,vector-type,REJECTED,node 13 sort
fixture-09-correct,2,node-sort,REJECTED,node 25 topology
fixture-09-correct,2,node-id,REJECTED,node 25 topology
fixture-09-correct,2,node-data,REJECTED,node 3 topology
fixture-09-correct,2,node-extra-field,REJECTED,node 13 schema
fixture-09-correct,2,node-missing-field,REJECTED,node 25 schema
fixture-09-correct,2,node-count,REJECTED,node count
fixture-09-correct,2,point-order,REJECTED,request/domain binding
fixture-09-correct,2,point-value,REJECTED,request/domain binding
fixture-09-correct,2,domain-binding,REJECTED,request/domain binding
fixture-09-correct,2,request-id,REJECTED,request/domain binding
fixture-09-correct,2,extra-top-field,REJECTED,certificate schema
fixture-09-correct,2,certificate-digest,REJECTED,certificate digest
fixture-09-correct,3,vector,REJECTED,node 20 cell 57 mismatch
fixture-09-correct,3,topology-op,REJECTED,node 30 topology
fixture-09-correct,3,topology-child,REJECTED,node 30 topology
fixture-09-correct,3,source-original,REJECTED,source binding
fixture-09-correct,3,source-candidate,REJECTED,source binding
fixture-09-correct,3,source-reference,REJECTED,source binding
fixture-09-correct,3,source-repair_guard,REJECTED,source binding
fixture-09-correct,3,root-defined,REJECTED,root binding
fixture-09-correct,3,root-repair,REJECTED,root binding
fixture-09-correct,3,root-preserve,REJECTED,root binding
fixture-09-correct,3,guard-root,REJECTED,root binding
fixture-09-correct,3,role-output,REJECTED,root binding
fixture-09-correct,3,role-defined,REJECTED,root binding
fixture-09-correct,3,trace-site,REJECTED,root binding
fixture-09-correct,3,trace-reachable,REJECTED,root binding
fixture-09-correct,3,trace-guard,REJECTED,root binding
fixture-09-correct,3,vector-length,REJECTED,node 34 vector length
fixture-09-correct,3,vector-type,REJECTED,node 0 sort
fixture-09-correct,3,node-sort,REJECTED,node 14 topology
fixture-09-correct,3,node-id,REJECTED,node 14 topology
fixture-09-correct,3,node-data,REJECTED,node 0 topology
fixture-09-correct,3,node-extra-field,REJECTED,node 34 schema
fixture-09-correct,3,node-missing-field,REJECTED,node 14 schema
fixture-09-correct,3,node-count,REJECTED,node count
fixture-09-correct,3,point-order,REJECTED,request/domain binding
fixture-09-correct,3,point-value,REJECTED,request/domain binding
fixture-09-correct,3,domain-binding,REJECTED,request/domain binding
fixture-09-correct,3,request-id,REJECTED,request/domain binding
fixture-09-correct,3,extra-top-field,REJECTED,certificate schema
fixture-09-correct,3,certificate-digest,REJECTED,certificate digest
fixture-09-correct,4,vector,REJECTED,node 3 cell 73 mismatch
fixture-09-correct,4,topology-op,REJECTED,node 14 topology
fixture-09-correct,4,topology-child,REJECTED,node 14 topology
fixture-09-correct,4,source-original,REJECTED,source binding
fixture-09-correct,4,source-candidate,REJECTED,source binding
fixture-09-correct,4,source-reference,REJECTED,source binding
fixture-09-correct,4,source-repair_guard,REJECTED,source binding
fixture-09-correct,4,root-defined,REJECTED,root binding
fixture-09-correct,4,root-repair,REJECTED,root binding
fixture-09-correct,4,root-preserve,REJECTED,root binding
fixture-09-correct,4,guard-root,REJECTED,root binding
fixture-09-correct,4,role-output,REJECTED,root binding
fixture-09-correct,4,role-defined,REJECTED,root binding
fixture-09-correct,4,trace-site,REJECTED,root binding
fixture-09-correct,4,trace-reachable,REJECTED,root binding
fixture-09-correct,4,trace-guard,REJECTED,root binding
fixture-09-correct,4,vector-length,REJECTED,node 17 vector length
fixture-09-correct,4,vector-type,REJECTED,node 35 sort
fixture-09-correct,4,node-sort,REJECTED,node 3 topology
fixture-09-correct,4,node-id,REJECTED,node 3 topology
fixture-09-correct,4,node-data,REJECTED,node 8 topology
fixture-09-correct,4,node-extra-field,REJECTED,node 17 schema
fixture-09-correct,4,node-missing-field,REJECTED,node 3 schema
fixture-09-correct,4,node-count,REJECTED,node count
fixture-09-correct,4,point-order,REJECTED,request/domain binding
fixture-09-correct,4,point-value,REJECTED,request/domain binding
fixture-09-correct,4,domain-binding,REJECTED,request/domain binding
fixture-09-correct,4,request-id,REJECTED,request/domain binding
fixture-09-correct,4,extra-top-field,REJECTED,certificate schema
fixture-09-correct,4,certificate-digest,REJECTED,certificate digest
fixture-09-correct,5,vector,REJECTED,node 10 cell 8 mismatch
fixture-09-correct,5,topology-op,REJECTED,node 28 topology
fixture-09-correct,5,topology-child,REJECTED,node 28 topology
fixture-09-correct,5,source-original,REJECTED,source binding
fixture-09-correct,5,source-candidate,REJECTED,source binding
fixture-09-correct,5,source-reference,REJECTED,source binding
fixture-09-correct,5,source-repair_guard,REJECTED,source binding
fixture-09-correct,5,root-defined,REJECTED,root binding
fixture-09-correct,5,root-repair,REJECTED,root binding
fixture-09-correct,5,root-preserve,REJECTED,root binding
fixture-09-correct,5,guard-root,REJECTED,root binding
fixture-09-correct,5,role-output,REJECTED,root binding
fixture-09-correct,5,role-defined,REJECTED,root binding
fixture-09-correct,5,trace-site,REJECTED,root binding
fixture-09-correct,5,trace-reachable,REJECTED,root binding
fixture-09-correct,5,trace-guard,REJECTED,root binding
fixture-09-correct,5,vector-length,REJECTED,node 0 vector length
fixture-09-correct,5,vector-type,REJECTED,node 32 sort
fixture-09-correct,5,node-sort,REJECTED,node 28 topology
fixture-09-correct,5,node-id,REJECTED,node 28 topology
fixture-09-correct,5,node-data,REJECTED,node 4 topology
fixture-09-correct,5,node-extra-field,REJECTED,node 0 schema
fixture-09-correct,5,node-missing-field,REJECTED,node 28 schema
fixture-09-correct,5,node-count,REJECTED,node count
fixture-09-correct,5,point-order,REJECTED,request/domain binding
fixture-09-correct,5,point-value,REJECTED,request/domain binding
fixture-09-correct,5,domain-binding,REJECTED,request/domain binding
fixture-09-correct,5,request-id,REJECTED,request/domain binding
fixture-09-correct,5,extra-top-field,REJECTED,certificate schema
fixture-09-correct,5,certificate-digest,REJECTED,certificate digest
fixture-09-correct,6,vector,REJECTED,node 24 cell 24 mismatch
fixture-09-correct,6,topology-op,REJECTED,node 12 topology
fixture-09-correct,6,topology-child,REJECTED,node 12 topology
fixture-09-correct,6,source-original,REJECTED,source binding
fixture-09-correct,6,source-candidate,REJECTED,source binding
fixture-09-correct,6,source-reference,REJECTED,source binding
fixture-09-correct,6,source-repair_guard,REJECTED,source binding
fixture-09-correct,6,root-defined,REJECTED,root binding
fixture-09-correct,6,root-repair,REJECTED,root binding
fixture-09-correct,6,root-preserve,REJECTED,root binding
fixture-09-correct,6,guard-root,REJECTED,root binding
fixture-09-correct,6,role-output,REJECTED,root binding
fixture-09-correct,6,role-defined,REJECTED,root binding
fixture-09-correct,6,trace-site,REJECTED,root binding
fixture-09-correct,6,trace-reachable,REJECTED,root binding
fixture-09-correct,6,trace-guard,REJECTED,root binding
fixture-09-correct,6,vector-length,REJECTED,node 21 vector length
fixture-09-correct,6,vector-type,REJECTED,node 29 sort
fixture-09-correct,6,node-sort,REJECTED,node 17 topology
fixture-09-correct,6,node-id,REJECTED,node 17 topology
fixture-09-correct,6,node-data,REJECTED,node 1 topology
fixture-09-correct,6,node-extra-field,REJECTED,node 21 schema
fixture-09-correct,6,node-missing-field,REJECTED,node 17 schema
fixture-09-correct,6,node-count,REJECTED,node count
fixture-09-correct,6,point-order,REJECTED,request/domain binding
fixture-09-correct,6,point-value,REJECTED,request/domain binding
fixture-09-correct,6,domain-binding,REJECTED,request/domain binding
fixture-09-correct,6,request-id,REJECTED,request/domain binding
fixture-09-correct,6,extra-top-field,REJECTED,certificate schema
fixture-09-correct,6,certificate-digest,REJECTED,certificate digest
fixture-09-correct,7,vector,REJECTED,node 6 cell 40 mismatch
fixture-09-correct,7,topology-op,REJECTED,node 26 topology
fixture-09-correct,7,topology-child,REJECTED,node 26 topology
fixture-09-correct,7,source-original,REJECTED,source binding
fixture-09-correct,7,source-candidate,REJECTED,source binding
fixture-09-correct,7,source-reference,REJECTED,source binding
fixture-09-correct,7,source-repair_guard,REJECTED,source binding
fixture-09-correct,7,root-defined,REJECTED,root binding
fixture-09-correct,7,root-repair,REJECTED,root binding
fixture-09-correct,7,root-preserve,REJECTED,root binding
fixture-09-correct,7,guard-root,REJECTED,root binding
fixture-09-correct,7,role-output,REJECTED,root binding
fixture-09-correct,7,role-defined,REJECTED,root binding
fixture-09-correct,7,trace-site,REJECTED,root binding
fixture-09-correct,7,trace-reachable,REJECTED,root binding
fixture-09-correct,7,trace-guard,REJECTED,root binding
fixture-09-correct,7,vector-length,REJECTED,node 4 vector length
fixture-09-correct,7,vector-type,REJECTED,node 21 sort
fixture-09-correct,7,node-sort,REJECTED,node 6 topology
fixture-09-correct,7,node-id,REJECTED,node 6 topology
fixture-09-correct,7,node-data,REJECTED,node 10 topology
fixture-09-correct,7,node-extra-field,REJECTED,node 4 schema
fixture-09-correct,7,node-missing-field,REJECTED,node 6 schema
fixture-09-correct,7,node-count,REJECTED,node count
fixture-09-correct,7,point-order,REJECTED,request/domain binding
fixture-09-correct,7,point-value,REJECTED,request/domain binding
fixture-09-correct,7,domain-binding,REJECTED,request/domain binding
fixture-09-correct,7,request-id,REJECTED,request/domain binding
fixture-09-correct,7,extra-top-field,REJECTED,certificate schema
fixture-09-correct,7,certificate-digest,REJECTED,certificate digest
fixture-09-correct,8,vector,REJECTED,node 18 cell 56 mismatch
fixture-09-correct,8,topology-op,REJECTED,node 9 topology
fixture-09-correct,8,topology-child,REJECTED,node 9 topology
fixture-09-correct,8,source-original,REJECTED,source binding
fixture-09-correct,8,source-candidate,REJECTED,source binding
fixture-09-correct,8,source-reference,REJECTED,source binding
fixture-09-correct,8,source-repair_guard,REJECTED,source binding
fixture-09-correct,8,root-defined,REJECTED,root binding
fixture-09-correct,8,root-repair,REJECTED,root binding
fixture-09-correct,8,root-preserve,REJECTED,root binding
fixture-09-correct,8,guard-root,REJECTED,root binding
fixture-09-correct,8,role-output,REJECTED,root binding
fixture-09-correct,8,role-defined,REJECTED,root binding
fixture-09-correct,8,trace-site,REJECTED,root binding
fixture-09-correct,8,trace-reachable,REJECTED,root binding
fixture-09-correct,8,trace-guard,REJECTED,root binding
fixture-09-correct,8,vector-length,REJECTED,node 25 vector length
fixture-09-correct,8,vector-type,REJECTED,node 16 sort
fixture-09-correct,8,node-sort,REJECTED,node 31 topology
fixture-09-correct,8,node-id,REJECTED,node 31 topology
fixture-09-correct,8,node-data,REJECTED,node 5 topology
fixture-09-correct,8,node-extra-field,REJECTED,node 25 schema
fixture-09-correct,8,node-missing-field,REJECTED,node 31 schema
fixture-09-correct,8,node-count,REJECTED,node count
fixture-09-correct,8,point-order,REJECTED,request/domain binding
fixture-09-correct,8,point-value,REJECTED,request/domain binding
fixture-09-correct,8,domain-binding,REJECTED,request/domain binding
fixture-09-correct,8,request-id,REJECTED,request/domain binding
fixture-09-correct,8,extra-top-field,REJECTED,certificate schema
fixture-09-correct,8,certificate-digest,REJECTED,certificate digest
fixture-09-correct,9,vector,REJECTED,node 2 cell 72 mismatch
fixture-09-correct,9,topology-op,REJECTED,node 24 topology
fixture-09-correct,9,topology-child,REJECTED,node 24 topology
fixture-09-correct,9,source-original,REJECTED,source binding
fixture-09-correct,9,source-candidate,REJECTED,source binding
fixture-09-correct,9,source-reference,REJECTED,source binding
fixture-09-correct,9,source-repair_guard,REJECTED,source binding
fixture-09-correct,9,root-defined,REJECTED,root binding
fixture-09-correct,9,root-repair,REJECTED,root binding
fixture-09-correct,9,root-preserve,REJECTED,root binding
fixture-09-correct,9,guard-root,REJECTED,root binding
fixture-09-correct,9,role-output,REJECTED,root binding
fixture-09-correct,9,role-defined,REJECTED,root binding
fixture-09-correct,9,trace-site,REJECTED,root binding
fixture-09-correct,9,trace-reachable,REJECTED,root binding
fixture-09-correct,9,trace-guard,REJECTED,root binding
fixture-09-correct,9,vector-length,REJECTED,node 8 vector length
fixture-09-correct,9,vector-type,REJECTED,node 11 sort
fixture-09-correct,9,node-sort,REJECTED,node 20 topology
fixture-09-correct,9,node-id,REJECTED,node 20 topology
fixture-09-correct,9,node-data,REJECTED,node 2 topology
fixture-09-correct,9,node-extra-field,REJECTED,node 8 schema
fixture-09-correct,9,node-missing-field,REJECTED,node 20 schema
fixture-09-correct,9,node-count,REJECTED,node count
fixture-09-correct,9,point-order,REJECTED,request/domain binding
fixture-09-correct,9,point-value,REJECTED,request/domain binding
fixture-09-correct,9,domain-binding,REJECTED,request/domain binding
fixture-09-correct,9,request-id,REJECTED,request/domain binding
fixture-09-correct,9,extra-top-field,REJECTED,certificate schema
fixture-09-correct,9,certificate-digest,REJECTED,certificate digest
fixture-10-correct,0,vector,REJECTED,node 15 cell 10 mismatch
fixture-10-correct,0,topology-op,REJECTED,node 19 topology
fixture-10-correct,0,topology-child,REJECTED,node 19 topology
fixture-10-correct,0,source-original,REJECTED,source binding
fixture-10-correct,0,source-candidate,REJECTED,source binding
fixture-10-correct,0,source-reference,REJECTED,source binding
fixture-10-correct,0,source-repair_guard,REJECTED,source binding
fixture-10-correct,0,root-defined,REJECTED,root binding
fixture-10-correct,0,root-repair,REJECTED,root binding
fixture-10-correct,0,root-preserve,REJECTED,root binding
fixture-10-correct,0,guard-root,REJECTED,root binding
fixture-10-correct,0,role-output,REJECTED,root binding
fixture-10-correct,0,role-defined,REJECTED,root binding
fixture-10-correct,0,trace-site,REJECTED,root binding
fixture-10-correct,0,trace-reachable,REJECTED,root binding
fixture-10-correct,0,trace-guard,REJECTED,root binding
fixture-10-correct,0,vector-length,REJECTED,node 10 vector length
fixture-10-correct,0,vector-type,REJECTED,node 28 sort
fixture-10-correct,0,node-sort,REJECTED,node 12 topology
fixture-10-correct,0,node-id,REJECTED,node 12 topology
fixture-10-correct,0,node-data,REJECTED,node 0 topology
fixture-10-correct,0,node-extra-field,REJECTED,node 10 schema
fixture-10-correct,0,node-missing-field,REJECTED,node 12 schema
fixture-10-correct,0,node-count,REJECTED,node count
fixture-10-correct,0,point-order,REJECTED,request/domain binding
fixture-10-correct,0,point-value,REJECTED,request/domain binding
fixture-10-correct,0,domain-binding,REJECTED,request/domain binding
fixture-10-correct,0,request-id,REJECTED,request/domain binding
fixture-10-correct,0,extra-top-field,REJECTED,certificate schema
fixture-10-correct,0,certificate-digest,REJECTED,certificate digest
fixture-10-correct,1,vector,REJECTED,node 27 cell 26 mismatch
fixture-10-correct,1,topology-op,REJECTED,node 33 topology
fixture-10-correct,1,topology-child,REJECTED,node 33 topology
fixture-10-correct,1,source-original,REJECTED,source binding
fixture-10-correct,1,source-candidate,REJECTED,source binding
fixture-10-correct,1,source-reference,REJECTED,source binding
fixture-10-correct,1,source-repair_guard,REJECTED,source binding
fixture-10-correct,1,root-defined,REJECTED,root binding
fixture-10-correct,1,root-repair,REJECTED,root binding
fixture-10-correct,1,root-preserve,REJECTED,root binding
fixture-10-correct,1,guard-root,REJECTED,root binding
fixture-10-correct,1,role-output,REJECTED,root binding
fixture-10-correct,1,role-defined,REJECTED,root binding
fixture-10-correct,1,trace-site,REJECTED,root binding
fixture-10-correct,1,trace-reachable,REJECTED,root binding
fixture-10-correct,1,trace-guard,REJECTED,root binding
fixture-10-correct,1,vector-length,REJECTED,node 31 vector length
fixture-10-correct,1,vector-type,REJECTED,node 19 sort
fixture-10-correct,1,node-sort,REJECTED,node 37 topology
fixture-10-correct,1,node-id,REJECTED,node 37 topology
fixture-10-correct,1,node-data,REJECTED,node 8 topology
fixture-10-correct,1,node-extra-field,REJECTED,node 31 schema
fixture-10-correct,1,node-missing-field,REJECTED,node 37 schema
fixture-10-correct,1,node-count,REJECTED,node count
fixture-10-correct,1,point-order,REJECTED,request/domain binding
fixture-10-correct,1,point-value,REJECTED,request/domain binding
fixture-10-correct,1,domain-binding,REJECTED,request/domain binding
fixture-10-correct,1,request-id,REJECTED,request/domain binding
fixture-10-correct,1,extra-top-field,REJECTED,certificate schema
fixture-10-correct,1,certificate-digest,REJECTED,certificate digest
fixture-10-correct,2,vector,REJECTED,node 8 cell 42 mismatch
fixture-10-correct,2,topology-op,REJECTED,node 17 topology
fixture-10-correct,2,topology-child,REJECTED,node 17 topology
fixture-10-correct,2,source-original,REJECTED,source binding
fixture-10-correct,2,source-candidate,REJECTED,source binding
fixture-10-correct,2,source-reference,REJECTED,source binding
fixture-10-correct,2,source-repair_guard,REJECTED,source binding
fixture-10-correct,2,root-defined,REJECTED,root binding
fixture-10-correct,2,root-repair,REJECTED,root binding
fixture-10-correct,2,root-preserve,REJECTED,root binding
fixture-10-correct,2,guard-root,REJECTED,root binding
fixture-10-correct,2,role-output,REJECTED,root binding
fixture-10-correct,2,role-defined,REJECTED,root binding
fixture-10-correct,2,trace-site,REJECTED,root binding
fixture-10-correct,2,trace-reachable,REJECTED,root binding
fixture-10-correct,2,trace-guard,REJECTED,root binding
fixture-10-correct,2,vector-length,REJECTED,node 14 vector length
fixture-10-correct,2,vector-type,REJECTED,node 14 sort
fixture-10-correct,2,node-sort,REJECTED,node 26 topology
fixture-10-correct,2,node-id,REJECTED,node 26 topology
fixture-10-correct,2,node-data,REJECTED,node 4 topology
fixture-10-correct,2,node-extra-field,REJECTED,node 14 schema
fixture-10-correct,2,node-missing-field,REJECTED,node 26 schema
fixture-10-correct,2,node-count,REJECTED,node count
fixture-10-correct,2,point-order,REJECTED,request/domain binding
fixture-10-correct,2,point-value,REJECTED,request/domain binding
fixture-10-correct,2,domain-binding,REJECTED,request/domain binding
fixture-10-correct,2,request-id,REJECTED,request/domain binding
fixture-10-correct,2,extra-top-field,REJECTED,certificate schema
fixture-10-correct,2,certificate-digest,REJECTED,certificate digest
fixture-10-correct,3,vector,REJECTED,node 22 cell 58 mismatch
fixture-10-correct,3,topology-op,REJECTED,node 31 topology
fixture-10-correct,3,topology-child,REJECTED,node 31 topology
fixture-10-correct,3,source-original,REJECTED,source binding
fixture-10-correct,3,source-candidate,REJECTED,source binding
fixture-10-correct,3,source-reference,REJECTED,source binding
fixture-10-correct,3,source-repair_guard,REJECTED,source binding
fixture-10-correct,3,root-defined,REJECTED,root binding
fixture-10-correct,3,root-repair,REJECTED,root binding
fixture-10-correct,3,root-preserve,REJECTED,root binding
fixture-10-correct,3,guard-root,REJECTED,root binding
fixture-10-correct,3,role-output,REJECTED,root binding
fixture-10-correct,3,role-defined,REJECTED,root binding
fixture-10-correct,3,trace-site,REJECTED,root binding
fixture-10-correct,3,trace-reachable,REJECTED,root binding
fixture-10-correct,3,trace-guard,REJECTED,root binding
fixture-10-correct,3,vector-length,REJECTED,node 35 vector length
fixture-10-correct,3,vector-type,REJECTED,node 1 sort
fixture-10-correct,3,node-sort,REJECTED,node 15 topology
fixture-10-correct,3,node-id,REJECTED,node 15 topology
fixture-10-correct,3,node-data,REJECTED,node 1 topology
fixture-10-correct,3,node-extra-field,REJECTED,node 35 schema
fixture-10-correct,3,node-missing-field,REJECTED,node 15 schema
fixture-10-correct,3,node-count,REJECTED,node count
fixture-10-correct,3,point-order,REJECTED,request/domain binding
fixture-10-correct,3,point-value,REJECTED,request/domain binding
fixture-10-correct,3,domain-binding,REJECTED,request/domain binding
fixture-10-correct,3,request-id,REJECTED,request/domain binding
fixture-10-correct,3,extra-top-field,REJECTED,certificate schema
fixture-10-correct,3,certificate-digest,REJECTED,certificate digest
fixture-10-correct,4,vector,REJECTED,node 4 cell 74 mismatch
fixture-10-correct,4,topology-op,REJECTED,node 15 topology
fixture-10-correct,4,topology-child,REJECTED,node 15 topology
fixture-10-correct,4,source-original,REJECTED,source binding
fixture-10-correct,4,source-candidate,REJECTED,source binding
fixture-10-correct,4,source-reference,REJECTED,source binding
fixture-10-correct,4,source-repair_guard,REJECTED,source binding
fixture-10-correct,4,root-defined,REJECTED,root binding
fixture-10-correct,4,root-repair,REJECTED,root binding
fixture-10-correct,4,root-preserve,REJECTED,root binding
fixture-10-correct,4,guard-root,REJECTED,root binding
fixture-10-correct,4,role-output,REJECTED,root binding
fixture-10-correct,4,role-defined,REJECTED,root binding
fixture-10-correct,4,trace-site,REJECTED,root binding
fixture-10-correct,4,trace-reachable,REJECTED,root binding
fixture-10-correct,4,trace-guard,REJECTED,root binding
fixture-10-correct,4,vector-length,REJECTED,node 18 vector length
fixture-10-correct,4,vector-type,REJECTED,node 36 sort
fixture-10-correct,4,node-sort,REJECTED,node 4 topology
fixture-10-correct,4,node-id,REJECTED,node 4 topology
fixture-10-correct,4,node-data,REJECTED,node 10 topology
fixture-10-correct,4,node-extra-field,REJECTED,node 18 schema
fixture-10-correct,4,node-missing-field,REJECTED,node 4 schema
fixture-10-correct,4,node-count,REJECTED,node count
fixture-10-correct,4,point-order,REJECTED,request/domain binding
fixture-10-correct,4,point-value,REJECTED,request/domain binding
fixture-10-correct,4,domain-binding,REJECTED,request/domain binding
fixture-10-correct,4,request-id,REJECTED,request/domain binding
fixture-10-correct,4,extra-top-field,REJECTED,certificate schema
fixture-10-correct,4,certificate-digest,REJECTED,certificate digest
fixture-10-correct,5,vector,REJECTED,node 12 cell 9 mismatch
fixture-10-correct,5,topology-op,REJECTED,node 29 topology
fixture-10-correct,5,topology-child,REJECTED,node 29 topology
fixture-10-correct,5,source-original,REJECTED,source binding
fixture-10-correct,5,source-candidate,REJECTED,source binding
fixture-10-correct,5,source-reference,REJECTED,source binding
fixture-10-correct,5,source-repair_guard,REJECTED,source binding
fixture-10-correct,5,root-defined,REJECTED,root binding
fixture-10-correct,5,root-repair,REJECTED,root binding
fixture-10-correct,5,root-preserve,REJECTED,root binding
fixture-10-correct,5,guard-root,REJECTED,root binding
fixture-10-correct,5,role-output,REJECTED,root binding
fixture-10-correct,5,role-defined,REJECTED,root binding
fixture-10-correct,5,trace-site,REJECTED,root binding
fixture-10-correct,5,trace-reachable,REJECTED,root binding
fixture-10-correct,5,trace-guard,REJECTED,root binding
fixture-10-correct,5,vector-length,REJECTED,node 1 vector length
fixture-10-correct,5,vector-type,REJECTED,node 33 sort
fixture-10-correct,5,node-sort,REJECTED,node 29 topology
fixture-10-correct,5,node-id,REJECTED,node 29 topology
fixture-10-correct,5,node-data,REJECTED,node 5 topology
fixture-10-correct,5,node-extra-field,REJECTED,node 1 schema
fixture-10-correct,5,node-missing-field,REJECTED,node 29 schema
fixture-10-correct,5,node-count,REJECTED,node count
fixture-10-correct,5,point-order,REJECTED,request/domain binding
fixture-10-correct,5,point-value,REJECTED,request/domain binding
fixture-10-correct,5,domain-binding,REJECTED,request/domain binding
fixture-10-correct,5,request-id,REJECTED,request/domain binding
fixture-10-correct,5,extra-top-field,REJECTED,certificate schema
fixture-10-correct,5,certificate-digest,REJECTED,certificate digest
fixture-10-correct,6,vector,REJECTED,node 25 cell 25 mismatch
fixture-10-correct,6,topology-op,REJECTED,node 13 topology
fixture-10-correct,6,topology-child,REJECTED,node 13 topology
fixture-10-correct,6,source-original,REJECTED,source binding
fixture-10-correct,6,source-candidate,REJECTED,source binding
fixture-10-correct,6,source-reference,REJECTED,source binding
fixture-10-correct,6,source-repair_guard,REJECTED,source binding
fixture-10-correct,6,root-defined,REJECTED,root binding
fixture-10-correct,6,root-repair,REJECTED,root binding
fixture-10-correct,6,root-preserve,REJECTED,root binding
fixture-10-correct,6,guard-root,REJECTED,root binding
fixture-10-correct,6,role-output,REJECTED,root binding
fixture-10-correct,6,role-defined,REJECTED,root binding
fixture-10-correct,6,trace-site,REJECTED,root binding
fixture-10-correct,6,trace-reachable,REJECTED,root binding
fixture-10-correct,6,trace-guard,REJECTED,root binding
fixture-10-correct,6,vector-length,REJECTED,node 22 vector length
fixture-10-correct,6,vector-type,REJECTED,node 30 sort
fixture-10-correct,6,node-sort,REJECTED,node 18 topology
fixture-10-correct,6,node-id,REJECTED,node 18 topology
fixture-10-correct,6,node-data,REJECTED,node 2 topology
fixture-10-correct,6,node-extra-field,REJECTED,node 22 schema
fixture-10-correct,6,node-missing-field,REJECTED,node 18 schema
fixture-10-correct,6,node-count,REJECTED,node count
fixture-10-correct,6,point-order,REJECTED,request/domain binding
fixture-10-correct,6,point-value,REJECTED,request/domain binding
fixture-10-correct,6,domain-binding,REJECTED,request/domain binding
fixture-10-correct,6,request-id,REJECTED,request/domain binding
fixture-10-correct,6,extra-top-field,REJECTED,certificate schema
fixture-10-correct,6,certificate-digest,REJECTED,certificate digest
fixture-10-correct,7,vector,REJECTED,node 7 cell 41 mismatch
fixture-10-correct,7,topology-op,REJECTED,node 27 topology
fixture-10-correct,7,topology-child,REJECTED,node 27 topology
fixture-10-correct,7,source-original,REJECTED,source binding
fixture-10-correct,7,source-candidate,REJECTED,source binding
fixture-10-correct,7,source-reference,REJECTED,source binding
fixture-10-correct,7,source-repair_guard,REJECTED,source binding
fixture-10-correct,7,root-defined,REJECTED,root binding
fixture-10-correct,7,root-repair,REJECTED,root binding
fixture-10-correct,7,root-preserve,REJECTED,root binding
fixture-10-correct,7,guard-root,REJECTED,root binding
fixture-10-correct,7,role-output,REJECTED,root binding
fixture-10-correct,7,role-defined,REJECTED,root binding
fixture-10-correct,7,trace-site,REJECTED,root binding
fixture-10-correct,7,trace-reachable,REJECTED,root binding
fixture-10-correct,7,trace-guard,REJECTED,root binding
fixture-10-correct,7,vector-length,REJECTED,node 5 vector length
fixture-10-correct,7,vector-type,REJECTED,node 26 sort
fixture-10-correct,7,node-sort,REJECTED,node 7 topology
fixture-10-correct,7,node-id,REJECTED,node 7 topology
fixture-10-correct,7,node-data,REJECTED,node 22 topology
fixture-10-correct,7,node-extra-field,REJECTED,node 5 schema
fixture-10-correct,7,node-missing-field,REJECTED,node 7 schema
fixture-10-correct,7,node-count,REJECTED,node count
fixture-10-correct,7,point-order,REJECTED,request/domain binding
fixture-10-correct,7,point-value,REJECTED,request/domain binding
fixture-10-correct,7,domain-binding,REJECTED,request/domain binding
fixture-10-correct,7,request-id,REJECTED,request/domain binding
fixture-10-correct,7,extra-top-field,REJECTED,certificate schema
fixture-10-correct,7,certificate-digest,REJECTED,certificate digest
fixture-10-correct,8,vector,REJECTED,node 20 cell 57 mismatch
fixture-10-correct,8,topology-op,REJECTED,node 11 topology
fixture-10-correct,8,topology-child,REJECTED,node 11 topology
fixture-10-correct,8,source-original,REJECTED,source binding
fixture-10-correct,8,source-candidate,REJECTED,source binding
fixture-10-correct,8,source-reference,REJECTED,source binding
fixture-10-correct,8,source-repair_guard,REJECTED,source binding
fixture-10-correct,8,root-defined,REJECTED,root binding
fixture-10-correct,8,root-repair,REJECTED,root binding
fixture-10-correct,8,root-preserve,REJECTED,root binding
fixture-10-correct,8,guard-root,REJECTED,root binding
fixture-10-correct,8,role-output,REJECTED,root binding
fixture-10-correct,8,role-defined,REJECTED,root binding
fixture-10-correct,8,trace-site,REJECTED,root binding
fixture-10-correct,8,trace-reachable,REJECTED,root binding
fixture-10-correct,8,trace-guard,REJECTED,root binding
fixture-10-correct,8,vector-length,REJECTED,node 26 vector length
fixture-10-correct,8,vector-type,REJECTED,node 17 sort
fixture-10-correct,8,node-sort,REJECTED,node 32 topology
fixture-10-correct,8,node-id,REJECTED,node 32 topology
fixture-10-correct,8,node-data,REJECTED,node 6 topology
fixture-10-correct,8,node-extra-field,REJECTED,node 26 schema
fixture-10-correct,8,node-missing-field,REJECTED,node 32 schema
fixture-10-correct,8,node-count,REJECTED,node count
fixture-10-correct,8,point-order,REJECTED,request/domain binding
fixture-10-correct,8,point-value,REJECTED,request/domain binding
fixture-10-correct,8,domain-binding,REJECTED,request/domain binding
fixture-10-correct,8,request-id,REJECTED,request/domain binding
fixture-10-correct,8,extra-top-field,REJECTED,certificate schema
fixture-10-correct,8,certificate-digest,REJECTED,certificate digest
fixture-10-correct,9,vector,REJECTED,node 3 cell 73 mismatch
fixture-10-correct,9,topology-op,REJECTED,node 25 topology
fixture-10-correct,9,topology-child,REJECTED,node 25 topology
fixture-10-correct,9,source-original,REJECTED,source binding
fixture-10-correct,9,source-candidate,REJECTED,source binding
fixture-10-correct,9,source-reference,REJECTED,source binding
fixture-10-correct,9,source-repair_guard,REJECTED,source binding
fixture-10-correct,9,root-defined,REJECTED,root binding
fixture-10-correct,9,root-repair,REJECTED,root binding
fixture-10-correct,9,root-preserve,REJECTED,root binding
fixture-10-correct,9,guard-root,REJECTED,root binding
fixture-10-correct,9,role-output,REJECTED,root binding
fixture-10-correct,9,role-defined,REJECTED,root binding
fixture-10-correct,9,trace-site,REJECTED,root binding
fixture-10-correct,9,trace-reachable,REJECTED,root binding
fixture-10-correct,9,trace-guard,REJECTED,root binding
fixture-10-correct,9,vector-length,REJECTED,node 9 vector length
fixture-10-correct,9,vector-type,REJECTED,node 13 sort
fixture-10-correct,9,node-sort,REJECTED,node 21 topology
fixture-10-correct,9,node-id,REJECTED,node 21 topology
fixture-10-correct,9,node-data,REJECTED,node 3 topology
fixture-10-correct,9,node-extra-field,REJECTED,node 9 schema
fixture-10-correct,9,node-missing-field,REJECTED,node 21 schema
fixture-10-correct,9,node-count,REJECTED,node count
fixture-10-correct,9,point-order,REJECTED,request/domain binding
fixture-10-correct,9,point-value,REJECTED,request/domain binding
fixture-10-correct,9,domain-binding,REJECTED,request/domain binding
fixture-10-correct,9,request-id,REJECTED,request/domain binding
fixture-10-correct,9,extra-top-field,REJECTED,certificate schema
fixture-10-correct,9,certificate-digest,REJECTED,certificate digest
fixture-11-correct,0,vector,REJECTED,node 20 cell 11 mismatch
fixture-11-correct,0,topology-op,REJECTED,node 21 topology
fixture-11-correct,0,topology-child,REJECTED,node 21 topology
fixture-11-correct,0,source-original,REJECTED,source binding
fixture-11-correct,0,source-candidate,REJECTED,source binding
fixture-11-correct,0,source-reference,REJECTED,source binding
fixture-11-correct,0,source-repair_guard,REJECTED,source binding
fixture-11-correct,0,root-defined,REJECTED,root binding
fixture-11-correct,0,root-repair,REJECTED,root binding
fixture-11-correct,0,root-preserve,REJECTED,root binding
fixture-11-correct,0,guard-root,REJECTED,root binding
fixture-11-correct,0,role-output,REJECTED,root binding
fixture-11-correct,0,role-defined,REJECTED,root binding
fixture-11-correct,0,trace-site,REJECTED,root binding
fixture-11-correct,0,trace-reachable,REJECTED,root binding
fixture-11-correct,0,trace-guard,REJECTED,root binding
fixture-11-correct,0,vector-length,REJECTED,node 11 vector length
fixture-11-correct,0,vector-type,REJECTED,node 25 sort
fixture-11-correct,0,node-sort,REJECTED,node 13 topology
fixture-11-correct,0,node-id,REJECTED,node 13 topology
fixture-11-correct,0,node-data,REJECTED,node 1 topology
fixture-11-correct,0,node-extra-field,REJECTED,node 11 schema
fixture-11-correct,0,node-missing-field,REJECTED,node 13 schema
fixture-11-correct,0,node-count,REJECTED,node count
fixture-11-correct,0,point-order,REJECTED,request/domain binding
fixture-11-correct,0,point-value,REJECTED,request/domain binding
fixture-11-correct,0,domain-binding,REJECTED,request/domain binding
fixture-11-correct,0,request-id,REJECTED,request/domain binding
fixture-11-correct,0,extra-top-field,REJECTED,certificate schema
fixture-11-correct,0,certificate-digest,REJECTED,certificate digest
fixture-11-correct,1,vector,REJECTED,node 18 cell 27 mismatch
fixture-11-correct,1,topology-op,REJECTED,node 23 topology
fixture-11-correct,1,topology-child,REJECTED,node 23 topology
fixture-11-correct,1,source-original,REJECTED,source binding
fixture-11-correct,1,source-candidate,REJECTED,source binding
fixture-11-correct,1,source-reference,REJECTED,source binding
fixture-11-correct,1,source-repair_guard,REJECTED,source binding
fixture-11-correct,1,root-defined,REJECTED,root binding
fixture-11-correct,1,root-repair,REJECTED,root binding
fixture-11-correct,1,root-preserve,REJECTED,root binding
fixture-11-correct,1,guard-root,REJECTED,root binding
fixture-11-correct,1,role-output,REJECTED,root binding
fixture-11-correct,1,role-defined,REJECTED,root binding
fixture-11-correct,1,trace-site,REJECTED,root binding
fixture-11-correct,1,trace-reachable,REJECTED,root binding
fixture-11-correct,1,trace-guard,REJECTED,root binding
fixture-11-correct,1,vector-length,REJECTED,node 21 vector length
fixture-11-correct,1,vector-type,REJECTED,node 10 sort
fixture-11-correct,1,node-sort,REJECTED,node 2 topology
fixture-11-correct,1,node-id,REJECTED,node 2 topology
fixture-11-correct,1,node-data,REJECTED,node 12 topology
fixture-11-correct,1,node-extra-field,REJECTED,node 21 schema
fixture-11-correct,1,node-missing-field,REJECTED,node 2 schema
fixture-11-correct,1,node-count,REJECTED,node count
fixture-11-correct,1,point-order,REJECTED,request/domain binding
fixture-11-correct,1,point-value,REJECTED,request/domain binding
fixture-11-correct,1,domain-binding,REJECTED,request/domain binding
fixture-11-correct,1,request-id,REJECTED,request/domain binding
fixture-11-correct,1,extra-top-field,REJECTED,certificate schema
fixture-11-correct,1,certificate-digest,REJECTED,certificate digest
fixture-11-correct,2,vector,REJECTED,node 16 cell 43 mismatch
fixture-11-correct,2,topology-op,REJECTED,node 25 topology
fixture-11-correct,2,topology-child,REJECTED,node 25 topology
fixture-11-correct,2,source-original,REJECTED,source binding
fixture-11-correct,2,source-candidate,REJECTED,source binding
fixture-11-correct,2,source-reference,REJECTED,source binding
fixture-11-correct,2,source-repair_guard,REJECTED,source binding
fixture-11-correct,2,root-defined,REJECTED,root binding
fixture-11-correct,2,root-repair,REJECTED,root binding
fixture-11-correct,2,root-preserve,REJECTED,root binding
fixture-11-correct,2,guard-root,REJECTED,root binding
fixture-11-correct,2,role-output,REJECTED,root binding
fixture-11-correct,2,role-defined,REJECTED,root binding
fixture-11-correct,2,trace-site,REJECTED,root binding
fixture-11-correct,2,trace-reachable,REJECTED,root binding
fixture-11-correct,2,trace-guard,REJECTED,root binding
fixture-11-correct,2,vector-length,REJECTED,node 2 vector length
fixture-11-correct,2,vector-type,REJECTED,node 24 sort
fixture-11-correct,2,node-sort,REJECTED,node 18 topology
fixture-11-correct,2,node-id,REJECTED,node 18 topology
fixture-11-correct,2,node-data,REJECTED,node 5 topology
fixture-11-correct,2,node-extra-field,REJECTED,node 2 schema
fixture-11-correct,2,node-missing-field,REJECTED,node 18 schema
fixture-11-correct,2,node-count,REJECTED,node count
fixture-11-correct,2,point-order,REJECTED,request/domain binding
fixture-11-correct,2,point-value,REJECTED,request/domain binding
fixture-11-correct,2,domain-binding,REJECTED,request/domain binding
fixture-11-correct,2,request-id,REJECTED,request/domain binding
fixture-11-correct,2,extra-top-field,REJECTED,certificate schema
fixture-11-correct,2,certificate-digest,REJECTED,certificate digest
fixture-11-correct,3,vector,REJECTED,node 13 cell 59 mismatch
fixture-11-correct,3,topology-op,REJECTED,node 27 topology
fixture-11-correct,3,topology-child,REJECTED,node 27 topology
fixture-11-correct,3,source-original,REJECTED,source binding
fixture-11-correct,3,source-candidate,REJECTED,source binding
fixture-11-correct,3,source-reference,REJECTED,source binding
fixture-11-correct,3,source-repair_guard,REJECTED,source binding
fixture-11-correct,3,root-defined,REJECTED,root binding
fixture-11-correct,3,root-repair,REJECTED,root binding
fixture-11-correct,3,root-preserve,REJECTED,root binding
fixture-11-correct,3,guard-root,REJECTED,root binding
fixture-11-correct,3,role-output,REJECTED,root binding
fixture-11-correct,3,role-defined,REJECTED,root binding
fixture-11-correct,3,trace-site,REJECTED,root binding
fixture-11-correct,3,trace-reachable,REJECTED,root binding
fixture-11-correct,3,trace-guard,REJECTED,root binding
fixture-11-correct,3,vector-length,REJECTED,node 12 vector length
fixture-11-correct,3,vector-type,REJECTED,node 7 sort
fixture-11-correct,3,node-sort,REJECTED,node 7 topology
fixture-11-correct,3,node-id,REJECTED,node 7 topology
fixture-11-correct,3,node-data,REJECTED,node 2 topology
fixture-11-correct,3,node-extra-field,REJECTED,node 12 schema
fixture-11-correct,3,node-missing-field,REJECTED,node 7 schema
fixture-11-correct,3,node-count,REJECTED,node count
fixture-11-correct,3,point-order,REJECTED,request/domain binding
fixture-11-correct,3,point-value,REJECTED,request/domain binding
fixture-11-correct,3,domain-binding,REJECTED,request/domain binding
fixture-11-correct,3,request-id,REJECTED,request/domain binding
fixture-11-correct,3,extra-top-field,REJECTED,certificate schema
fixture-11-correct,3,certificate-digest,REJECTED,certificate digest
fixture-11-correct,4,vector,REJECTED,node 12 cell 75 mismatch
fixture-11-correct,4,topology-op,REJECTED,node 7 topology
fixture-11-correct,4,topology-child,REJECTED,node 7 topology
fixture-11-correct,4,source-original,REJECTED,source binding
fixture-11-correct,4,source-candidate,REJECTED,source binding
fixture-11-correct,4,source-reference,REJECTED,source binding
fixture-11-correct,4,source-repair_guard,REJECTED,source binding
fixture-11-correct,4,root-defined,REJECTED,root binding
fixture-11-correct,4,root-repair,REJECTED,root binding
fixture-11-correct,4,root-preserve,REJECTED,root binding
fixture-11-correct,4,guard-root,REJECTED,root binding
fixture-11-correct,4,role-output,REJECTED,root binding
fixture-11-correct,4,role-defined,REJECTED,root binding
fixture-11-correct,4,trace-site,REJECTED,root binding
fixture-11-correct,4,trace-reachable,REJECTED,root binding
fixture-11-correct,4,trace-guard,REJECTED,root binding
fixture-11-correct,4,vector-length,REJECTED,node 22 vector length
fixture-11-correct,4,vector-type,REJECTED,node 23 sort
fixture-11-correct,4,node-sort,REJECTED,node 23 topology
fixture-11-correct,4,node-id,REJECTED,node 23 topology
fixture-11-correct,4,node-data,REJECTED,node 20 topology
fixture-11-correct,4,node-extra-field,REJECTED,node 22 schema
fixture-11-correct,4,node-missing-field,REJECTED,node 23 schema
fixture-11-correct,4,node-count,REJECTED,node count
fixture-11-correct,4,point-order,REJECTED,request/domain binding
fixture-11-correct,4,point-value,REJECTED,request/domain binding
fixture-11-correct,4,domain-binding,REJECTED,request/domain binding
fixture-11-correct,4,request-id,REJECTED,request/domain binding
fixture-11-correct,4,extra-top-field,REJECTED,certificate schema
fixture-11-correct,4,certificate-digest,REJECTED,certificate digest
fixture-11-correct,5,vector,REJECTED,node 9 cell 10 mismatch
fixture-11-correct,5,topology-op,REJECTED,node 10 topology
fixture-11-correct,5,topology-child,REJECTED,node 10 topology
fixture-11-correct,5,source-original,REJECTED,source binding
fixture-11-correct,5,source-candidate,REJECTED,source binding
fixture-11-correct,5,source-reference,REJECTED,source binding
fixture-11-correct,5,source-repair_guard,REJECTED,source binding
fixture-11-correct,5,root-defined,REJECTED,root binding
fixture-11-correct,5,root-repair,REJECTED,root binding
fixture-11-correct,5,root-preserve,REJECTED,root binding
fixture-11-correct,5,guard-root,REJECTED,root binding
fixture-11-correct,5,role-output,REJECTED,root binding
fixture-11-correct,5,role-defined,REJECTED,root binding
fixture-11-correct,5,trace-site,REJECTED,root binding
fixture-11-correct,5,trace-reachable,REJECTED,root binding
fixture-11-correct,5,trace-guard,REJECTED,root binding
fixture-11-correct,5,vector-length,REJECTED,node 3 vector length
fixture-11-correct,5,vector-type,REJECTED,node 1 sort
fixture-11-correct,5,node-sort,REJECTED,node 12 topology
fixture-11-correct,5,node-id,REJECTED,node 12 topology
fixture-11-correct,5,node-data,REJECTED,node 6 topology
fixture-11-correct,5,node-extra-field,REJECTED,node 3 schema
fixture-11-correct,5,node-missing-field,REJECTED,node 12 schema
fixture-11-correct,5,node-count,REJECTED,node count
fixture-11-correct,5,point-order,REJECTED,request/domain binding
fixture-11-correct,5,point-value,REJECTED,request/domain binding
fixture-11-correct,5,domain-binding,REJECTED,request/domain binding
fixture-11-correct,5,request-id,REJECTED,request/domain binding
fixture-11-correct,5,extra-top-field,REJECTED,certificate schema
fixture-11-correct,5,certificate-digest,REJECTED,certificate digest
fixture-11-correct,6,vector,REJECTED,node 8 cell 26 mismatch
fixture-11-correct,6,topology-op,REJECTED,node 13 topology
fixture-11-correct,6,topology-child,REJECTED,node 13 topology
fixture-11-correct,6,source-original,REJECTED,source binding
fixture-11-correct,6,source-candidate,REJECTED,source binding
fixture-11-correct,6,source-reference,REJECTED,source binding
fixture-11-correct,6,source-repair_guard,REJECTED,source binding
fixture-11-correct,6,root-defined,REJECTED,root binding
fixture-11-correct,6,root-repair,REJECTED,root binding
fixture-11-correct,6,root-preserve,REJECTED,root binding
fixture-11-correct,6,guard-root,REJECTED,root binding
fixture-11-correct,6,role-output,REJECTED,root binding
fixture-11-correct,6,role-defined,REJECTED,root binding
fixture-11-correct,6,trace-site,REJECTED,root binding
fixture-11-correct,6,trace-reachable,REJECTED,root binding
fixture-11-correct,6,trace-guard,REJECTED,root binding
fixture-11-correct,6,vector-length,REJECTED,node 13 vector length
fixture-11-correct,6,vector-type,REJECTED,node 19 sort
fixture-11-correct,6,node-sort,REJECTED,node 28 topology
fixture-11-correct,6,node-id,REJECTED,node 28 topology
fixture-11-correct,6,node-data,REJECTED,node 3 topology
fixture-11-correct,6,node-extra-field,REJECTED,node 13 schema
fixture-11-correct,6,node-missing-field,REJECTED,node 28 schema
fixture-11-correct,6,node-count,REJECTED,node count
fixture-11-correct,6,point-order,REJECTED,request/domain binding
fixture-11-correct,6,point-value,REJECTED,request/domain binding
fixture-11-correct,6,domain-binding,REJECTED,request/domain binding
fixture-11-correct,6,request-id,REJECTED,request/domain binding
fixture-11-correct,6,extra-top-field,REJECTED,certificate schema
fixture-11-correct,6,certificate-digest,REJECTED,certificate digest
fixture-11-correct,7,vector,REJECTED,node 6 cell 42 mismatch
fixture-11-correct,7,topology-op,REJECTED,node 15 topology
fixture-11-correct,7,topology-child,REJECTED,node 15 topology
fixture-11-correct,7,source-original,REJECTED,source binding
fixture-11-correct,7,source-candidate,REJECTED,source binding
fixture-11-correct,7,source-reference,REJECTED,source binding
fixture-11-correct,7,source-repair_guard,REJECTED,source binding
fixture-11-correct,7,root-defined,REJECTED,root binding
fixture-11-correct,7,root-repair,REJECTED,root binding
fixture-11-correct,7,root-preserve,REJECTED,root binding
fixture-11-correct,7,guard-root,REJECTED,root binding
fixture-11-correct,7,role-output,REJECTED,root binding
fixture-11-correct,7,role-defined,REJECTED,root binding
fixture-11-correct,7,trace-site,REJECTED,root binding
fixture-11-correct,7,trace-reachable,REJECTED,root binding
fixture-11-correct,7,trace-guard,REJECTED,root binding
fixture-11-correct,7,vector-length,REJECTED,node 23 vector length
fixture-11-correct,7,vector-type,REJECTED,node 0 sort
fixture-11-correct,7,node-sort,REJECTED,node 17 topology
fixture-11-correct,7,node-id,REJECTED,node 17 topology
fixture-11-correct,7,node-data,REJECTED,node 0 topology
fixture-11-correct,7,node-extra-field,REJECTED,node 23 schema
fixture-11-correct,7,node-missing-field,REJECTED,node 17 schema
fixture-11-correct,7,node-count,REJECTED,node count
fixture-11-correct,7,point-order,REJECTED,request/domain binding
fixture-11-correct,7,point-value,REJECTED,request/domain binding
fixture-11-correct,7,domain-binding,REJECTED,request/domain binding
fixture-11-correct,7,request-id,REJECTED,request/domain binding
fixture-11-correct,7,extra-top-field,REJECTED,certificate schema
fixture-11-correct,7,certificate-digest,REJECTED,certificate digest
fixture-11-correct,8,vector,REJECTED,node 5 cell 58 mismatch
fixture-11-correct,8,topology-op,REJECTED,node 17 topology
fixture-11-correct,8,topology-child,REJECTED,node 17 topology
fixture-11-correct,8,source-original,REJECTED,source binding
fixture-11-correct,8,source-candidate,REJECTED,source binding
fixture-11-correct,8,source-reference,REJECTED,source binding
fixture-11-correct,8,source-repair_guard,REJECTED,source binding
fixture-11-correct,8,root-defined,REJECTED,root binding
fixture-11-correct,8,root-repair,REJECTED,root binding
fixture-11-correct,8,root-preserve,REJECTED,root binding
fixture-11-correct,8,guard-root,REJECTED,root binding
fixture-11-correct,8,role-output,REJECTED,root binding
fixture-11-correct,8,role-defined,REJECTED,root binding
fixture-11-correct,8,trace-site,REJECTED,root binding
fixture-11-correct,8,trace-reachable,REJECTED,root binding
fixture-11-correct,8,trace-guard,REJECTED,root binding
fixture-11-correct,8,vector-length,REJECTED,node 4 vector length
fixture-11-correct,8,vector-type,REJECTED,node 17 sort
fixture-11-correct,8,node-sort,REJECTED,node 6 topology
fixture-11-correct,8,node-id,REJECTED,node 6 topology
fixture-11-correct,8,node-data,REJECTED,node 9 topology
fixture-11-correct,8,node-extra-field,REJECTED,node 4 schema
fixture-11-correct,8,node-missing-field,REJECTED,node 6 schema
fixture-11-correct,8,node-count,REJECTED,node count
fixture-11-correct,8,point-order,REJECTED,request/domain binding
fixture-11-correct,8,point-value,REJECTED,request/domain binding
fixture-11-correct,8,domain-binding,REJECTED,request/domain binding
fixture-11-correct,8,request-id,REJECTED,request/domain binding
fixture-11-correct,8,extra-top-field,REJECTED,certificate schema
fixture-11-correct,8,certificate-digest,REJECTED,certificate digest
fixture-11-correct,9,vector,REJECTED,node 4 cell 74 mismatch
fixture-11-correct,9,topology-op,REJECTED,node 19 topology
fixture-11-correct,9,topology-child,REJECTED,node 19 topology
fixture-11-correct,9,source-original,REJECTED,source binding
fixture-11-correct,9,source-candidate,REJECTED,source binding
fixture-11-correct,9,source-reference,REJECTED,source binding
fixture-11-correct,9,source-repair_guard,REJECTED,source binding
fixture-11-correct,9,root-defined,REJECTED,root binding
fixture-11-correct,9,root-repair,REJECTED,root binding
fixture-11-correct,9,root-preserve,REJECTED,root binding
fixture-11-correct,9,guard-root,REJECTED,root binding
fixture-11-correct,9,role-output,REJECTED,root binding
fixture-11-correct,9,role-defined,REJECTED,root binding
fixture-11-correct,9,trace-site,REJECTED,root binding
fixture-11-correct,9,trace-reachable,REJECTED,root binding
fixture-11-correct,9,trace-guard,REJECTED,root binding
fixture-11-correct,9,vector-length,REJECTED,node 14 vector length
fixture-11-correct,9,vector-type,REJECTED,node 28 sort
fixture-11-correct,9,node-sort,REJECTED,node 22 topology
fixture-11-correct,9,node-id,REJECTED,node 22 topology
fixture-11-correct,9,node-data,REJECTED,node 4 topology
fixture-11-correct,9,node-extra-field,REJECTED,node 14 schema
fixture-11-correct,9,node-missing-field,REJECTED,node 22 schema
fixture-11-correct,9,node-count,REJECTED,node count
fixture-11-correct,9,point-order,REJECTED,request/domain binding
fixture-11-correct,9,point-value,REJECTED,request/domain binding
fixture-11-correct,9,domain-binding,REJECTED,request/domain binding
fixture-11-correct,9,request-id,REJECTED,request/domain binding
fixture-11-correct,9,extra-top-field,REJECTED,certificate schema
fixture-11-correct,9,certificate-digest,REJECTED,certificate digest
fixture-12-correct,0,vector,REJECTED,node 21 cell 12 mismatch
fixture-12-correct,0,topology-op,REJECTED,node 22 topology
fixture-12-correct,0,topology-child,REJECTED,node 22 topology
fixture-12-correct,0,source-original,REJECTED,source binding
fixture-12-correct,0,source-candidate,REJECTED,source binding
fixture-12-correct,0,source-reference,REJECTED,source binding
fixture-12-correct,0,source-repair_guard,REJECTED,source binding
fixture-12-correct,0,root-defined,REJECTED,root binding
fixture-12-correct,0,root-repair,REJECTED,root binding
fixture-12-correct,0,root-preserve,REJECTED,root binding
fixture-12-correct,0,guard-root,REJECTED,root binding
fixture-12-correct,0,role-output,REJECTED,root binding
fixture-12-correct,0,role-defined,REJECTED,root binding
fixture-12-correct,0,trace-site,REJECTED,root binding
fixture-12-correct,0,trace-reachable,REJECTED,root binding
fixture-12-correct,0,trace-guard,REJECTED,root binding
fixture-12-correct,0,vector-length,REJECTED,node 12 vector length
fixture-12-correct,0,vector-type,REJECTED,node 26 sort
fixture-12-correct,0,node-sort,REJECTED,node 14 topology
fixture-12-correct,0,node-id,REJECTED,node 14 topology
fixture-12-correct,0,node-data,REJECTED,node 2 topology
fixture-12-correct,0,node-extra-field,REJECTED,node 12 schema
fixture-12-correct,0,node-missing-field,REJECTED,node 14 schema
fixture-12-correct,0,node-count,REJECTED,node count
fixture-12-correct,0,point-order,REJECTED,request/domain binding
fixture-12-correct,0,point-value,REJECTED,request/domain binding
fixture-12-correct,0,domain-binding,REJECTED,request/domain binding
fixture-12-correct,0,request-id,REJECTED,request/domain binding
fixture-12-correct,0,extra-top-field,REJECTED,certificate schema
fixture-12-correct,0,certificate-digest,REJECTED,certificate digest
fixture-12-correct,1,vector,REJECTED,node 20 cell 28 mismatch
fixture-12-correct,1,topology-op,REJECTED,node 24 topology
fixture-12-correct,1,topology-child,REJECTED,node 24 topology
fixture-12-correct,1,source-original,REJECTED,source binding
fixture-12-correct,1,source-candidate,REJECTED,source binding
fixture-12-correct,1,source-reference,REJECTED,source binding
fixture-12-correct,1,source-repair_guard,REJECTED,source binding
fixture-12-correct,1,root-defined,REJECTED,root binding
fixture-12-correct,1,root-repair,REJECTED,root binding
fixture-12-correct,1,root-preserve,REJECTED,root binding
fixture-12-correct,1,guard-root,REJECTED,root binding
fixture-12-correct,1,role-output,REJECTED,root binding
fixture-12-correct,1,role-defined,REJECTED,root binding
fixture-12-correct,1,trace-site,REJECTED,root binding
fixture-12-correct,1,trace-reachable,REJECTED,root binding
fixture-12-correct,1,trace-guard,REJECTED,root binding
fixture-12-correct,1,vector-length,REJECTED,node 22 vector length
fixture-12-correct,1,vector-type,REJECTED,node 11 sort
fixture-12-correct,1,node-sort,REJECTED,node 3 topology
fixture-12-correct,1,node-id,REJECTED,node 3 topology
fixture-12-correct,1,node-data,REJECTED,node 20 topology
fixture-12-correct,1,node-extra-field,REJECTED,node 22 schema
fixture-12-correct,1,node-missing-field,REJECTED,node 3 schema
fixture-12-correct,1,node-count,REJECTED,node count
fixture-12-correct,1,point-order,REJECTED,request/domain binding
fixture-12-correct,1,point-value,REJECTED,request/domain binding
fixture-12-correct,1,domain-binding,REJECTED,request/domain binding
fixture-12-correct,1,request-id,REJECTED,request/domain binding
fixture-12-correct,1,extra-top-field,REJECTED,certificate schema
fixture-12-correct,1,certificate-digest,REJECTED,certificate digest
fixture-12-correct,2,vector,REJECTED,node 18 cell 44 mismatch
fixture-12-correct,2,topology-op,REJECTED,node 26 topology
fixture-12-correct,2,topology-child,REJECTED,node 26 topology
fixture-12-correct,2,source-original,REJECTED,source binding
fixture-12-correct,2,source-candidate,REJECTED,source binding
fixture-12-correct,2,source-reference,REJECTED,source binding
fixture-12-correct,2,source-repair_guard,REJECTED,source binding
fixture-12-correct,2,root-defined,REJECTED,root binding
fixture-12-correct,2,root-repair,REJECTED,root binding
fixture-12-correct,2,root-preserve,REJECTED,root binding
fixture-12-correct,2,guard-root,REJECTED,root binding
fixture-12-correct,2,role-output,REJECTED,root binding
fixture-12-correct,2,role-defined,REJECTED,root binding
fixture-12-correct,2,trace-site,REJECTED,root binding
fixture-12-correct,2,trace-reachable,REJECTED,root binding
fixture-12-correct,2,trace-guard,REJECTED,root binding
fixture-12-correct,2,vector-length,REJECTED,node 3 vector length
fixture-12-correct,2,vector-type,REJECTED,node 25 sort
fixture-12-correct,2,node-sort,REJECTED,node 19 topology
fixture-12-correct,2,node-id,REJECTED,node 19 topology
fixture-12-correct,2,node-data,REJECTED,node 6 topology
fixture-12-correct,2,node-extra-field,REJECTED,node 3 schema
fixture-12-correct,2,node-missing-field,REJECTED,node 19 schema
fixture-12-correct,2,node-count,REJECTED,node count
fixture-12-correct,2,point-order,REJECTED,request/domain binding
fixture-12-correct,2,point-value,REJECTED,request/domain binding
fixture-12-correct,2,domain-binding,REJECTED,request/domain binding
fixture-12-correct,2,request-id,REJECTED,request/domain binding
fixture-12-correct,2,extra-top-field,REJECTED,certificate schema
fixture-12-correct,2,certificate-digest,REJECTED,certificate digest
fixture-12-correct,3,vector,REJECTED,node 16 cell 60 mismatch
fixture-12-correct,3,topology-op,REJECTED,node 28 topology
fixture-12-correct,3,topology-child,REJECTED,node 28 topology
fixture-12-correct,3,source-original,REJECTED,source binding
fixture-12-correct,3,source-candidate,REJECTED,source binding
fixture-12-correct,3,source-reference,REJECTED,source binding
fixture-12-correct,3,source-repair_guard,REJECTED,source binding
fixture-12-correct,3,root-defined,REJECTED,root binding
fixture-12-correct,3,root-repair,REJECTED,root binding
fixture-12-correct,3,root-preserve,REJECTED,root binding
fixture-12-correct,3,guard-root,REJECTED,root binding
fixture-12-correct,3,role-output,REJECTED,root binding
fixture-12-correct,3,role-defined,REJECTED,root binding
fixture-12-correct,3,trace-site,REJECTED,root binding
fixture-12-correct,3,trace-reachable,REJECTED,root binding
fixture-12-correct,3,trace-guard,REJECTED,root binding
fixture-12-correct,3,vector-length,REJECTED,node 13 vector length
fixture-12-correct,3,vector-type,REJECTED,node 10 sort
fixture-12-correct,3,node-sort,REJECTED,node 8 topology
fixture-12-correct,3,node-id,REJECTED,node 8 topology
fixture-12-correct,3,node-data,REJECTED,node 3 topology
fixture-12-correct,3,node-extra-field,REJECTED,node 13 schema
fixture-12-correct,3,node-missing-field,REJECTED,node 8 schema
fixture-12-correct,3,node-count,REJECTED,node count
fixture-12-correct,3,point-order,REJECTED,request/domain binding
fixture-12-correct,3,point-value,REJECTED,request/domain binding
fixture-12-correct,3,domain-binding,REJECTED,request/domain binding
fixture-12-correct,3,request-id,REJECTED,request/domain binding
fixture-12-correct,3,extra-top-field,REJECTED,certificate schema
fixture-12-correct,3,certificate-digest,REJECTED,certificate digest
fixture-12-correct,4,vector,REJECTED,node 13 cell 76 mismatch
fixture-12-correct,4,topology-op,REJECTED,node 8 topology
fixture-12-correct,4,topology-child,REJECTED,node 8 topology
fixture-12-correct,4,source-original,REJECTED,source binding
fixture-12-correct,4,source-candidate,REJECTED,source binding
fixture-12-correct,4,source-reference,REJECTED,source binding
fixture-12-correct,4,source-repair_guard,REJECTED,source binding
fixture-12-correct,4,root-defined,REJECTED,root binding
fixture-12-correct,4,root-repair,REJECTED,root binding
fixture-12-correct,4,root-preserve,REJECTED,root binding
fixture-12-correct,4,guard-root,REJECTED,root binding
fixture-12-correct,4,role-output,REJECTED,root binding
fixture-12-correct,4,role-defined,REJECTED,root binding
fixture-12-correct,4,trace-site,REJECTED,root binding
fixture-12-correct,4,trace-reachable,REJECTED,root binding
fixture-12-correct,4,trace-guard,REJECTED,root binding
fixture-12-correct,4,vector-length,REJECTED,node 23 vector length
fixture-12-correct,4,vector-type,REJECTED,node 24 sort
fixture-12-correct,4,node-sort,REJECTED,node 24 topology
fixture-12-correct,4,node-id,REJECTED,node 24 topology
fixture-12-correct,4,node-data,REJECTED,node 0 topology
fixture-12-correct,4,node-extra-field,REJECTED,node 23 schema
fixture-12-correct,4,node-missing-field,REJECTED,node 24 schema
fixture-12-correct,4,node-count,REJECTED,node count
fixture-12-correct,4,point-order,REJECTED,request/domain binding
fixture-12-correct,4,point-value,REJECTED,request/domain binding
fixture-12-correct,4,domain-binding,REJECTED,request/domain binding
fixture-12-correct,4,request-id,REJECTED,request/domain binding
fixture-12-correct,4,extra-top-field,REJECTED,certificate schema
fixture-12-correct,4,certificate-digest,REJECTED,certificate digest
fixture-12-correct,5,vector,REJECTED,node 12 cell 11 mismatch
fixture-12-correct,5,topology-op,REJECTED,node 11 topology
fixture-12-correct,5,topology-child,REJECTED,node 11 topology
fixture-12-correct,5,source-original,REJECTED,source binding
fixture-12-correct,5,source-candidate,REJECTED,source binding
fixture-12-correct,5,source-reference,REJECTED,source binding
fixture-12-correct,5,source-repair_guard,REJECTED,source binding
fixture-12-correct,5,root-defined,REJECTED,root binding
fixture-12-correct,5,root-repair,REJECTED,root binding
fixture-12-correct,5,root-preserve,REJECTED,root binding
fixture-12-correct,5,guard-root,REJECTED,root binding
fixture-12-correct,5,role-output,REJECTED,root binding
fixture-12-correct,5,role-defined,REJECTED,root binding
fixture-12-correct,5,trace-site,REJECTED,root binding
fixture-12-correct,5,trace-reachable,REJECTED,root binding
fixture-12-correct,5,trace-guard,REJECTED,root binding
fixture-12-correct,5,vector-length,REJECTED,node 4 vector length
fixture-12-correct,5,vector-type,REJECTED,node 7 sort
fixture-12-correct,5,node-sort,REJECTED,node 13 topology
fixture-12-correct,5,node-id,REJECTED,node 13 topology
fixture-12-correct,5,node-data,REJECTED,node 9 topology
fixture-12-correct,5,node-extra-field,REJECTED,node 4 schema
fixture-12-correct,5,node-missing-field,REJECTED,node 13 schema
fixture-12-correct,5,node-count,REJECTED,node count
fixture-12-correct,5,point-order,REJECTED,request/domain binding
fixture-12-correct,5,point-value,REJECTED,request/domain binding
fixture-12-correct,5,domain-binding,REJECTED,request/domain binding
fixture-12-correct,5,request-id,REJECTED,request/domain binding
fixture-12-correct,5,extra-top-field,REJECTED,certificate schema
fixture-12-correct,5,certificate-digest,REJECTED,certificate digest
fixture-12-correct,6,vector,REJECTED,node 9 cell 27 mismatch
fixture-12-correct,6,topology-op,REJECTED,node 14 topology
fixture-12-correct,6,topology-child,REJECTED,node 14 topology
fixture-12-correct,6,source-original,REJECTED,source binding
fixture-12-correct,6,source-candidate,REJECTED,source binding
fixture-12-correct,6,source-reference,REJECTED,source binding
fixture-12-correct,6,source-repair_guard,REJECTED,source binding
fixture-12-correct,6,root-defined,REJECTED,root binding
fixture-12-correct,6,root-repair,REJECTED,root binding
fixture-12-correct,6,root-preserve,REJECTED,root binding
fixture-12-correct,6,guard-root,REJECTED,root binding
fixture-12-correct,6,role-output,REJECTED,root binding
fixture-12-correct,6,role-defined,REJECTED,root binding
fixture-12-correct,6,trace-site,REJECTED,root binding
fixture-12-correct,6,trace-reachable,REJECTED,root binding
fixture-12-correct,6,trace-guard,REJECTED,root binding
fixture-12-correct,6,vector-length,REJECTED,node 14 vector length
fixture-12-correct,6,vector-type,REJECTED,node 23 sort
fixture-12-correct,6,node-sort,REJECTED,node 2 topology
fixture-12-correct,6,node-id,REJECTED,node 2 topology
fixture-12-correct,6,node-data,REJECTED,node 4 topology
fixture-12-correct,6,node-extra-field,REJECTED,node 14 schema
fixture-12-correct,6,node-missing-field,REJECTED,node 2 schema
fixture-12-correct,6,node-count,REJECTED,node count
fixture-12-correct,6,point-order,REJECTED,request/domain binding
fixture-12-correct,6,point-value,REJECTED,request/domain binding
fixture-12-correct,6,domain-binding,REJECTED,request/domain binding
fixture-12-correct,6,request-id,REJECTED,request/domain binding
fixture-12-correct,6,extra-top-field,REJECTED,certificate schema
fixture-12-correct,6,certificate-digest,REJECTED,certificate digest
fixture-12-correct,7,vector,REJECTED,node 8 cell 43 mismatch
fixture-12-correct,7,topology-op,REJECTED,node 16 topology
fixture-12-correct,7,topology-child,REJECTED,node 16 topology
fixture-12-correct,7,source-original,REJECTED,source binding
fixture-12-correct,7,source-candidate,REJECTED,source binding
fixture-12-correct,7,source-reference,REJECTED,source binding
fixture-12-correct,7,source-repair_guard,REJECTED,source binding
fixture-12-correct,7,root-defined,REJECTED,root binding
fixture-12-correct,7,root-repair,REJECTED,root binding
fixture-12-correct,7,root-preserve,REJECTED,root binding
fixture-12-correct,7,guard-root,REJECTED,root binding
fixture-12-correct,7,role-output,REJECTED,root binding
fixture-12-correct,7,role-defined,REJECTED,root binding
fixture-12-correct,7,trace-site,REJECTED,root binding
fixture-12-correct,7,trace-reachable,REJECTED,root binding
fixture-12-correct,7,trace-guard,REJECTED,root binding
fixture-12-correct,7,vector-length,REJECTED,node 24 vector length
fixture-12-correct,7,vector-type,REJECTED,node 1 sort
fixture-12-correct,7,node-sort,REJECTED,node 18 topology
fixture-12-correct,7,node-id,REJECTED,node 18 topology
fixture-12-correct,7,node-data,REJECTED,node 1 topology
fixture-12-correct,7,node-extra-field,REJECTED,node 24 schema
fixture-12-correct,7,node-missing-field,REJECTED,node 18 schema
fixture-12-correct,7,node-count,REJECTED,node count
fixture-12-correct,7,point-order,REJECTED,request/domain binding
fixture-12-correct,7,point-value,REJECTED,request/domain binding
fixture-12-correct,7,domain-binding,REJECTED,request/domain binding
fixture-12-correct,7,request-id,REJECTED,request/domain binding
fixture-12-correct,7,extra-top-field,REJECTED,certificate schema
fixture-12-correct,7,certificate-digest,REJECTED,certificate digest
fixture-12-correct,8,vector,REJECTED,node 6 cell 59 mismatch
fixture-12-correct,8,topology-op,REJECTED,node 18 topology
fixture-12-correct,8,topology-child,REJECTED,node 18 topology
fixture-12-correct,8,source-original,REJECTED,source binding
fixture-12-correct,8,source-candidate,REJECTED,source binding
fixture-12-correct,8,source-reference,REJECTED,source binding
fixture-12-correct,8,source-repair_guard,REJECTED,source binding
fixture-12-correct,8,root-defined,REJECTED,root binding
fixture-12-correct,8,root-repair,REJECTED,root binding
fixture-12-correct,8,root-preserve,REJECTED,root binding
fixture-12-correct,8,guard-root,REJECTED,root binding
fixture-12-correct,8,role-output,REJECTED,root binding
fixture-12-correct,8,role-defined,REJECTED,root binding
fixture-12-correct,8,trace-site,REJECTED,root binding
fixture-12-correct,8,trace-reachable,REJECTED,root binding
fixture-12-correct,8,trace-guard,REJECTED,root binding
fixture-12-correct,8,vector-length,REJECTED,node 5 vector length
fixture-12-correct,8,vector-type,REJECTED,node 19 sort
fixture-12-correct,8,node-sort,REJECTED,node 7 topology
fixture-12-correct,8,node-id,REJECTED,node 7 topology
fixture-12-correct,8,node-data,REJECTED,node 12 topology
fixture-12-correct,8,node-extra-field,REJECTED,node 5 schema
fixture-12-correct,8,node-missing-field,REJECTED,node 7 schema
fixture-12-correct,8,node-count,REJECTED,node count
fixture-12-correct,8,point-order,REJECTED,request/domain binding
fixture-12-correct,8,point-value,REJECTED,request/domain binding
fixture-12-correct,8,domain-binding,REJECTED,request/domain binding
fixture-12-correct,8,request-id,REJECTED,request/domain binding
fixture-12-correct,8,extra-top-field,REJECTED,certificate schema
fixture-12-correct,8,certificate-digest,REJECTED,certificate digest
fixture-12-correct,9,vector,REJECTED,node 5 cell 75 mismatch
fixture-12-correct,9,topology-op,REJECTED,node 21 topology
fixture-12-correct,9,topology-child,REJECTED,node 21 topology
fixture-12-correct,9,source-original,REJECTED,source binding
fixture-12-correct,9,source-candidate,REJECTED,source binding
fixture-12-correct,9,source-reference,REJECTED,source binding
fixture-12-correct,9,source-repair_guard,REJECTED,source binding
fixture-12-correct,9,root-defined,REJECTED,root binding
fixture-12-correct,9,root-repair,REJECTED,root binding
fixture-12-correct,9,root-preserve,REJECTED,root binding
fixture-12-correct,9,guard-root,REJECTED,root binding
fixture-12-correct,9,role-output,REJECTED,root binding
fixture-12-correct,9,role-defined,REJECTED,root binding
fixture-12-correct,9,trace-site,REJECTED,root binding
fixture-12-correct,9,trace-reachable,REJECTED,root binding
fixture-12-correct,9,trace-guard,REJECTED,root binding
fixture-12-correct,9,vector-length,REJECTED,node 15 vector length
fixture-12-correct,9,vector-type,REJECTED,node 0 sort
fixture-12-correct,9,node-sort,REJECTED,node 23 topology
fixture-12-correct,9,node-id,REJECTED,node 23 topology
fixture-12-correct,9,node-data,REJECTED,node 5 topology
fixture-12-correct,9,node-extra-field,REJECTED,node 15 schema
fixture-12-correct,9,node-missing-field,REJECTED,node 23 schema
fixture-12-correct,9,node-count,REJECTED,node count
fixture-12-correct,9,point-order,REJECTED,request/domain binding
fixture-12-correct,9,point-value,REJECTED,request/domain binding
fixture-12-correct,9,domain-binding,REJECTED,request/domain binding
fixture-12-correct,9,request-id,REJECTED,request/domain binding
fixture-12-correct,9,extra-top-field,REJECTED,certificate schema
fixture-12-correct,9,certificate-digest,REJECTED,certificate digest
fixture-13-correct,0,vector,REJECTED,node 23 cell 13 mismatch
fixture-13-correct,0,topology-op,REJECTED,node 22 topology
fixture-13-correct,0,topology-child,REJECTED,node 22 topology
fixture-13-correct,0,source-original,REJECTED,source binding
fixture-13-correct,0,source-candidate,REJECTED,source binding
fixture-13-correct,0,source-reference,REJECTED,source binding
fixture-13-correct,0,source-repair_guard,REJECTED,source binding
fixture-13-correct,0,root-defined,REJECTED,root binding
fixture-13-correct,0,root-repair,REJECTED,root binding
fixture-13-correct,0,root-preserve,REJECTED,root binding
fixture-13-correct,0,guard-root,REJECTED,root binding
fixture-13-correct,0,role-output,REJECTED,root binding
fixture-13-correct,0,role-defined,REJECTED,root binding
fixture-13-correct,0,trace-site,REJECTED,root binding
fixture-13-correct,0,trace-reachable,REJECTED,root binding
fixture-13-correct,0,trace-guard,REJECTED,root binding
fixture-13-correct,0,vector-length,REJECTED,node 13 vector length
fixture-13-correct,0,vector-type,REJECTED,node 27 sort
fixture-13-correct,0,node-sort,REJECTED,node 15 topology
fixture-13-correct,0,node-id,REJECTED,node 15 topology
fixture-13-correct,0,node-data,REJECTED,node 4 topology
fixture-13-correct,0,node-extra-field,REJECTED,node 13 schema
fixture-13-correct,0,node-missing-field,REJECTED,node 15 schema
fixture-13-correct,0,node-count,REJECTED,node count
fixture-13-correct,0,point-order,REJECTED,request/domain binding
fixture-13-correct,0,point-value,REJECTED,request/domain binding
fixture-13-correct,0,domain-binding,REJECTED,request/domain binding
fixture-13-correct,0,request-id,REJECTED,request/domain binding
fixture-13-correct,0,extra-top-field,REJECTED,certificate schema
fixture-13-correct,0,certificate-digest,REJECTED,certificate digest
fixture-13-correct,1,vector,REJECTED,node 20 cell 29 mismatch
fixture-13-correct,1,topology-op,REJECTED,node 24 topology
fixture-13-correct,1,topology-child,REJECTED,node 24 topology
fixture-13-correct,1,source-original,REJECTED,source binding
fixture-13-correct,1,source-candidate,REJECTED,source binding
fixture-13-correct,1,source-reference,REJECTED,source binding
fixture-13-correct,1,source-repair_guard,REJECTED,source binding
fixture-13-correct,1,root-defined,REJECTED,root binding
fixture-13-correct,1,root-repair,REJECTED,root binding
fixture-13-correct,1,root-preserve,REJECTED,root binding
fixture-13-correct,1,guard-root,REJECTED,root binding
fixture-13-correct,1,role-output,REJECTED,root binding
fixture-13-correct,1,role-defined,REJECTED,root binding
fixture-13-correct,1,trace-site,REJECTED,root binding
fixture-13-correct,1,trace-reachable,REJECTED,root binding
fixture-13-correct,1,trace-guard,REJECTED,root binding
fixture-13-correct,1,vector-length,REJECTED,node 26 vector length
fixture-13-correct,1,vector-type,REJECTED,node 26 sort
fixture-13-correct,1,node-sort,REJECTED,node 8 topology
fixture-13-correct,1,node-id,REJECTED,node 8 topology
fixture-13-correct,1,node-data,REJECTED,node 2 topology
fixture-13-correct,1,node-extra-field,REJECTED,node 26 schema
fixture-13-correct,1,node-missing-field,REJECTED,node 8 schema
fixture-13-correct,1,node-count,REJECTED,node count
fixture-13-correct,1,point-order,REJECTED,request/domain binding
fixture-13-correct,1,point-value,REJECTED,request/domain binding
fixture-13-correct,1,domain-binding,REJECTED,request/domain binding
fixture-13-correct,1,request-id,REJECTED,request/domain binding
fixture-13-correct,1,extra-top-field,REJECTED,certificate schema
fixture-13-correct,1,certificate-digest,REJECTED,certificate digest
fixture-13-correct,2,vector,REJECTED,node 19 cell 45 mismatch
fixture-13-correct,2,topology-op,REJECTED,node 26 topology
fixture-13-correct,2,topology-child,REJECTED,node 26 topology
fixture-13-correct,2,source-original,REJECTED,source binding
fixture-13-correct,2,source-candidate,REJECTED,source binding
fixture-13-correct,2,source-reference,REJECTED,source binding
fixture-13-correct,2,source-repair_guard,REJECTED,source binding
fixture-13-correct,2,root-defined,REJECTED,root binding
fixture-13-correct,2,root-repair,REJECTED,root binding
fixture-13-correct,2,root-preserve,REJECTED,root binding
fixture-13-correct,2,guard-root,REJECTED,root binding
fixture-13-correct,2,role-output,REJECTED,root binding
fixture-13-correct,2,role-defined,REJECTED,root binding
fixture-13-correct,2,trace-site,REJECTED,root binding
fixture-13-correct,2,trace-reachable,REJECTED,root binding
fixture-13-correct,2,trace-guard,REJECTED,root binding
fixture-13-correct,2,vector-length,REJECTED,node 11 vector length
fixture-13-correct,2,vector-type,REJECTED,node 25 sort
fixture-13-correct,2,node-sort,REJECTED,node 27 topology
fixture-13-correct,2,node-id,REJECTED,node 27 topology
fixture-13-correct,2,node-data,REJECTED,node 0 topology
fixture-13-correct,2,node-extra-field,REJECTED,node 11 schema
fixture-13-correct,2,node-missing-field,REJECTED,node 27 schema
fixture-13-correct,2,node-count,REJECTED,node count
fixture-13-correct,2,point-order,REJECTED,request/domain binding
fixture-13-correct,2,point-value,REJECTED,request/domain binding
fixture-13-correct,2,domain-binding,REJECTED,request/domain binding
fixture-13-correct,2,request-id,REJECTED,request/domain binding
fixture-13-correct,2,extra-top-field,REJECTED,certificate schema
fixture-13-correct,2,certificate-digest,REJECTED,certificate digest
fixture-13-correct,3,vector,REJECTED,node 18 cell 61 mismatch
fixture-13-correct,3,topology-op,REJECTED,node 6 topology
fixture-13-correct,3,topology-child,REJECTED,node 6 topology
fixture-13-correct,3,source-original,REJECTED,source binding
fixture-13-correct,3,source-candidate,REJECTED,source binding
fixture-13-correct,3,source-reference,REJECTED,source binding
fixture-13-correct,3,source-repair_guard,REJECTED,source binding
fixture-13-correct,3,root-defined,REJECTED,root binding
fixture-13-correct,3,root-repair,REJECTED,root binding
fixture-13-correct,3,root-preserve,REJECTED,root binding
fixture-13-correct,3,guard-root,REJECTED,root binding
fixture-13-correct,3,role-output,REJECTED,root binding
fixture-13-correct,3,role-defined,REJECTED,root binding
fixture-13-correct,3,trace-site,REJECTED,root binding
fixture-13-correct,3,trace-reachable,REJECTED,root binding
fixture-13-correct,3,trace-guard,REJECTED,root binding
fixture-13-correct,3,vector-length,REJECTED,node 24 vector length
fixture-13-correct,3,vector-type,REJECTED,node 24 sort
fixture-13-correct,3,node-sort,REJECTED,node 20 topology
fixture-13-correct,3,node-id,REJECTED,node 20 topology
fixture-13-correct,3,node-data,REJECTED,node 11 topology
fixture-13-correct,3,node-extra-field,REJECTED,node 24 schema
fixture-13-correct,3,node-missing-field,REJECTED,node 20 schema
fixture-13-correct,3,node-count,REJECTED,node count
fixture-13-correct,3,point-order,REJECTED,request/domain binding
fixture-13-correct,3,point-value,REJECTED,request/domain binding
fixture-13-correct,3,domain-binding,REJECTED,request/domain binding
fixture-13-correct,3,request-id,REJECTED,request/domain binding
fixture-13-correct,3,extra-top-field,REJECTED,certificate schema
fixture-13-correct,3,certificate-digest,REJECTED,certificate digest
fixture-13-correct,4,vector,REJECTED,node 16 cell 77 mismatch
fixture-13-correct,4,topology-op,REJECTED,node 8 topology
fixture-13-correct,4,topology-child,REJECTED,node 8 topology
fixture-13-correct,4,source-original,REJECTED,source binding
fixture-13-correct,4,source-candidate,REJECTED,source binding
fixture-13-correct,4,source-reference,REJECTED,source binding
fixture-13-correct,4,source-repair_guard,REJECTED,source binding
fixture-13-correct,4,root-defined,REJECTED,root binding
fixture-13-correct,4,root-repair,REJECTED,root binding
fixture-13-correct,4,root-preserve,REJECTED,root binding
fixture-13-correct,4,guard-root,REJECTED,root binding
fixture-13-correct,4,role-output,REJECTED,root binding
fixture-13-correct,4,role-defined,REJECTED,root binding
fixture-13-correct,4,trace-site,REJECTED,root binding
fixture-13-correct,4,trace-reachable,REJECTED,root binding
fixture-13-correct,4,trace-guard,REJECTED,root binding
fixture-13-correct,4,vector-length,REJECTED,node 9 vector length
fixture-13-correct,4,vector-type,REJECTED,node 22 sort
fixture-13-correct,4,node-sort,REJECTED,node 13 topology
fixture-13-correct,4,node-id,REJECTED,node 13 topology
fixture-13-correct,4,node-data,REJECTED,node 5 topology
fixture-13-correct,4,node-extra-field,REJECTED,node 9 schema
fixture-13-correct,4,node-missing-field,REJECTED,node 13 schema
fixture-13-correct,4,node-count,REJECTED,node count
fixture-13-correct,4,point-order,REJECTED,request/domain binding
fixture-13-correct,4,point-value,REJECTED,request/domain binding
fixture-13-correct,4,domain-binding,REJECTED,request/domain binding
fixture-13-correct,4,request-id,REJECTED,request/domain binding
fixture-13-correct,4,extra-top-field,REJECTED,certificate schema
fixture-13-correct,4,certificate-digest,REJECTED,certificate digest
fixture-13-correct,5,vector,REJECTED,node 14 cell 12 mismatch
fixture-13-correct,5,topology-op,REJECTED,node 12 topology
fixture-13-correct,5,topology-child,REJECTED,node 12 topology
fixture-13-correct,5,source-original,REJECTED,source binding
fixture-13-correct,5,source-candidate,REJECTED,source binding
fixture-13-correct,5,source-reference,REJECTED,source binding
fixture-13-correct,5,source-repair_guard,REJECTED,source binding
fixture-13-correct,5,root-defined,REJECTED,root binding
fixture-13-correct,5,root-repair,REJECTED,root binding
fixture-13-correct,5,root-preserve,REJECTED,root binding
fixture-13-correct,5,guard-root,REJECTED,root binding
fixture-13-correct,5,role-output,REJECTED,root binding
fixture-13-correct,5,role-defined,REJECTED,root binding
fixture-13-correct,5,trace-site,REJECTED,root binding
fixture-13-correct,5,trace-reachable,REJECTED,root binding
fixture-13-correct,5,trace-guard,REJECTED,root binding
fixture-13-correct,5,vector-length,REJECTED,node 22 vector length
fixture-13-correct,5,vector-type,REJECTED,node 21 sort
fixture-13-correct,5,node-sort,REJECTED,node 6 topology
fixture-13-correct,5,node-id,REJECTED,node 6 topology
fixture-13-correct,5,node-data,REJECTED,node 3 topology
fixture-13-correct,5,node-extra-field,REJECTED,node 22 schema
fixture-13-correct,5,node-missing-field,REJECTED,node 6 schema
fixture-13-correct,5,node-count,REJECTED,node count
fixture-13-correct,5,point-order,REJECTED,request/domain binding
fixture-13-correct,5,point-value,REJECTED,request/domain binding
fixture-13-correct,5,domain-binding,REJECTED,request/domain binding
fixture-13-correct,5,request-id,REJECTED,request/domain binding
fixture-13-correct,5,extra-top-field,REJECTED,certificate schema
fixture-13-correct,5,certificate-digest,REJECTED,certificate digest
fixture-13-correct,6,vector,REJECTED,node 12 cell 28 mismatch
fixture-13-correct,6,topology-op,REJECTED,node 14 topology
fixture-13-correct,6,topology-child,REJECTED,node 14 topology
fixture-13-correct,6,source-original,REJECTED,source binding
fixture-13-correct,6,source-candidate,REJECTED,source binding
fixture-13-correct,6,source-reference,REJECTED,source binding
fixture-13-correct,6,source-repair_guard,REJECTED,source binding
fixture-13-correct,6,root-defined,REJECTED,root binding
fixture-13-correct,6,root-repair,REJECTED,root binding
fixture-13-correct,6,root-preserve,REJECTED,root binding
fixture-13-correct,6,guard-root,REJECTED,root binding
fixture-13-correct,6,role-output,REJECTED,root binding
fixture-13-correct,6,role-defined,REJECTED,root binding
fixture-13-correct,6,trace-site,REJECTED,root binding
fixture-13-correct,6,trace-reachable,REJECTED,root binding
fixture-13-correct,6,trace-guard,REJECTED,root binding
fixture-13-correct,6,vector-length,REJECTED,node 7 vector length
fixture-13-correct,6,vector-type,REJECTED,node 17 sort
fixture-13-correct,6,node-sort,REJECTED,node 25 topology
fixture-13-correct,6,node-id,REJECTED,node 25 topology
fixture-13-correct,6,node-data,REJECTED,node 1 topology
fixture-13-correct,6,node-extra-field,REJECTED,node 7 schema
fixture-13-correct,6,node-missing-field,REJECTED,node 25 schema
fixture-13-correct,6,node-count,REJECTED,node count
fixture-13-correct,6,point-order,REJECTED,request/domain binding
fixture-13-correct,6,point-value,REJECTED,request/domain binding
fixture-13-correct,6,domain-binding,REJECTED,request/domain binding
fixture-13-correct,6,request-id,REJECTED,request/domain binding
fixture-13-correct,6,extra-top-field,REJECTED,certificate schema
fixture-13-correct,6,certificate-digest,REJECTED,certificate digest
fixture-13-correct,7,vector,REJECTED,node 11 cell 44 mismatch
fixture-13-correct,7,topology-op,REJECTED,node 16 topology
fixture-13-correct,7,topology-child,REJECTED,node 16 topology
fixture-13-correct,7,source-original,REJECTED,source binding
fixture-13-correct,7,source-candidate,REJECTED,source binding
fixture-13-correct,7,source-reference,REJECTED,source binding
fixture-13-correct,7,source-repair_guard,REJECTED,source binding
fixture-13-correct,7,root-defined,REJECTED,root binding
fixture-13-correct,7,root-repair,REJECTED,root binding
fixture-13-correct,7,root-preserve,REJECTED,root binding
fixture-13-correct,7,guard-root,REJECTED,root binding
fixture-13-correct,7,role-output,REJECTED,root binding
fixture-13-correct,7,role-defined,REJECTED,root binding
fixture-13-correct,7,trace-site,REJECTED,root binding
fixture-13-correct,7,trace-reachable,REJECTED,root binding
fixture-13-correct,7,trace-guard,REJECTED,root binding
fixture-13-correct,7,vector-length,REJECTED,node 20 vector length
fixture-13-correct,7,vector-type,REJECTED,node 15 sort
fixture-13-correct,7,node-sort,REJECTED,node 18 topology
fixture-13-correct,7,node-id,REJECTED,node 18 topology
fixture-13-correct,7,node-data,REJECTED,node 18 topology
fixture-13-correct,7,node-extra-field,REJECTED,node 20 schema
fixture-13-correct,7,node-missing-field,REJECTED,node 18 schema
fixture-13-correct,7,node-count,REJECTED,node count
fixture-13-correct,7,point-order,REJECTED,request/domain binding
fixture-13-correct,7,point-value,REJECTED,request/domain binding
fixture-13-correct,7,domain-binding,REJECTED,request/domain binding
fixture-13-correct,7,request-id,REJECTED,request/domain binding
fixture-13-correct,7,extra-top-field,REJECTED,certificate schema
fixture-13-correct,7,certificate-digest,REJECTED,certificate digest
fixture-13-correct,8,vector,REJECTED,node 9 cell 60 mismatch
fixture-13-correct,8,topology-op,REJECTED,node 19 topology
fixture-13-correct,8,topology-child,REJECTED,node 19 topology
fixture-13-correct,8,source-original,REJECTED,source binding
fixture-13-correct,8,source-candidate,REJECTED,source binding
fixture-13-correct,8,source-reference,REJECTED,source binding
fixture-13-correct,8,source-repair_guard,REJECTED,source binding
fixture-13-correct,8,root-defined,REJECTED,root binding
fixture-13-correct,8,root-repair,REJECTED,root binding
fixture-13-correct,8,root-preserve,REJECTED,root binding
fixture-13-correct,8,guard-root,REJECTED,root binding
fixture-13-correct,8,role-output,REJECTED,root binding
fixture-13-correct,8,role-defined,REJECTED,root binding
fixture-13-correct,8,trace-site,REJECTED,root binding
fixture-13-correct,8,trace-reachable,REJECTED,root binding
fixture-13-correct,8,trace-guard,REJECTED,root binding
fixture-13-correct,8,vector-length,REJECTED,node 5 vector length
fixture-13-correct,8,vector-type,REJECTED,node 13 sort
fixture-13-correct,8,node-sort,REJECTED,node 11 topology
fixture-13-correct,8,node-id,REJECTED,node 11 topology
fixture-13-correct,8,node-data,REJECTED,node 9 topology
fixture-13-correct,8,node-extra-field,REJECTED,node 5 schema
fixture-13-correct,8,node-missing-field,REJECTED,node 11 schema
fixture-13-correct,8,node-count,REJECTED,node count
fixture-13-correct,8,point-order,REJECTED,request/domain binding
fixture-13-correct,8,point-value,REJECTED,request/domain binding
fixture-13-correct,8,domain-binding,REJECTED,request/domain binding
fixture-13-correct,8,request-id,REJECTED,request/domain binding
fixture-13-correct,8,extra-top-field,REJECTED,certificate schema
fixture-13-correct,8,certificate-digest,REJECTED,certificate digest
fixture-13-correct,9,vector,REJECTED,node 8 cell 76 mismatch
fixture-13-correct,9,topology-op,REJECTED,node 21 topology
fixture-13-correct,9,topology-child,REJECTED,node 21 topology
fixture-13-correct,9,source-original,REJECTED,source binding
fixture-13-correct,9,source-candidate,REJECTED,source binding
fixture-13-correct,9,source-reference,REJECTED,source binding
fixture-13-correct,9,source-repair_guard,REJECTED,source binding
fixture-13-correct,9,root-defined,REJECTED,root binding
fixture-13-correct,9,root-repair,REJECTED,root binding
fixture-13-correct,9,root-preserve,REJECTED,root binding
fixture-13-correct,9,guard-root,REJECTED,root binding
fixture-13-correct,9,role-output,REJECTED,root binding
fixture-13-correct,9,role-defined,REJECTED,root binding
fixture-13-correct,9,trace-site,REJECTED,root binding
fixture-13-correct,9,trace-reachable,REJECTED,root binding
fixture-13-correct,9,trace-guard,REJECTED,root binding
fixture-13-correct,9,vector-length,REJECTED,node 18 vector length
fixture-13-correct,9,vector-type,REJECTED,node 10 sort
fixture-13-correct,9,node-sort,REJECTED,node 4 topology
fixture-13-correct,9,node-id,REJECTED,node 4 topology
fixture-13-correct,9,node-data,REJECTED,node 4 topology
fixture-13-correct,9,node-extra-field,REJECTED,node 18 schema
fixture-13-correct,9,node-missing-field,REJECTED,node 4 schema
fixture-13-correct,9,node-count,REJECTED,node count
fixture-13-correct,9,point-order,REJECTED,request/domain binding
fixture-13-correct,9,point-value,REJECTED,request/domain binding
fixture-13-correct,9,domain-binding,REJECTED,request/domain binding
fixture-13-correct,9,request-id,REJECTED,request/domain binding
fixture-13-correct,9,extra-top-field,REJECTED,certificate schema
fixture-13-correct,9,certificate-digest,REJECTED,certificate digest
fixture-14-correct,0,vector,REJECTED,node 2 cell 14 mismatch
fixture-14-correct,0,topology-op,REJECTED,node 23 topology
fixture-14-correct,0,topology-child,REJECTED,node 23 topology
fixture-14-correct,0,source-original,REJECTED,source binding
fixture-14-correct,0,source-candidate,REJECTED,source binding
fixture-14-correct,0,source-reference,REJECTED,source binding
fixture-14-correct,0,source-repair_guard,REJECTED,source binding
fixture-14-correct,0,root-defined,REJECTED,root binding
fixture-14-correct,0,root-repair,REJECTED,root binding
fixture-14-correct,0,root-preserve,REJECTED,root binding
fixture-14-correct,0,guard-root,REJECTED,root binding
fixture-14-correct,0,role-output,REJECTED,root binding
fixture-14-correct,0,role-defined,REJECTED,root binding
fixture-14-correct,0,trace-site,REJECTED,root binding
fixture-14-correct,0,trace-reachable,REJECTED,root binding
fixture-14-correct,0,trace-guard,REJECTED,root binding
fixture-14-correct,0,vector-length,REJECTED,node 14 vector length
fixture-14-correct,0,vector-type,REJECTED,node 0 sort
fixture-14-correct,0,node-sort,REJECTED,node 16 topology
fixture-14-correct,0,node-id,REJECTED,node 16 topology
fixture-14-correct,0,node-data,REJECTED,node 5 topology
fixture-14-correct,0,node-extra-field,REJECTED,node 14 schema
fixture-14-correct,0,node-missing-field,REJECTED,node 16 schema
fixture-14-correct,0,node-count,REJECTED,node count
fixture-14-correct,0,point-order,REJECTED,request/domain binding
fixture-14-correct,0,point-value,REJECTED,request/domain binding
fixture-14-correct,0,domain-binding,REJECTED,request/domain binding
fixture-14-correct,0,request-id,REJECTED,request/domain binding
fixture-14-correct,0,extra-top-field,REJECTED,certificate schema
fixture-14-correct,0,certificate-digest,REJECTED,certificate digest
fixture-14-correct,1,vector,REJECTED,node 23 cell 30 mismatch
fixture-14-correct,1,topology-op,REJECTED,node 25 topology
fixture-14-correct,1,topology-child,REJECTED,node 25 topology
fixture-14-correct,1,source-original,REJECTED,source binding
fixture-14-correct,1,source-candidate,REJECTED,source binding
fixture-14-correct,1,source-reference,REJECTED,source binding
fixture-14-correct,1,source-repair_guard,REJECTED,source binding
fixture-14-correct,1,root-defined,REJECTED,root binding
fixture-14-correct,1,root-repair,REJECTED,root binding
fixture-14-correct,1,root-preserve,REJECTED,root binding
fixture-14-correct,1,guard-root,REJECTED,root binding
fixture-14-correct,1,role-output,REJECTED,root binding
fixture-14-correct,1,role-defined,REJECTED,root binding
fixture-14-correct,1,trace-site,REJECTED,root binding
fixture-14-correct,1,trace-reachable,REJECTED,root binding
fixture-14-correct,1,trace-guard,REJECTED,root binding
fixture-14-correct,1,vector-length,REJECTED,node 27 vector length
fixture-14-correct,1,vector-type,REJECTED,node 27 sort
fixture-14-correct,1,node-sort,REJECTED,node 9 topology
fixture-14-correct,1,node-id,REJECTED,node 9 topology
fixture-14-correct,1,node-data,REJECTED,node 3 topology
fixture-14-correct,1,node-extra-field,REJECTED,node 27 schema
fixture-14-correct,1,node-missing-field,REJECTED,node 9 schema
fixture-14-correct,1,node-count,REJECTED,node count
fixture-14-correct,1,point-order,REJECTED,request/domain binding
fixture-14-correct,1,point-value,REJECTED,request/domain binding
fixture-14-correct,1,domain-binding,REJECTED,request/domain binding
fixture-14-correct,1,request-id,REJECTED,request/domain binding
fixture-14-correct,1,extra-top-field,REJECTED,certificate schema
fixture-14-correct,1,certificate-digest,REJECTED,certificate digest
fixture-14-correct,2,vector,REJECTED,node 20 cell 46 mismatch
fixture-14-correct,2,topology-op,REJECTED,node 27 topology
fixture-14-correct,2,topology-child,REJECTED,node 27 topology
fixture-14-correct,2,source-original,REJECTED,source binding
fixture-14-correct,2,source-candidate,REJECTED,source binding
fixture-14-correct,2,source-reference,REJECTED,source binding
fixture-14-correct,2,source-repair_guard,REJECTED,source binding
fixture-14-correct,2,root-defined,REJECTED,root binding
fixture-14-correct,2,root-repair,REJECTED,root binding
fixture-14-correct,2,root-preserve,REJECTED,root binding
fixture-14-correct,2,guard-root,REJECTED,root binding
fixture-14-correct,2,role-output,REJECTED,root binding
fixture-14-correct,2,role-defined,REJECTED,root binding
fixture-14-correct,2,trace-site,REJECTED,root binding
fixture-14-correct,2,trace-reachable,REJECTED,root binding
fixture-14-correct,2,trace-guard,REJECTED,root binding
fixture-14-correct,2,vector-length,REJECTED,node 12 vector length
fixture-14-correct,2,vector-type,REJECTED,node 26 sort
fixture-14-correct,2,node-sort,REJECTED,node 2 topology
fixture-14-correct,2,node-id,REJECTED,node 2 topology
fixture-14-correct,2,node-data,REJECTED,node 1 topology
fixture-14-correct,2,node-extra-field,REJECTED,node 12 schema
fixture-14-correct,2,node-missing-field,REJECTED,node 2 schema
fixture-14-correct,2,node-count,REJECTED,node count
fixture-14-correct,2,point-order,REJECTED,request/domain binding
fixture-14-correct,2,point-value,REJECTED,request/domain binding
fixture-14-correct,2,domain-binding,REJECTED,request/domain binding
fixture-14-correct,2,request-id,REJECTED,request/domain binding
fixture-14-correct,2,extra-top-field,REJECTED,certificate schema
fixture-14-correct,2,certificate-digest,REJECTED,certificate digest
fixture-14-correct,3,vector,REJECTED,node 19 cell 62 mismatch
fixture-14-correct,3,topology-op,REJECTED,node 7 topology
fixture-14-correct,3,topology-child,REJECTED,node 7 topology
fixture-14-correct,3,source-original,REJECTED,source binding
fixture-14-correct,3,source-candidate,REJECTED,source binding
fixture-14-correct,3,source-reference,REJECTED,source binding
fixture-14-correct,3,source-repair_guard,REJECTED,source binding
fixture-14-correct,3,root-defined,REJECTED,root binding
fixture-14-correct,3,root-repair,REJECTED,root binding
fixture-14-correct,3,root-preserve,REJECTED,root binding
fixture-14-correct,3,guard-root,REJECTED,root binding
fixture-14-correct,3,role-output,REJECTED,root binding
fixture-14-correct,3,role-defined,REJECTED,root binding
fixture-14-correct,3,trace-site,REJECTED,root binding
fixture-14-correct,3,trace-reachable,REJECTED,root binding
fixture-14-correct,3,trace-guard,REJECTED,root binding
fixture-14-correct,3,vector-length,REJECTED,node 25 vector length
fixture-14-correct,3,vector-type,REJECTED,node 25 sort
fixture-14-correct,3,node-sort,REJECTED,node 21 topology
fixture-14-correct,3,node-id,REJECTED,node 21 topology
fixture-14-correct,3,node-data,REJECTED,node 18 topology
fixture-14-correct,3,node-extra-field,REJECTED,node 25 schema
fixture-14-correct,3,node-missing-field,REJECTED,node 21 schema
fixture-14-correct,3,node-count,REJECTED,node count
fixture-14-correct,3,point-order,REJECTED,request/domain binding
fixture-14-correct,3,point-value,REJECTED,request/domain binding
fixture-14-correct,3,domain-binding,REJECTED,request/domain binding
fixture-14-correct,3,request-id,REJECTED,request/domain binding
fixture-14-correct,3,extra-top-field,REJECTED,certificate schema
fixture-14-correct,3,certificate-digest,REJECTED,certificate digest
fixture-14-correct,4,vector,REJECTED,node 18 cell 78 mismatch
fixture-14-correct,4,topology-op,REJECTED,node 10 topology
fixture-14-correct,4,topology-child,REJECTED,node 10 topology
fixture-14-correct,4,source-original,REJECTED,source binding
fixture-14-correct,4,source-candidate,REJECTED,source binding
fixture-14-correct,4,source-reference,REJECTED,source binding
fixture-14-correct,4,source-repair_guard,REJECTED,source binding
fixture-14-correct,4,root-defined,REJECTED,root binding
fixture-14-correct,4,root-repair,REJECTED,root binding
fixture-14-correct,4,root-preserve,REJECTED,root binding
fixture-14-correct,4,guard-root,REJECTED,root binding
fixture-14-correct,4,role-output,REJECTED,root binding
fixture-14-correct,4,role-defined,REJECTED,root binding
fixture-14-correct,4,trace-site,REJECTED,root binding
fixture-14-correct,4,trace-reachable,REJECTED,root binding
fixture-14-correct,4,trace-guard,REJECTED,root binding
fixture-14-correct,4,vector-length,REJECTED,node 10 vector length
fixture-14-correct,4,vector-type,REJECTED,node 24 sort
fixture-14-correct,4,node-sort,REJECTED,node 14 topology
fixture-14-correct,4,node-id,REJECTED,node 14 topology
fixture-14-correct,4,node-data,REJECTED,node 9 topology
fixture-14-correct,4,node-extra-field,REJECTED,node 10 schema
fixture-14-correct,4,node-missing-field,REJECTED,node 14 schema
fixture-14-correct,4,node-count,REJECTED,node count
fixture-14-correct,4,point-order,REJECTED,request/domain binding
fixture-14-correct,4,point-value,REJECTED,request/domain binding
fixture-14-correct,4,domain-binding,REJECTED,request/domain binding
fixture-14-correct,4,request-id,REJECTED,request/domain binding
fixture-14-correct,4,extra-top-field,REJECTED,certificate schema
fixture-14-correct,4,certificate-digest,REJECTED,certificate digest
fixture-14-correct,5,vector,REJECTED,node 16 cell 13 mismatch
fixture-14-correct,5,topology-op,REJECTED,node 13 topology
fixture-14-correct,5,topology-child,REJECTED,node 13 topology
fixture-14-correct,5,source-original,REJECTED,source binding
fixture-14-correct,5,source-candidate,REJECTED,source binding
fixture-14-correct,5,source-reference,REJECTED,source binding
fixture-14-correct,5,source-repair_guard,REJECTED,source binding
fixture-14-correct,5,root-defined,REJECTED,root binding
fixture-14-correct,5,root-repair,REJECTED,root binding
fixture-14-correct,5,root-preserve,REJECTED,root binding
fixture-14-correct,5,guard-root,REJECTED,root binding
fixture-14-correct,5,role-output,REJECTED,root binding
fixture-14-correct,5,role-defined,REJECTED,root binding
fixture-14-correct,5,trace-site,REJECTED,root binding
fixture-14-correct,5,trace-reachable,REJECTED,root binding
fixture-14-correct,5,trace-guard,REJECTED,root binding
fixture-14-correct,5,vector-length,REJECTED,node 23 vector length
fixture-14-correct,5,vector-type,REJECTED,node 22 sort
fixture-14-correct,5,node-sort,REJECTED,node 7 topology
fixture-14-correct,5,node-id,REJECTED,node 7 topology
fixture-14-correct,5,node-data,REJECTED,node 4 topology
fixture-14-correct,5,node-extra-field,REJECTED,node 23 schema
fixture-14-correct,5,node-missing-field,REJECTED,node 7 schema
fixture-14-correct,5,node-count,REJECTED,node count
fixture-14-correct,5,point-order,REJECTED,request/domain binding
fixture-14-correct,5,point-value,REJECTED,request/domain binding
fixture-14-correct,5,domain-binding,REJECTED,request/domain binding
fixture-14-correct,5,request-id,REJECTED,request/domain binding
fixture-14-correct,5,extra-top-field,REJECTED,certificate schema
fixture-14-correct,5,certificate-digest,REJECTED,certificate digest
fixture-14-correct,6,vector,REJECTED,node 14 cell 29 mismatch
fixture-14-correct,6,topology-op,REJECTED,node 15 topology
fixture-14-correct,6,topology-child,REJECTED,node 15 topology
fixture-14-correct,6,source-original,REJECTED,source binding
fixture-14-correct,6,source-candidate,REJECTED,source binding
fixture-14-correct,6,source-reference,REJECTED,source binding
fixture-14-correct,6,source-repair_guard,REJECTED,source binding
fixture-14-correct,6,root-defined,REJECTED,root binding
fixture-14-correct,6,root-repair,REJECTED,root binding
fixture-14-correct,6,root-preserve,REJECTED,root binding
fixture-14-correct,6,guard-root,REJECTED,root binding
fixture-14-correct,6,role-output,REJECTED,root binding
fixture-14-correct,6,role-defined,REJECTED,root binding
fixture-14-correct,6,trace-site,REJECTED,root binding
fixture-14-correct,6,trace-reachable,REJECTED,root binding
fixture-14-correct,6,trace-guard,REJECTED,root binding
fixture-14-correct,6,vector-length,REJECTED,node 8 vector length
fixture-14-correct,6,vector-type,REJECTED,node 21 sort
fixture-14-correct,6,node-sort,REJECTED,node 26 topology
fixture-14-correct,6,node-id,REJECTED,node 26 topology
fixture-14-correct,6,node-data,REJECTED,node 2 topology
fixture-14-correct,6,node-extra-field,REJECTED,node 8 schema
fixture-14-correct,6,node-missing-field,REJECTED,node 26 schema
fixture-14-correct,6,node-count,REJECTED,node count
fixture-14-correct,6,point-order,REJECTED,request/domain binding
fixture-14-correct,6,point-value,REJECTED,request/domain binding
fixture-14-correct,6,domain-binding,REJECTED,request/domain binding
fixture-14-correct,6,request-id,REJECTED,request/domain binding
fixture-14-correct,6,extra-top-field,REJECTED,certificate schema
fixture-14-correct,6,certificate-digest,REJECTED,certificate digest
fixture-14-correct,7,vector,REJECTED,node 12 cell 45 mismatch
fixture-14-correct,7,topology-op,REJECTED,node 17 topology
fixture-14-correct,7,topology-child,REJECTED,node 17 topology
fixture-14-correct,7,source-original,REJECTED,source binding
fixture-14-correct,7,source-candidate,REJECTED,source binding
fixture-14-correct,7,source-reference,REJECTED,source binding
fixture-14-correct,7,source-repair_guard,REJECTED,source binding
fixture-14-correct,7,root-defined,REJECTED,root binding
fixture-14-correct,7,root-repair,REJECTED,root binding
fixture-14-correct,7,root-preserve,REJECTED,root binding
fixture-14-correct,7,guard-root,REJECTED,root binding
fixture-14-correct,7,role-output,REJECTED,root binding
fixture-14-correct,7,role-defined,REJECTED,root binding
fixture-14-correct,7,trace-site,REJECTED,root binding
fixture-14-correct,7,trace-reachable,REJECTED,root binding
fixture-14-correct,7,trace-guard,REJECTED,root binding
fixture-14-correct,7,vector-length,REJECTED,node 21 vector length
fixture-14-correct,7,vector-type,REJECTED,node 17 sort
fixture-14-correct,7,node-sort,REJECTED,node 19 topology
fixture-14-correct,7,node-id,REJECTED,node 19 topology
fixture-14-correct,7,node-data,REJECTED,node 0 topology
fixture-14-correct,7,node-extra-field,REJECTED,node 21 schema
fixture-14-correct,7,node-missing-field,REJECTED,node 19 schema
fixture-14-correct,7,node-count,REJECTED,node count
fixture-14-correct,7,point-order,REJECTED,request/domain binding
fixture-14-correct,7,point-value,REJECTED,request/domain binding
fixture-14-correct,7,domain-binding,REJECTED,request/domain binding
fixture-14-correct,7,request-id,REJECTED,request/domain binding
fixture-14-correct,7,extra-top-field,REJECTED,certificate schema
fixture-14-correct,7,certificate-digest,REJECTED,certificate digest
fixture-14-correct,8,vector,REJECTED,node 11 cell 61 mismatch
fixture-14-correct,8,topology-op,REJECTED,node 20 topology
fixture-14-correct,8,topology-child,REJECTED,node 20 topology
fixture-14-correct,8,source-original,REJECTED,source binding
fixture-14-correct,8,source-candidate,REJECTED,source binding
fixture-14-correct,8,source-reference,REJECTED,source binding
fixture-14-correct,8,source-repair_guard,REJECTED,source binding
fixture-14-correct,8,root-defined,REJECTED,root binding
fixture-14-correct,8,root-repair,REJECTED,root binding
fixture-14-correct,8,root-preserve,REJECTED,root binding
fixture-14-correct,8,guard-root,REJECTED,root binding
fixture-14-correct,8,role-output,REJECTED,root binding
fixture-14-correct,8,role-defined,REJECTED,root binding
fixture-14-correct,8,trace-site,REJECTED,root binding
fixture-14-correct,8,trace-reachable,REJECTED,root binding
fixture-14-correct,8,trace-guard,REJECTED,root binding
fixture-14-correct,8,vector-length,REJECTED,node 6 vector length
fixture-14-correct,8,vector-type,REJECTED,node 15 sort
fixture-14-correct,8,node-sort,REJECTED,node 12 topology
fixture-14-correct,8,node-id,REJECTED,node 12 topology
fixture-14-correct,8,node-data,REJECTED,node 11 topology
fixture-14-correct,8,node-extra-field,REJECTED,node 6 schema
fixture-14-correct,8,node-missing-field,REJECTED,node 12 schema
fixture-14-correct,8,node-count,REJECTED,node count
fixture-14-correct,8,point-order,REJECTED,request/domain binding
fixture-14-correct,8,point-value,REJECTED,request/domain binding
fixture-14-correct,8,domain-binding,REJECTED,request/domain binding
fixture-14-correct,8,request-id,REJECTED,request/domain binding
fixture-14-correct,8,extra-top-field,REJECTED,certificate schema
fixture-14-correct,8,certificate-digest,REJECTED,certificate digest
fixture-14-correct,9,vector,REJECTED,node 9 cell 77 mismatch
fixture-14-correct,9,topology-op,REJECTED,node 22 topology
fixture-14-correct,9,topology-child,REJECTED,node 22 topology
fixture-14-correct,9,source-original,REJECTED,source binding
fixture-14-correct,9,source-candidate,REJECTED,source binding
fixture-14-correct,9,source-reference,REJECTED,source binding
fixture-14-correct,9,source-repair_guard,REJECTED,source binding
fixture-14-correct,9,root-defined,REJECTED,root binding
fixture-14-correct,9,root-repair,REJECTED,root binding
fixture-14-correct,9,root-preserve,REJECTED,root binding
fixture-14-correct,9,guard-root,REJECTED,root binding
fixture-14-correct,9,role-output,REJECTED,root binding
fixture-14-correct,9,role-defined,REJECTED,root binding
fixture-14-correct,9,trace-site,REJECTED,root binding
fixture-14-correct,9,trace-reachable,REJECTED,root binding
fixture-14-correct,9,trace-guard,REJECTED,root binding
fixture-14-correct,9,vector-length,REJECTED,node 19 vector length
fixture-14-correct,9,vector-type,REJECTED,node 13 sort
fixture-14-correct,9,node-sort,REJECTED,node 5 topology
fixture-14-correct,9,node-id,REJECTED,node 5 topology
fixture-14-correct,9,node-data,REJECTED,node 5 topology
fixture-14-correct,9,node-extra-field,REJECTED,node 19 schema
fixture-14-correct,9,node-missing-field,REJECTED,node 5 schema
fixture-14-correct,9,node-count,REJECTED,node count
fixture-14-correct,9,point-order,REJECTED,request/domain binding
fixture-14-correct,9,point-value,REJECTED,request/domain binding
fixture-14-correct,9,domain-binding,REJECTED,request/domain binding
fixture-14-correct,9,request-id,REJECTED,request/domain binding
fixture-14-correct,9,extra-top-field,REJECTED,certificate schema
fixture-14-correct,9,certificate-digest,REJECTED,certificate digest
fixture-15-correct,0,vector,REJECTED,node 2 cell 15 mismatch
fixture-15-correct,0,topology-op,REJECTED,node 24 topology
fixture-15-correct,0,topology-child,REJECTED,node 24 topology
fixture-15-correct,0,source-original,REJECTED,source binding
fixture-15-correct,0,source-candidate,REJECTED,source binding
fixture-15-correct,0,source-reference,REJECTED,source binding
fixture-15-correct,0,source-repair_guard,REJECTED,source binding
fixture-15-correct,0,root-defined,REJECTED,root binding
fixture-15-correct,0,root-repair,REJECTED,root binding
fixture-15-correct,0,root-preserve,REJECTED,root binding
fixture-15-correct,0,guard-root,REJECTED,root binding
fixture-15-correct,0,role-output,REJECTED,root binding
fixture-15-correct,0,role-defined,REJECTED,root binding
fixture-15-correct,0,trace-site,REJECTED,root binding
fixture-15-correct,0,trace-reachable,REJECTED,root binding
fixture-15-correct,0,trace-guard,REJECTED,root binding
fixture-15-correct,0,vector-length,REJECTED,node 15 vector length
fixture-15-correct,0,vector-type,REJECTED,node 15 sort
fixture-15-correct,0,node-sort,REJECTED,node 17 topology
fixture-15-correct,0,node-id,REJECTED,node 17 topology
fixture-15-correct,0,node-data,REJECTED,node 6 topology
fixture-15-correct,0,node-extra-field,REJECTED,node 15 schema
fixture-15-correct,0,node-missing-field,REJECTED,node 17 schema
fixture-15-correct,0,node-count,REJECTED,node count
fixture-15-correct,0,point-order,REJECTED,request/domain binding
fixture-15-correct,0,point-value,REJECTED,request/domain binding
fixture-15-correct,0,domain-binding,REJECTED,request/domain binding
fixture-15-correct,0,request-id,REJECTED,request/domain binding
fixture-15-correct,0,extra-top-field,REJECTED,certificate schema
fixture-15-correct,0,certificate-digest,REJECTED,certificate digest
fixture-15-correct,1,vector,REJECTED,node 11 cell 31 mismatch
fixture-15-correct,1,topology-op,REJECTED,node 7 topology
fixture-15-correct,1,topology-child,REJECTED,node 7 topology
fixture-15-correct,1,source-original,REJECTED,source binding
fixture-15-correct,1,source-candidate,REJECTED,source binding
fixture-15-correct,1,source-reference,REJECTED,source binding
fixture-15-correct,1,source-repair_guard,REJECTED,source binding
fixture-15-correct,1,root-defined,REJECTED,root binding
fixture-15-correct,1,root-repair,REJECTED,root binding
fixture-15-correct,1,root-preserve,REJECTED,root binding
fixture-15-correct,1,guard-root,REJECTED,root binding
fixture-15-correct,1,role-output,REJECTED,root binding
fixture-15-correct,1,role-defined,REJECTED,root binding
fixture-15-correct,1,trace-site,REJECTED,root binding
fixture-15-correct,1,trace-reachable,REJECTED,root binding
fixture-15-correct,1,trace-guard,REJECTED,root binding
fixture-15-correct,1,vector-length,REJECTED,node 12 vector length
fixture-15-correct,1,vector-type,REJECTED,node 7 sort
fixture-15-correct,1,node-sort,REJECTED,node 22 topology
fixture-15-correct,1,node-id,REJECTED,node 22 topology
fixture-15-correct,1,node-data,REJECTED,node 4 topology
fixture-15-correct,1,node-extra-field,REJECTED,node 12 schema
fixture-15-correct,1,node-missing-field,REJECTED,node 22 schema
fixture-15-correct,1,node-count,REJECTED,node count
fixture-15-correct,1,point-order,REJECTED,request/domain binding
fixture-15-correct,1,point-value,REJECTED,request/domain binding
fixture-15-correct,1,domain-binding,REJECTED,request/domain binding
fixture-15-correct,1,request-id,REJECTED,request/domain binding
fixture-15-correct,1,extra-top-field,REJECTED,certificate schema
fixture-15-correct,1,certificate-digest,REJECTED,certificate digest
fixture-15-correct,2,vector,REJECTED,node 22 cell 47 mismatch
fixture-15-correct,2,topology-op,REJECTED,node 8 topology
fixture-15-correct,2,topology-child,REJECTED,node 8 topology
fixture-15-correct,2,source-original,REJECTED,source binding
fixture-15-correct,2,source-candidate,REJECTED,source binding
fixture-15-correct,2,source-reference,REJECTED,source binding
fixture-15-correct,2,source-repair_guard,REJECTED,source binding
fixture-15-correct,2,root-defined,REJECTED,root binding
fixture-15-correct,2,root-repair,REJECTED,root binding
fixture-15-correct,2,root-preserve,REJECTED,root binding
fixture-15-correct,2,guard-root,REJECTED,root binding
fixture-15-correct,2,role-output,REJECTED,root binding
fixture-15-correct,2,role-defined,REJECTED,root binding
fixture-15-correct,2,trace-site,REJECTED,root binding
fixture-15-correct,2,trace-reachable,REJECTED,root binding
fixture-15-correct,2,trace-guard,REJECTED,root binding
fixture-15-correct,2,vector-length,REJECTED,node 9 vector length
fixture-15-correct,2,vector-type,REJECTED,node 24 sort
fixture-15-correct,2,node-sort,REJECTED,node 4 topology
fixture-15-correct,2,node-id,REJECTED,node 4 topology
fixture-15-correct,2,node-data,REJECTED,node 2 topology
fixture-15-correct,2,node-extra-field,REJECTED,node 9 schema
fixture-15-correct,2,node-missing-field,REJECTED,node 4 schema
fixture-15-correct,2,node-count,REJECTED,node count
fixture-15-correct,2,point-order,REJECTED,request/domain binding
fixture-15-correct,2,point-value,REJECTED,request/domain binding
fixture-15-correct,2,domain-binding,REJECTED,request/domain binding
fixture-15-correct,2,request-id,REJECTED,request/domain binding
fixture-15-correct,2,extra-top-field,REJECTED,certificate schema
fixture-15-correct,2,certificate-digest,REJECTED,certificate digest
fixture-15-correct,3,vector,REJECTED,node 10 cell 63 mismatch
fixture-15-correct,3,topology-op,REJECTED,node 9 topology
fixture-15-correct,3,topology-child,REJECTED,node 9 topology
fixture-15-correct,3,source-original,REJECTED,source binding
fixture-15-correct,3,source-candidate,REJECTED,source binding
fixture-15-correct,3,source-reference,REJECTED,source binding
fixture-15-correct,3,source-repair_guard,REJECTED,source binding
fixture-15-correct,3,root-defined,REJECTED,root binding
fixture-15-correct,3,root-repair,REJECTED,root binding
fixture-15-correct,3,root-preserve,REJECTED,root binding
fixture-15-correct,3,guard-root,REJECTED,root binding
fixture-15-correct,3,role-output,REJECTED,root binding
fixture-15-correct,3,role-defined,REJECTED,root binding
fixture-15-correct,3,trace-site,REJECTED,root binding
fixture-15-correct,3,trace-reachable,REJECTED,root binding
fixture-15-correct,3,trace-guard,REJECTED,root binding
fixture-15-correct,3,vector-length,REJECTED,node 6 vector length
fixture-15-correct,3,vector-type,REJECTED,node 17 sort
fixture-15-correct,3,node-sort,REJECTED,node 9 topology
fixture-15-correct,3,node-id,REJECTED,node 9 topology
fixture-15-correct,3,node-data,REJECTED,node 0 topology
fixture-15-correct,3,node-extra-field,REJECTED,node 6 schema
fixture-15-correct,3,node-missing-field,REJECTED,node 9 schema
fixture-15-correct,3,node-count,REJECTED,node count
fixture-15-correct,3,point-order,REJECTED,request/domain binding
fixture-15-correct,3,point-value,REJECTED,request/domain binding
fixture-15-correct,3,domain-binding,REJECTED,request/domain binding
fixture-15-correct,3,request-id,REJECTED,request/domain binding
fixture-15-correct,3,extra-top-field,REJECTED,certificate schema
fixture-15-correct,3,certificate-digest,REJECTED,certificate digest
fixture-15-correct,4,vector,REJECTED,node 21 cell 79 mismatch
fixture-15-correct,4,topology-op,REJECTED,node 10 topology
fixture-15-correct,4,topology-child,REJECTED,node 10 topology
fixture-15-correct,4,source-original,REJECTED,source binding
fixture-15-correct,4,source-candidate,REJECTED,source binding
fixture-15-correct,4,source-reference,REJECTED,source binding
fixture-15-correct,4,source-repair_guard,REJECTED,source binding
fixture-15-correct,4,root-defined,REJECTED,root binding
fixture-15-correct,4,root-repair,REJECTED,root binding
fixture-15-correct,4,root-preserve,REJECTED,root binding
fixture-15-correct,4,guard-root,REJECTED,root binding
fixture-15-correct,4,role-output,REJECTED,root binding
fixture-15-correct,4,role-defined,REJECTED,root binding
fixture-15-correct,4,trace-site,REJECTED,root binding
fixture-15-correct,4,trace-reachable,REJECTED,root binding
fixture-15-correct,4,trace-guard,REJECTED,root binding
fixture-15-correct,4,vector-length,REJECTED,node 3 vector length
fixture-15-correct,4,vector-type,REJECTED,node 9 sort
fixture-15-correct,4,node-sort,REJECTED,node 14 topology
fixture-15-correct,4,node-id,REJECTED,node 14 topology
fixture-15-correct,4,node-data,REJECTED,node 13 topology
fixture-15-correct,4,node-extra-field,REJECTED,node 3 schema
fixture-15-correct,4,node-missing-field,REJECTED,node 14 schema
fixture-15-correct,4,node-count,REJECTED,node count
fixture-15-correct,4,point-order,REJECTED,request/domain binding
fixture-15-correct,4,point-value,REJECTED,request/domain binding
fixture-15-correct,4,domain-binding,REJECTED,request/domain binding
fixture-15-correct,4,request-id,REJECTED,request/domain binding
fixture-15-correct,4,extra-top-field,REJECTED,certificate schema
fixture-15-correct,4,certificate-digest,REJECTED,certificate digest
fixture-15-correct,5,vector,REJECTED,node 8 cell 14 mismatch
fixture-15-correct,5,topology-op,REJECTED,node 11 topology
fixture-15-correct,5,topology-child,REJECTED,node 11 topology
fixture-15-correct,5,source-original,REJECTED,source binding
fixture-15-correct,5,source-candidate,REJECTED,source binding
fixture-15-correct,5,source-reference,REJECTED,source binding
fixture-15-correct,5,source-repair_guard,REJECTED,source binding
fixture-15-correct,5,root-defined,REJECTED,root binding
fixture-15-correct,5,root-repair,REJECTED,root binding
fixture-15-correct,5,root-preserve,REJECTED,root binding
fixture-15-correct,5,guard-root,REJECTED,root binding
fixture-15-correct,5,role-output,REJECTED,root binding
fixture-15-correct,5,role-defined,REJECTED,root binding
fixture-15-correct,5,trace-site,REJECTED,root binding
fixture-15-correct,5,trace-reachable,REJECTED,root binding
fixture-15-correct,5,trace-guard,REJECTED,root binding
fixture-15-correct,5,vector-length,REJECTED,node 0 vector length
fixture-15-correct,5,vector-type,REJECTED,node 0 sort
fixture-15-correct,5,node-sort,REJECTED,node 19 topology
fixture-15-correct,5,node-id,REJECTED,node 19 topology
fixture-15-correct,5,node-data,REJECTED,node 5 topology
fixture-15-correct,5,node-extra-field,REJECTED,node 0 schema
fixture-15-correct,5,node-missing-field,REJECTED,node 19 schema
fixture-15-correct,5,node-count,REJECTED,node count
fixture-15-correct,5,point-order,REJECTED,request/domain binding
fixture-15-correct,5,point-value,REJECTED,request/domain binding
fixture-15-correct,5,domain-binding,REJECTED,request/domain binding
fixture-15-correct,5,request-id,REJECTED,request/domain binding
fixture-15-correct,5,extra-top-field,REJECTED,certificate schema
fixture-15-correct,5,certificate-digest,REJECTED,certificate digest
fixture-15-correct,6,vector,REJECTED,node 20 cell 30 mismatch
fixture-15-correct,6,topology-op,REJECTED,node 12 topology
fixture-15-correct,6,topology-child,REJECTED,node 12 topology
fixture-15-correct,6,source-original,REJECTED,source binding
fixture-15-correct,6,source-candidate,REJECTED,source binding
fixture-15-correct,6,source-reference,REJECTED,source binding
fixture-15-correct,6,source-repair_guard,REJECTED,source binding
fixture-15-correct,6,root-defined,REJECTED,root binding
fixture-15-correct,6,root-repair,REJECTED,root binding
fixture-15-correct,6,root-preserve,REJECTED,root binding
fixture-15-correct,6,guard-root,REJECTED,root binding
fixture-15-correct,6,role-output,REJECTED,root binding
fixture-15-correct,6,role-defined,REJECTED,root binding
fixture-15-correct,6,trace-site,REJECTED,root binding
fixture-15-correct,6,trace-reachable,REJECTED,root binding
fixture-15-correct,6,trace-guard,REJECTED,root binding
fixture-15-correct,6,vector-length,REJECTED,node 22 vector length
fixture-15-correct,6,vector-type,REJECTED,node 19 sort
fixture-15-correct,6,node-sort,REJECTED,node 24 topology
fixture-15-correct,6,node-id,REJECTED,node 24 topology
fixture-15-correct,6,node-data,REJECTED,node 3 topology
fixture-15-correct,6,node-extra-field,REJECTED,node 22 schema
fixture-15-correct,6,node-missing-field,REJECTED,node 24 schema
fixture-15-correct,6,node-count,REJECTED,node count
fixture-15-correct,6,point-order,REJECTED,request/domain binding
fixture-15-correct,6,point-value,REJECTED,request/domain binding
fixture-15-correct,6,domain-binding,REJECTED,request/domain binding
fixture-15-correct,6,request-id,REJECTED,request/domain binding
fixture-15-correct,6,extra-top-field,REJECTED,certificate schema
fixture-15-correct,6,certificate-digest,REJECTED,certificate digest
fixture-15-correct,7,vector,REJECTED,node 6 cell 46 mismatch
fixture-15-correct,7,topology-op,REJECTED,node 14 topology
fixture-15-correct,7,topology-child,REJECTED,node 14 topology
fixture-15-correct,7,source-original,REJECTED,source binding
fixture-15-correct,7,source-candidate,REJECTED,source binding
fixture-15-correct,7,source-reference,REJECTED,source binding
fixture-15-correct,7,source-repair_guard,REJECTED,source binding
fixture-15-correct,7,root-defined,REJECTED,root binding
fixture-15-correct,7,root-repair,REJECTED,root binding
fixture-15-correct,7,root-preserve,REJECTED,root binding
fixture-15-correct,7,guard-root,REJECTED,root binding
fixture-15-correct,7,role-output,REJECTED,root binding
fixture-15-correct,7,role-defined,REJECTED,root binding
fixture-15-correct,7,trace-site,REJECTED,root binding
fixture-15-correct,7,trace-reachable,REJECTED,root binding
fixture-15-correct,7,trace-guard,REJECTED,root binding
fixture-15-correct,7,vector-length,REJECTED,node 19 vector length
fixture-15-correct,7,vector-type,REJECTED,node 12 sort
fixture-15-correct,7,node-sort,REJECTED,node 6 topology
fixture-15-correct,7,node-id,REJECTED,node 6 topology
fixture-15-correct,7,node-data,REJECTED,node 1 topology
fixture-15-correct,7,node-extra-field,REJECTED,node 19 schema
fixture-15-correct,7,node-missing-field,REJECTED,node 6 schema
fixture-15-correct,7,node-count,REJECTED,node count
fixture-15-correct,7,point-order,REJECTED,request/domain binding
fixture-15-correct,7,point-value,REJECTED,request/domain binding
fixture-15-correct,7,domain-binding,REJECTED,request/domain binding
fixture-15-correct,7,request-id,REJECTED,request/domain binding
fixture-15-correct,7,extra-top-field,REJECTED,certificate schema
fixture-15-correct,7,certificate-digest,REJECTED,certificate digest
fixture-15-correct,8,vector,REJECTED,node 18 cell 62 mismatch
fixture-15-correct,8,topology-op,REJECTED,node 15 topology
fixture-15-correct,8,topology-child,REJECTED,node 15 topology
fixture-15-correct,8,source-original,REJECTED,source binding
fixture-15-correct,8,source-candidate,REJECTED,source binding
fixture-15-correct,8,source-reference,REJECTED,source binding
fixture-15-correct,8,source-repair_guard,REJECTED,source binding
fixture-15-correct,8,root-defined,REJECTED,root binding
fixture-15-correct,8,root-repair,REJECTED,root binding
fixture-15-correct,8,root-preserve,REJECTED,root binding
fixture-15-correct,8,guard-root,REJECTED,root binding
fixture-15-correct,8,role-output,REJECTED,root binding
fixture-15-correct,8,role-defined,REJECTED,root binding
fixture-15-correct,8,trace-site,REJECTED,root binding
fixture-15-correct,8,trace-reachable,REJECTED,root binding
fixture-15-correct,8,trace-guard,REJECTED,root binding
fixture-15-correct,8,vector-length,REJECTED,node 16 vector length
fixture-15-correct,8,vector-type,REJECTED,node 1 sort
fixture-15-correct,8,node-sort,REJECTED,node 11 topology
fixture-15-correct,8,node-id,REJECTED,node 11 topology
fixture-15-correct,8,node-data,REJECTED,node 20 topology
fixture-15-correct,8,node-extra-field,REJECTED,node 16 schema
fixture-15-correct,8,node-missing-field,REJECTED,node 11 schema
fixture-15-correct,8,node-count,REJECTED,node count
fixture-15-correct,8,point-order,REJECTED,request/domain binding
fixture-15-correct,8,point-value,REJECTED,request/domain binding
fixture-15-correct,8,domain-binding,REJECTED,request/domain binding
fixture-15-correct,8,request-id,REJECTED,request/domain binding
fixture-15-correct,8,extra-top-field,REJECTED,certificate schema
fixture-15-correct,8,certificate-digest,REJECTED,certificate digest
fixture-15-correct,9,vector,REJECTED,node 5 cell 78 mismatch
fixture-15-correct,9,topology-op,REJECTED,node 16 topology
fixture-15-correct,9,topology-child,REJECTED,node 16 topology
fixture-15-correct,9,source-original,REJECTED,source binding
fixture-15-correct,9,source-candidate,REJECTED,source binding
fixture-15-correct,9,source-reference,REJECTED,source binding
fixture-15-correct,9,source-repair_guard,REJECTED,source binding
fixture-15-correct,9,root-defined,REJECTED,root binding
fixture-15-correct,9,root-repair,REJECTED,root binding
fixture-15-correct,9,root-preserve,REJECTED,root binding
fixture-15-correct,9,guard-root,REJECTED,root binding
fixture-15-correct,9,role-output,REJECTED,root binding
fixture-15-correct,9,role-defined,REJECTED,root binding
fixture-15-correct,9,trace-site,REJECTED,root binding
fixture-15-correct,9,trace-reachable,REJECTED,root binding
fixture-15-correct,9,trace-guard,REJECTED,root binding
fixture-15-correct,9,vector-length,REJECTED,node 13 vector length
fixture-15-correct,9,vector-type,REJECTED,node 23 sort
fixture-15-correct,9,node-sort,REJECTED,node 16 topology
fixture-15-correct,9,node-id,REJECTED,node 16 topology
fixture-15-correct,9,node-data,REJECTED,node 6 topology
fixture-15-correct,9,node-extra-field,REJECTED,node 13 schema
fixture-15-correct,9,node-missing-field,REJECTED,node 16 schema
fixture-15-correct,9,node-count,REJECTED,node count
fixture-15-correct,9,point-order,REJECTED,request/domain binding
fixture-15-correct,9,point-value,REJECTED,request/domain binding
fixture-15-correct,9,domain-binding,REJECTED,request/domain binding
fixture-15-correct,9,request-id,REJECTED,request/domain binding
fixture-15-correct,9,extra-top-field,REJECTED,certificate schema
fixture-15-correct,9,certificate-digest,REJECTED,certificate digest
fixture-16-correct,0,vector,REJECTED,node 4 cell 16 mismatch
fixture-16-correct,0,topology-op,REJECTED,node 25 topology
fixture-16-correct,0,topology-child,REJECTED,node 25 topology
fixture-16-correct,0,source-original,REJECTED,source binding
fixture-16-correct,0,source-candidate,REJECTED,source binding
fixture-16-correct,0,source-reference,REJECTED,source binding
fixture-16-correct,0,source-repair_guard,REJECTED,source binding
fixture-16-correct,0,root-defined,REJECTED,root binding
fixture-16-correct,0,root-repair,REJECTED,root binding
fixture-16-correct,0,root-preserve,REJECTED,root binding
fixture-16-correct,0,guard-root,REJECTED,root binding
fixture-16-correct,0,role-output,REJECTED,root binding
fixture-16-correct,0,role-defined,REJECTED,root binding
fixture-16-correct,0,trace-site,REJECTED,root binding
fixture-16-correct,0,trace-reachable,REJECTED,root binding
fixture-16-correct,0,trace-guard,REJECTED,root binding
fixture-16-correct,0,vector-length,REJECTED,node 16 vector length
fixture-16-correct,0,vector-type,REJECTED,node 30 sort
fixture-16-correct,0,node-sort,REJECTED,node 18 topology
fixture-16-correct,0,node-id,REJECTED,node 18 topology
fixture-16-correct,0,node-data,REJECTED,node 15 topology
fixture-16-correct,0,node-extra-field,REJECTED,node 16 schema
fixture-16-correct,0,node-missing-field,REJECTED,node 18 schema
fixture-16-correct,0,node-count,REJECTED,node count
fixture-16-correct,0,point-order,REJECTED,request/domain binding
fixture-16-correct,0,point-value,REJECTED,request/domain binding
fixture-16-correct,0,domain-binding,REJECTED,request/domain binding
fixture-16-correct,0,request-id,REJECTED,request/domain binding
fixture-16-correct,0,extra-top-field,REJECTED,certificate schema
fixture-16-correct,0,certificate-digest,REJECTED,certificate digest
fixture-16-correct,1,vector,REJECTED,node 3 cell 32 mismatch
fixture-16-correct,1,topology-op,REJECTED,node 30 topology
fixture-16-correct,1,topology-child,REJECTED,node 30 topology
fixture-16-correct,1,source-original,REJECTED,source binding
fixture-16-correct,1,source-candidate,REJECTED,source binding
fixture-16-correct,1,source-reference,REJECTED,source binding
fixture-16-correct,1,source-repair_guard,REJECTED,source binding
fixture-16-correct,1,root-defined,REJECTED,root binding
fixture-16-correct,1,root-repair,REJECTED,root binding
fixture-16-correct,1,root-preserve,REJECTED,root binding
fixture-16-correct,1,guard-root,REJECTED,root binding
fixture-16-correct,1,role-output,REJECTED,root binding
fixture-16-correct,1,role-defined,REJECTED,root binding
fixture-16-correct,1,trace-site,REJECTED,root binding
fixture-16-correct,1,trace-reachable,REJECTED,root binding
fixture-16-correct,1,trace-guard,REJECTED,root binding
fixture-16-correct,1,vector-length,REJECTED,node 17 vector length
fixture-16-correct,1,vector-type,REJECTED,node 12 sort
fixture-16-correct,1,node-sort,REJECTED,node 25 topology
fixture-16-correct,1,node-id,REJECTED,node 25 topology
fixture-16-correct,1,node-data,REJECTED,node 5 topology
fixture-16-correct,1,node-extra-field,REJECTED,node 17 schema
fixture-16-correct,1,node-missing-field,REJECTED,node 25 schema
fixture-16-correct,1,node-count,REJECTED,node count
fixture-16-correct,1,point-order,REJECTED,request/domain binding
fixture-16-correct,1,point-value,REJECTED,request/domain binding
fixture-16-correct,1,domain-binding,REJECTED,request/domain binding
fixture-16-correct,1,request-id,REJECTED,request/domain binding
fixture-16-correct,1,extra-top-field,REJECTED,certificate schema
fixture-16-correct,1,certificate-digest,REJECTED,certificate digest
fixture-16-correct,2,vector,REJECTED,node 2 cell 48 mismatch
fixture-16-correct,2,topology-op,REJECTED,node 10 topology
fixture-16-correct,2,topology-child,REJECTED,node 10 topology
fixture-16-correct,2,source-original,REJECTED,source binding
fixture-16-correct,2,source-candidate,REJECTED,source binding
fixture-16-correct,2,source-reference,REJECTED,source binding
fixture-16-correct,2,source-repair_guard,REJECTED,source binding
fixture-16-correct,2,root-defined,REJECTED,root binding
fixture-16-correct,2,root-repair,REJECTED,root binding
fixture-16-correct,2,root-preserve,REJECTED,root binding
fixture-16-correct,2,guard-root,REJECTED,root binding
fixture-16-correct,2,role-output,REJECTED,root binding
fixture-16-correct,2,role-defined,REJECTED,root binding
fixture-16-correct,2,trace-site,REJECTED,root binding
fixture-16-correct,2,trace-reachable,REJECTED,root binding
fixture-16-correct,2,trace-guard,REJECTED,root binding
fixture-16-correct,2,vector-length,REJECTED,node 18 vector length
fixture-16-correct,2,vector-type,REJECTED,node 26 sort
fixture-16-correct,2,node-sort,REJECTED,node 2 topology
fixture-16-correct,2,node-id,REJECTED,node 2 topology
fixture-16-correct,2,node-data,REJECTED,node 3 topology
fixture-16-correct,2,node-extra-field,REJECTED,node 18 schema
fixture-16-correct,2,node-missing-field,REJECTED,node 2 schema
fixture-16-correct,2,node-count,REJECTED,node count
fixture-16-correct,2,point-order,REJECTED,request/domain binding
fixture-16-correct,2,point-value,REJECTED,request/domain binding
fixture-16-correct,2,domain-binding,REJECTED,request/domain binding
fixture-16-correct,2,request-id,REJECTED,request/domain binding
fixture-16-correct,2,extra-top-field,REJECTED,certificate schema
fixture-16-correct,2,certificate-digest,REJECTED,certificate digest
fixture-16-correct,3,vector,REJECTED,node 25 cell 64 mismatch
fixture-16-correct,3,topology-op,REJECTED,node 16 topology
fixture-16-correct,3,topology-child,REJECTED,node 16 topology
fixture-16-correct,3,source-original,REJECTED,source binding
fixture-16-correct,3,source-candidate,REJECTED,source binding
fixture-16-correct,3,source-reference,REJECTED,source binding
fixture-16-correct,3,source-repair_guard,REJECTED,source binding
fixture-16-correct,3,root-defined,REJECTED,root binding
fixture-16-correct,3,root-repair,REJECTED,root binding
fixture-16-correct,3,root-preserve,REJECTED,root binding
fixture-16-correct,3,guard-root,REJECTED,root binding
fixture-16-correct,3,role-output,REJECTED,root binding
fixture-16-correct,3,role-defined,REJECTED,root binding
fixture-16-correct,3,trace-site,REJECTED,root binding
fixture-16-correct,3,trace-reachable,REJECTED,root binding
fixture-16-correct,3,trace-guard,REJECTED,root binding
fixture-16-correct,3,vector-length,REJECTED,node 19 vector length
fixture-16-correct,3,vector-type,REJECTED,node 1 sort
fixture-16-correct,3,node-sort,REJECTED,node 9 topology
fixture-16-correct,3,node-id,REJECTED,node 9 topology
fixture-16-correct,3,node-data,REJECTED,node 1 topology
fixture-16-correct,3,node-extra-field,REJECTED,node 19 schema
fixture-16-correct,3,node-missing-field,REJECTED,node 9 schema
fixture-16-correct,3,node-count,REJECTED,node count
fixture-16-correct,3,point-order,REJECTED,request/domain binding
fixture-16-correct,3,point-value,REJECTED,request/domain binding
fixture-16-correct,3,domain-binding,REJECTED,request/domain binding
fixture-16-correct,3,request-id,REJECTED,request/domain binding
fixture-16-correct,3,extra-top-field,REJECTED,certificate schema
fixture-16-correct,3,certificate-digest,REJECTED,certificate digest
fixture-16-correct,4,vector,REJECTED,node 24 cell 80 mismatch
fixture-16-correct,4,topology-op,REJECTED,node 21 topology
fixture-16-correct,4,topology-child,REJECTED,node 21 topology
fixture-16-correct,4,source-original,REJECTED,source binding
fixture-16-correct,4,source-candidate,REJECTED,source binding
fixture-16-correct,4,source-reference,REJECTED,source binding
fixture-16-correct,4,source-repair_guard,REJECTED,source binding
fixture-16-correct,4,root-defined,REJECTED,root binding
fixture-16-correct,4,root-repair,REJECTED,root binding
fixture-16-correct,4,root-preserve,REJECTED,root binding
fixture-16-correct,4,guard-root,REJECTED,root binding
fixture-16-correct,4,role-output,REJECTED,root binding
fixture-16-correct,4,role-defined,REJECTED,root binding
fixture-16-correct,4,trace-site,REJECTED,root binding
fixture-16-correct,4,trace-reachable,REJECTED,root binding
fixture-16-correct,4,trace-guard,REJECTED,root binding
fixture-16-correct,4,vector-length,REJECTED,node 20 vector length
fixture-16-correct,4,vector-type,REJECTED,node 17 sort
fixture-16-correct,4,node-sort,REJECTED,node 16 topology
fixture-16-correct,4,node-id,REJECTED,node 16 topology
fixture-16-correct,4,node-data,REJECTED,node 23 topology
fixture-16-correct,4,node-extra-field,REJECTED,node 20 schema
fixture-16-correct,4,node-missing-field,REJECTED,node 16 schema
fixture-16-correct,4,node-count,REJECTED,node count
fixture-16-correct,4,point-order,REJECTED,request/domain binding
fixture-16-correct,4,point-value,REJECTED,request/domain binding
fixture-16-correct,4,domain-binding,REJECTED,request/domain binding
fixture-16-correct,4,request-id,REJECTED,request/domain binding
fixture-16-correct,4,extra-top-field,REJECTED,certificate schema
fixture-16-correct,4,certificate-digest,REJECTED,certificate digest
fixture-16-correct,5,vector,REJECTED,node 23 cell 15 mismatch
fixture-16-correct,5,topology-op,REJECTED,node 27 topology
fixture-16-correct,5,topology-child,REJECTED,node 27 topology
fixture-16-correct,5,source-original,REJECTED,source binding
fixture-16-correct,5,source-candidate,REJECTED,source binding
fixture-16-correct,5,source-reference,REJECTED,source binding
fixture-16-correct,5,source-repair_guard,REJECTED,source binding
fixture-16-correct,5,root-defined,REJECTED,root binding
fixture-16-correct,5,root-repair,REJECTED,root binding
fixture-16-correct,5,root-preserve,REJECTED,root binding
fixture-16-correct,5,guard-root,REJECTED,root binding
fixture-16-correct,5,role-output,REJECTED,root binding
fixture-16-correct,5,role-defined,REJECTED,root binding
fixture-16-correct,5,trace-site,REJECTED,root binding
fixture-16-correct,5,trace-reachable,REJECTED,root binding
fixture-16-correct,5,trace-guard,REJECTED,root binding
fixture-16-correct,5,vector-length,REJECTED,node 21 vector length
fixture-16-correct,5,vector-type,REJECTED,node 29 sort
fixture-16-correct,5,node-sort,REJECTED,node 23 topology
fixture-16-correct,5,node-id,REJECTED,node 23 topology
fixture-16-correct,5,node-data,REJECTED,node 6 topology
fixture-16-correct,5,node-extra-field,REJECTED,node 21 schema
fixture-16-correct,5,node-missing-field,REJECTED,node 23 schema
fixture-16-correct,5,node-count,REJECTED,node count
fixture-16-correct,5,point-order,REJECTED,request/domain binding
fixture-16-correct,5,point-value,REJECTED,request/domain binding
fixture-16-correct,5,domain-binding,REJECTED,request/domain binding
fixture-16-correct,5,request-id,REJECTED,request/domain binding
fixture-16-correct,5,extra-top-field,REJECTED,certificate schema
fixture-16-correct,5,certificate-digest,REJECTED,certificate digest
fixture-16-correct,6,vector,REJECTED,node 21 cell 31 mismatch
fixture-16-correct,6,topology-op,REJECTED,node 7 topology
fixture-16-correct,6,topology-child,REJECTED,node 7 topology
fixture-16-correct,6,source-original,REJECTED,source binding
fixture-16-correct,6,source-candidate,REJECTED,source binding
fixture-16-correct,6,source-reference,REJECTED,source binding
fixture-16-correct,6,source-repair_guard,REJECTED,source binding
fixture-16-correct,6,root-defined,REJECTED,root binding
fixture-16-correct,6,root-repair,REJECTED,root binding
fixture-16-correct,6,root-preserve,REJECTED,root binding
fixture-16-correct,6,guard-root,REJECTED,root binding
fixture-16-correct,6,role-output,REJECTED,root binding
fixture-16-correct,6,role-defined,REJECTED,root binding
fixture-16-correct,6,trace-site,REJECTED,root binding
fixture-16-correct,6,trace-reachable,REJECTED,root binding
fixture-16-correct,6,trace-guard,REJECTED,root binding
fixture-16-correct,6,vector-length,REJECTED,node 22 vector length
fixture-16-correct,6,vector-type,REJECTED,node 9 sort
fixture-16-correct,6,node-sort,REJECTED,node 30 topology
fixture-16-correct,6,node-id,REJECTED,node 30 topology
fixture-16-correct,6,node-data,REJECTED,node 4 topology
fixture-16-correct,6,node-extra-field,REJECTED,node 22 schema
fixture-16-correct,6,node-missing-field,REJECTED,node 30 schema
fixture-16-correct,6,node-count,REJECTED,node count
fixture-16-correct,6,point-order,REJECTED,request/domain binding
fixture-16-correct,6,point-value,REJECTED,request/domain binding
fixture-16-correct,6,domain-binding,REJECTED,request/domain binding
fixture-16-correct,6,request-id,REJECTED,request/domain binding
fixture-16-correct,6,extra-top-field,REJECTED,certificate schema
fixture-16-correct,6,certificate-digest,REJECTED,certificate digest
fixture-16-correct,7,vector,REJECTED,node 19 cell 47 mismatch
fixture-16-correct,7,topology-op,REJECTED,node 12 topology
fixture-16-correct,7,topology-child,REJECTED,node 12 topology
fixture-16-correct,7,source-original,REJECTED,source binding
fixture-16-correct,7,source-candidate,REJECTED,source binding
fixture-16-correct,7,source-reference,REJECTED,source binding
fixture-16-correct,7,source-repair_guard,REJECTED,source binding
fixture-16-correct,7,root-defined,REJECTED,root binding
fixture-16-correct,7,root-repair,REJECTED,root binding
fixture-16-correct,7,root-preserve,REJECTED,root binding
fixture-16-correct,7,guard-root,REJECTED,root binding
fixture-16-correct,7,role-output,REJECTED,root binding
fixture-16-correct,7,role-defined,REJECTED,root binding
fixture-16-correct,7,trace-site,REJECTED,root binding
fixture-16-correct,7,trace-reachable,REJECTED,root binding
fixture-16-correct,7,trace-guard,REJECTED,root binding
fixture-16-correct,7,vector-length,REJECTED,node 23 vector length
fixture-16-correct,7,vector-type,REJECTED,node 22 sort
fixture-16-correct,7,node-sort,REJECTED,node 7 topology
fixture-16-correct,7,node-id,REJECTED,node 7 topology
fixture-16-correct,7,node-data,REJECTED,node 2 topology
fixture-16-correct,7,node-extra-field,REJECTED,node 23 schema
fixture-16-correct,7,node-missing-field,REJECTED,node 7 schema
fixture-16-correct,7,node-count,REJECTED,node count
fixture-16-correct,7,point-order,REJECTED,request/domain binding
fixture-16-correct,7,point-value,REJECTED,request/domain binding
fixture-16-correct,7,domain-binding,REJECTED,request/domain binding
fixture-16-correct,7,request-id,REJECTED,request/domain binding
fixture-16-correct,7,extra-top-field,REJECTED,certificate schema
fixture-16-correct,7,certificate-digest,REJECTED,certificate digest
fixture-16-correct,8,vector,REJECTED,node 16 cell 63 mismatch
fixture-16-correct,8,topology-op,REJECTED,node 18 topology
fixture-16-correct,8,topology-child,REJECTED,node 18 topology
fixture-16-correct,8,source-original,REJECTED,source binding
fixture-16-correct,8,source-candidate,REJECTED,source binding
fixture-16-correct,8,source-reference,REJECTED,source binding
fixture-16-correct,8,source-repair_guard,REJECTED,source binding
fixture-16-correct,8,root-defined,REJECTED,root binding
fixture-16-correct,8,root-repair,REJECTED,root binding
fixture-16-correct,8,root-preserve,REJECTED,root binding
fixture-16-correct,8,guard-root,REJECTED,root binding
fixture-16-correct,8,role-output,REJECTED,root binding
fixture-16-correct,8,role-defined,REJECTED,root binding
fixture-16-correct,8,trace-site,REJECTED,root binding
fixture-16-correct,8,trace-reachable,REJECTED,root binding
fixture-16-correct,8,trace-guard,REJECTED,root binding
fixture-16-correct,8,vector-length,REJECTED,node 24 vector length
fixture-16-correct,8,vector-type,REJECTED,node 0 sort
fixture-16-correct,8,node-sort,REJECTED,node 14 topology
fixture-16-correct,8,node-id,REJECTED,node 14 topology
fixture-16-correct,8,node-data,REJECTED,node 0 topology
fixture-16-correct,8,node-extra-field,REJECTED,node 24 schema
fixture-16-correct,8,node-missing-field,REJECTED,node 14 schema
fixture-16-correct,8,node-count,REJECTED,node count
fixture-16-correct,8,point-order,REJECTED,request/domain binding
fixture-16-correct,8,point-value,REJECTED,request/domain binding
fixture-16-correct,8,domain-binding,REJECTED,request/domain binding
fixture-16-correct,8,request-id,REJECTED,request/domain binding
fixture-16-correct,8,extra-top-field,REJECTED,certificate schema
fixture-16-correct,8,certificate-digest,REJECTED,certificate digest
fixture-16-correct,9,vector,REJECTED,node 15 cell 79 mismatch
fixture-16-correct,9,topology-op,REJECTED,node 24 topology
fixture-16-correct,9,topology-child,REJECTED,node 24 topology
fixture-16-correct,9,source-original,REJECTED,source binding
fixture-16-correct,9,source-candidate,REJECTED,source binding
fixture-16-correct,9,source-reference,REJECTED,source binding
fixture-16-correct,9,source-repair_guard,REJECTED,source binding
fixture-16-correct,9,root-defined,REJECTED,root binding
fixture-16-correct,9,root-repair,REJECTED,root binding
fixture-16-correct,9,root-preserve,REJECTED,root binding
fixture-16-correct,9,guard-root,REJECTED,root binding
fixture-16-correct,9,role-output,REJECTED,root binding
fixture-16-correct,9,role-defined,REJECTED,root binding
fixture-16-correct,9,trace-site,REJECTED,root binding
fixture-16-correct,9,trace-reachable,REJECTED,root binding
fixture-16-correct,9,trace-guard,REJECTED,root binding
fixture-16-correct,9,vector-length,REJECTED,node 25 vector length
fixture-16-correct,9,vector-type,REJECTED,node 14 sort
fixture-16-correct,9,node-sort,REJECTED,node 21 topology
fixture-16-correct,9,node-id,REJECTED,node 21 topology
fixture-16-correct,9,node-data,REJECTED,node 15 topology
fixture-16-correct,9,node-extra-field,REJECTED,node 25 schema
fixture-16-correct,9,node-missing-field,REJECTED,node 21 schema
fixture-16-correct,9,node-count,REJECTED,node count
fixture-16-correct,9,point-order,REJECTED,request/domain binding
fixture-16-correct,9,point-value,REJECTED,request/domain binding
fixture-16-correct,9,domain-binding,REJECTED,request/domain binding
fixture-16-correct,9,request-id,REJECTED,request/domain binding
fixture-16-correct,9,extra-top-field,REJECTED,certificate schema
fixture-16-correct,9,certificate-digest,REJECTED,certificate digest
fixture-17-correct,0,vector,REJECTED,node 4 cell 17 mismatch
fixture-17-correct,0,topology-op,REJECTED,node 25 topology
fixture-17-correct,0,topology-child,REJECTED,node 25 topology
fixture-17-correct,0,source-original,REJECTED,source binding
fixture-17-correct,0,source-candidate,REJECTED,source binding
fixture-17-correct,0,source-reference,REJECTED,source binding
fixture-17-correct,0,source-repair_guard,REJECTED,source binding
fixture-17-correct,0,root-defined,REJECTED,root binding
fixture-17-correct,0,root-repair,REJECTED,root binding
fixture-17-correct,0,root-preserve,REJECTED,root binding
fixture-17-correct,0,guard-root,REJECTED,root binding
fixture-17-correct,0,role-output,REJECTED,root binding
fixture-17-correct,0,role-defined,REJECTED,root binding
fixture-17-correct,0,trace-site,REJECTED,root binding
fixture-17-correct,0,trace-reachable,REJECTED,root binding
fixture-17-correct,0,trace-guard,REJECTED,root binding
fixture-17-correct,0,vector-length,REJECTED,node 17 vector length
fixture-17-correct,0,vector-type,REJECTED,node 32 sort
fixture-17-correct,0,node-sort,REJECTED,node 19 topology
fixture-17-correct,0,node-id,REJECTED,node 19 topology
fixture-17-correct,0,node-data,REJECTED,node 29 topology
fixture-17-correct,0,node-extra-field,REJECTED,node 17 schema
fixture-17-correct,0,node-missing-field,REJECTED,node 19 schema
fixture-17-correct,0,node-count,REJECTED,node count
fixture-17-correct,0,point-order,REJECTED,request/domain binding
fixture-17-correct,0,point-value,REJECTED,request/domain binding
fixture-17-correct,0,domain-binding,REJECTED,request/domain binding
fixture-17-correct,0,request-id,REJECTED,request/domain binding
fixture-17-correct,0,extra-top-field,REJECTED,certificate schema
fixture-17-correct,0,certificate-digest,REJECTED,certificate digest
fixture-17-correct,1,vector,REJECTED,node 22 cell 33 mismatch
fixture-17-correct,1,topology-op,REJECTED,node 36 topology
fixture-17-correct,1,topology-child,REJECTED,node 36 topology
fixture-17-correct,1,source-original,REJECTED,source binding
fixture-17-correct,1,source-candidate,REJECTED,source binding
fixture-17-correct,1,source-reference,REJECTED,source binding
fixture-17-correct,1,source-repair_guard,REJECTED,source binding
fixture-17-correct,1,root-defined,REJECTED,root binding
fixture-17-correct,1,root-repair,REJECTED,root binding
fixture-17-correct,1,root-preserve,REJECTED,root binding
fixture-17-correct,1,guard-root,REJECTED,root binding
fixture-17-correct,1,role-output,REJECTED,root binding
fixture-17-correct,1,role-defined,REJECTED,root binding
fixture-17-correct,1,trace-site,REJECTED,root binding
fixture-17-correct,1,trace-reachable,REJECTED,root binding
fixture-17-correct,1,trace-guard,REJECTED,root binding
fixture-17-correct,1,vector-length,REJECTED,node 0 vector length
fixture-17-correct,1,vector-type,REJECTED,node 37 sort
fixture-17-correct,1,node-sort,REJECTED,node 8 topology
fixture-17-correct,1,node-id,REJECTED,node 8 topology
fixture-17-correct,1,node-data,REJECTED,node 6 topology
fixture-17-correct,1,node-extra-field,REJECTED,node 0 schema
fixture-17-correct,1,node-missing-field,REJECTED,node 8 schema
fixture-17-correct,1,node-count,REJECTED,node count
fixture-17-correct,1,point-order,REJECTED,request/domain binding
fixture-17-correct,1,point-value,REJECTED,request/domain binding
fixture-17-correct,1,domain-binding,REJECTED,request/domain binding
fixture-17-correct,1,request-id,REJECTED,request/domain binding
fixture-17-correct,1,extra-top-field,REJECTED,certificate schema
fixture-17-correct,1,certificate-digest,REJECTED,certificate digest
fixture-17-correct,2,vector,REJECTED,node 3 cell 49 mismatch
fixture-17-correct,2,topology-op,REJECTED,node 16 topology
fixture-17-correct,2,topology-child,REJECTED,node 16 topology
fixture-17-correct,2,source-original,REJECTED,source binding
fixture-17-correct,2,source-candidate,REJECTED,source binding
fixture-17-correct,2,source-reference,REJECTED,source binding
fixture-17-correct,2,source-repair_guard,REJECTED,source binding
fixture-17-correct,2,root-defined,REJECTED,root binding
fixture-17-correct,2,root-repair,REJECTED,root binding
fixture-17-correct,2,root-preserve,REJECTED,root binding
fixture-17-correct,2,guard-root,REJECTED,root binding
fixture-17-correct,2,role-output,REJECTED,root binding
fixture-17-correct,2,role-defined,REJECTED,root binding
fixture-17-correct,2,trace-site,REJECTED,root binding
fixture-17-correct,2,trace-reachable,REJECTED,root binding
fixture-17-correct,2,trace-guard,REJECTED,root binding
fixture-17-correct,2,vector-length,REJECTED,node 21 vector length
fixture-17-correct,2,vector-type,REJECTED,node 12 sort
fixture-17-correct,2,node-sort,REJECTED,node 33 topology
fixture-17-correct,2,node-id,REJECTED,node 33 topology
fixture-17-correct,2,node-data,REJECTED,node 4 topology
fixture-17-correct,2,node-extra-field,REJECTED,node 21 schema
fixture-17-correct,2,node-missing-field,REJECTED,node 33 schema
fixture-17-correct,2,node-count,REJECTED,node count
fixture-17-correct,2,point-order,REJECTED,request/domain binding
fixture-17-correct,2,point-value,REJECTED,request/domain binding
fixture-17-correct,2,domain-binding,REJECTED,request/domain binding
fixture-17-correct,2,request-id,REJECTED,request/domain binding
fixture-17-correct,2,extra-top-field,REJECTED,certificate schema
fixture-17-correct,2,certificate-digest,REJECTED,certificate digest
fixture-17-correct,3,vector,REJECTED,node 17 cell 65 mismatch
fixture-17-correct,3,topology-op,REJECTED,node 26 topology
fixture-17-correct,3,topology-child,REJECTED,node 26 topology
fixture-17-correct,3,source-original,REJECTED,source binding
fixture-17-correct,3,source-candidate,REJECTED,source binding
fixture-17-correct,3,source-reference,REJECTED,source binding
fixture-17-correct,3,source-repair_guard,REJECTED,source binding
fixture-17-correct,3,root-defined,REJECTED,root binding
fixture-17-correct,3,root-repair,REJECTED,root binding
fixture-17-correct,3,root-preserve,REJECTED,root binding
fixture-17-correct,3,guard-root,REJECTED,root binding
fixture-17-correct,3,role-output,REJECTED,root binding
fixture-17-correct,3,role-defined,REJECTED,root binding
fixture-17-correct,3,trace-site,REJECTED,root binding
fixture-17-correct,3,trace-reachable,REJECTED,root binding
fixture-17-correct,3,trace-guard,REJECTED,root binding
fixture-17-correct,3,vector-length,REJECTED,node 4 vector length
fixture-17-correct,3,vector-type,REJECTED,node 18 sort
fixture-17-correct,3,node-sort,REJECTED,node 22 topology
fixture-17-correct,3,node-id,REJECTED,node 22 topology
fixture-17-correct,3,node-data,REJECTED,node 2 topology
fixture-17-correct,3,node-extra-field,REJECTED,node 4 schema
fixture-17-correct,3,node-missing-field,REJECTED,node 22 schema
fixture-17-correct,3,node-count,REJECTED,node count
fixture-17-correct,3,point-order,REJECTED,request/domain binding
fixture-17-correct,3,point-value,REJECTED,request/domain binding
fixture-17-correct,3,domain-binding,REJECTED,request/domain binding
fixture-17-correct,3,request-id,REJECTED,request/domain binding
fixture-17-correct,3,extra-top-field,REJECTED,certificate schema
fixture-17-correct,3,certificate-digest,REJECTED,certificate digest
fixture-17-correct,4,vector,REJECTED,node 2 cell 0 mismatch
fixture-17-correct,4,topology-op,REJECTED,node 37 topology
fixture-17-correct,4,topology-child,REJECTED,node 37 topology
fixture-17-correct,4,source-original,REJECTED,source binding
fixture-17-correct,4,source-candidate,REJECTED,source binding
fixture-17-correct,4,source-reference,REJECTED,source binding
fixture-17-correct,4,source-repair_guard,REJECTED,source binding
fixture-17-correct,4,root-defined,REJECTED,root binding
fixture-17-correct,4,root-repair,REJECTED,root binding
fixture-17-correct,4,root-preserve,REJECTED,root binding
fixture-17-correct,4,guard-root,REJECTED,root binding
fixture-17-correct,4,role-output,REJECTED,root binding
fixture-17-correct,4,role-defined,REJECTED,root binding
fixture-17-correct,4,trace-site,REJECTED,root binding
fixture-17-correct,4,trace-reachable,REJECTED,root binding
fixture-17-correct,4,trace-guard,REJECTED,root binding
fixture-17-correct,4,vector-length,REJECTED,node 25 vector length
fixture-17-correct,4,vector-type,REJECTED,node 24 sort
fixture-17-correct,4,node-sort,REJECTED,node 11 topology
fixture-17-correct,4,node-id,REJECTED,node 11 topology
fixture-17-correct,4,node-data,REJECTED,node 0 topology
fixture-17-correct,4,node-extra-field,REJECTED,node 25 schema
fixture-17-correct,4,node-missing-field,REJECTED,node 11 schema
fixture-17-correct,4,node-count,REJECTED,node count
fixture-17-correct,4,point-order,REJECTED,request/domain binding
fixture-17-correct,4,point-value,REJECTED,request/domain binding
fixture-17-correct,4,domain-binding,REJECTED,request/domain binding
fixture-17-correct,4,request-id,REJECTED,request/domain binding
fixture-17-correct,4,extra-top-field,REJECTED,certificate schema
fixture-17-correct,4,certificate-digest,REJECTED,certificate digest
fixture-17-correct,5,vector,REJECTED,node 10 cell 16 mismatch
fixture-17-correct,5,topology-op,REJECTED,node 17 topology
fixture-17-correct,5,topology-child,REJECTED,node 17 topology
fixture-17-correct,5,source-original,REJECTED,source binding
fixture-17-correct,5,source-candidate,REJECTED,source binding
fixture-17-correct,5,source-reference,REJECTED,source binding
fixture-17-correct,5,source-repair_guard,REJECTED,source binding
fixture-17-correct,5,root-defined,REJECTED,root binding
fixture-17-correct,5,root-repair,REJECTED,root binding
fixture-17-correct,5,root-preserve,REJECTED,root binding
fixture-17-correct,5,guard-root,REJECTED,root binding
fixture-17-correct,5,role-output,REJECTED,root binding
fixture-17-correct,5,role-defined,REJECTED,root binding
fixture-17-correct,5,trace-site,REJECTED,root binding
fixture-17-correct,5,trace-reachable,REJECTED,root binding
fixture-17-correct,5,trace-guard,REJECTED,root binding
fixture-17-correct,5,vector-length,REJECTED,node 8 vector length
fixture-17-correct,5,vector-type,REJECTED,node 34 sort
fixture-17-correct,5,node-sort,REJECTED,node 36 topology
fixture-17-correct,5,node-id,REJECTED,node 36 topology
fixture-17-correct,5,node-data,REJECTED,node 8 topology
fixture-17-correct,5,node-extra-field,REJECTED,node 8 schema
fixture-17-correct,5,node-missing-field,REJECTED,node 36 schema
fixture-17-correct,5,node-count,REJECTED,node count
fixture-17-correct,5,point-order,REJECTED,request/domain binding
fixture-17-correct,5,point-value,REJECTED,request/domain binding
fixture-17-correct,5,domain-binding,REJECTED,request/domain binding
fixture-17-correct,5,request-id,REJECTED,request/domain binding
fixture-17-correct,5,extra-top-field,REJECTED,certificate schema
fixture-17-correct,5,certificate-digest,REJECTED,certificate digest
fixture-17-correct,6,vector,REJECTED,node 31 cell 32 mismatch
fixture-17-correct,6,topology-op,REJECTED,node 27 topology
fixture-17-correct,6,topology-child,REJECTED,node 27 topology
fixture-17-correct,6,source-original,REJECTED,source binding
fixture-17-correct,6,source-candidate,REJECTED,source binding
fixture-17-correct,6,source-reference,REJECTED,source binding
fixture-17-correct,6,source-repair_guard,REJECTED,source binding
fixture-17-correct,6,root-defined,REJECTED,root binding
fixture-17-correct,6,root-repair,REJECTED,root binding
fixture-17-correct,6,root-preserve,REJECTED,root binding
fixture-17-correct,6,guard-root,REJECTED,root binding
fixture-17-correct,6,role-output,REJECTED,root binding
fixture-17-correct,6,role-defined,REJECTED,root binding
fixture-17-correct,6,trace-site,REJECTED,root binding
fixture-17-correct,6,trace-reachable,REJECTED,root binding
fixture-17-correct,6,trace-guard,REJECTED,root binding
fixture-17-correct,6,vector-length,REJECTED,node 29 vector length
fixture-17-correct,6,vector-type,REJECTED,node 1 sort
fixture-17-correct,6,node-sort,REJECTED,node 25 topology
fixture-17-correct,6,node-id,REJECTED,node 25 topology
fixture-17-correct,6,node-data,REJECTED,node 5 topology
fixture-17-correct,6,node-extra-field,REJECTED,node 29 schema
fixture-17-correct,6,node-missing-field,REJECTED,node 25 schema
fixture-17-correct,6,node-count,REJECTED,node count
fixture-17-correct,6,point-order,REJECTED,request/domain binding
fixture-17-correct,6,point-value,REJECTED,request/domain binding
fixture-17-correct,6,domain-binding,REJECTED,request/domain binding
fixture-17-correct,6,request-id,REJECTED,request/domain binding
fixture-17-correct,6,extra-top-field,REJECTED,certificate schema
fixture-17-correct,6,certificate-digest,REJECTED,certificate digest
fixture-17-correct,7,vector,REJECTED,node 8 cell 48 mismatch
fixture-17-correct,7,topology-op,REJECTED,node 7 topology
fixture-17-correct,7,topology-child,REJECTED,node 7 topology
fixture-17-correct,7,source-original,REJECTED,source binding
fixture-17-correct,7,source-candidate,REJECTED,source binding
fixture-17-correct,7,source-reference,REJECTED,source binding
fixture-17-correct,7,source-repair_guard,REJECTED,source binding
fixture-17-correct,7,root-defined,REJECTED,root binding
fixture-17-correct,7,root-repair,REJECTED,root binding
fixture-17-correct,7,root-preserve,REJECTED,root binding
fixture-17-correct,7,guard-root,REJECTED,root binding
fixture-17-correct,7,role-output,REJECTED,root binding
fixture-17-correct,7,role-defined,REJECTED,root binding
fixture-17-correct,7,trace-site,REJECTED,root binding
fixture-17-correct,7,trace-reachable,REJECTED,root binding
fixture-17-correct,7,trace-guard,REJECTED,root binding
fixture-17-correct,7,vector-length,REJECTED,node 12 vector length
fixture-17-correct,7,vector-type,REJECTED,node 14 sort
fixture-17-correct,7,node-sort,REJECTED,node 14 topology
fixture-17-correct,7,node-id,REJECTED,node 14 topology
fixture-17-correct,7,node-data,REJECTED,node 3 topology
fixture-17-correct,7,node-extra-field,REJECTED,node 12 schema
fixture-17-correct,7,node-missing-field,REJECTED,node 14 schema
fixture-17-correct,7,node-count,REJECTED,node count
fixture-17-correct,7,point-order,REJECTED,request/domain binding
fixture-17-correct,7,point-value,REJECTED,request/domain binding
fixture-17-correct,7,domain-binding,REJECTED,request/domain binding
fixture-17-correct,7,request-id,REJECTED,request/domain binding
fixture-17-correct,7,extra-top-field,REJECTED,certificate schema
fixture-17-correct,7,certificate-digest,REJECTED,certificate digest
fixture-17-correct,8,vector,REJECTED,node 30 cell 64 mismatch
fixture-17-correct,8,topology-op,REJECTED,node 18 topology
fixture-17-correct,8,topology-child,REJECTED,node 18 topology
fixture-17-correct,8,source-original,REJECTED,source binding
fixture-17-correct,8,source-candidate,REJECTED,source binding
fixture-17-correct,8,source-reference,REJECTED,source binding
fixture-17-correct,8,source-repair_guard,REJECTED,source binding
fixture-17-correct,8,root-defined,REJECTED,root binding
fixture-17-correct,8,root-repair,REJECTED,root binding
fixture-17-correct,8,root-preserve,REJECTED,root binding
fixture-17-correct,8,guard-root,REJECTED,root binding
fixture-17-correct,8,role-output,REJECTED,root binding
fixture-17-correct,8,role-defined,REJECTED,root binding
fixture-17-correct,8,trace-site,REJECTED,root binding
fixture-17-correct,8,trace-reachable,REJECTED,root binding
fixture-17-correct,8,trace-guard,REJECTED,root binding
fixture-17-correct,8,vector-length,REJECTED,node 33 vector length
fixture-17-correct,8,vector-type,REJECTED,node 20 sort
fixture-17-correct,8,node-sort,REJECTED,node 3 topology
fixture-17-correct,8,node-id,REJECTED,node 3 topology
fixture-17-correct,8,node-data,REJECTED,node 1 topology
fixture-17-correct,8,node-extra-field,REJECTED,node 33 schema
fixture-17-correct,8,node-missing-field,REJECTED,node 3 schema
fixture-17-correct,8,node-count,REJECTED,node count
fixture-17-correct,8,point-order,REJECTED,request/domain binding
fixture-17-correct,8,point-value,REJECTED,request/domain binding
fixture-17-correct,8,domain-binding,REJECTED,request/domain binding
fixture-17-correct,8,request-id,REJECTED,request/domain binding
fixture-17-correct,8,extra-top-field,REJECTED,certificate schema
fixture-17-correct,8,certificate-digest,REJECTED,certificate digest
fixture-17-correct,9,vector,REJECTED,node 7 cell 80 mismatch
fixture-17-correct,9,topology-op,REJECTED,node 28 topology
fixture-17-correct,9,topology-child,REJECTED,node 28 topology
fixture-17-correct,9,source-original,REJECTED,source binding
fixture-17-correct,9,source-candidate,REJECTED,source binding
fixture-17-correct,9,source-reference,REJECTED,source binding
fixture-17-correct,9,source-repair_guard,REJECTED,source binding
fixture-17-correct,9,root-defined,REJECTED,root binding
fixture-17-correct,9,root-repair,REJECTED,root binding
fixture-17-correct,9,root-preserve,REJECTED,root binding
fixture-17-correct,9,guard-root,REJECTED,root binding
fixture-17-correct,9,role-output,REJECTED,root binding
fixture-17-correct,9,role-defined,REJECTED,root binding
fixture-17-correct,9,trace-site,REJECTED,root binding
fixture-17-correct,9,trace-reachable,REJECTED,root binding
fixture-17-correct,9,trace-guard,REJECTED,root binding
fixture-17-correct,9,vector-length,REJECTED,node 16 vector length
fixture-17-correct,9,vector-type,REJECTED,node 28 sort
fixture-17-correct,9,node-sort,REJECTED,node 28 topology
fixture-17-correct,9,node-id,REJECTED,node 28 topology
fixture-17-correct,9,node-data,REJECTED,node 29 topology
fixture-17-correct,9,node-extra-field,REJECTED,node 16 schema
fixture-17-correct,9,node-missing-field,REJECTED,node 28 schema
fixture-17-correct,9,node-count,REJECTED,node count
fixture-17-correct,9,point-order,REJECTED,request/domain binding
fixture-17-correct,9,point-value,REJECTED,request/domain binding
fixture-17-correct,9,domain-binding,REJECTED,request/domain binding
fixture-17-correct,9,request-id,REJECTED,request/domain binding
fixture-17-correct,9,extra-top-field,REJECTED,certificate schema
fixture-17-correct,9,certificate-digest,REJECTED,certificate digest
fixture-18-correct,0,vector,REJECTED,node 3 cell 18 mismatch
fixture-18-correct,0,topology-op,REJECTED,node 27 topology
fixture-18-correct,0,topology-child,REJECTED,node 27 topology
fixture-18-correct,0,source-original,REJECTED,source binding
fixture-18-correct,0,source-candidate,REJECTED,source binding
fixture-18-correct,0,source-reference,REJECTED,source binding
fixture-18-correct,0,source-repair_guard,REJECTED,source binding
fixture-18-correct,0,root-defined,REJECTED,root binding
fixture-18-correct,0,root-repair,REJECTED,root binding
fixture-18-correct,0,root-preserve,REJECTED,root binding
fixture-18-correct,0,guard-root,REJECTED,root binding
fixture-18-correct,0,role-output,REJECTED,root binding
fixture-18-correct,0,role-defined,REJECTED,root binding
fixture-18-correct,0,trace-site,REJECTED,root binding
fixture-18-correct,0,trace-reachable,REJECTED,root binding
fixture-18-correct,0,trace-guard,REJECTED,root binding
fixture-18-correct,0,vector-length,REJECTED,node 18 vector length
fixture-18-correct,0,vector-type,REJECTED,node 13 sort
fixture-18-correct,0,node-sort,REJECTED,node 20 topology
fixture-18-correct,0,node-id,REJECTED,node 20 topology
fixture-18-correct,0,node-data,REJECTED,node 0 topology
fixture-18-correct,0,node-extra-field,REJECTED,node 18 schema
fixture-18-correct,0,node-missing-field,REJECTED,node 20 schema
fixture-18-correct,0,node-count,REJECTED,node count
fixture-18-correct,0,point-order,REJECTED,request/domain binding
fixture-18-correct,0,point-value,REJECTED,request/domain binding
fixture-18-correct,0,domain-binding,REJECTED,request/domain binding
fixture-18-correct,0,request-id,REJECTED,request/domain binding
fixture-18-correct,0,extra-top-field,REJECTED,certificate schema
fixture-18-correct,0,certificate-digest,REJECTED,certificate digest
fixture-18-correct,1,vector,REJECTED,node 23 cell 34 mismatch
fixture-18-correct,1,topology-op,REJECTED,node 24 topology
fixture-18-correct,1,topology-child,REJECTED,node 24 topology
fixture-18-correct,1,source-original,REJECTED,source binding
fixture-18-correct,1,source-candidate,REJECTED,source binding
fixture-18-correct,1,source-reference,REJECTED,source binding
fixture-18-correct,1,source-repair_guard,REJECTED,source binding
fixture-18-correct,1,root-defined,REJECTED,root binding
fixture-18-correct,1,root-repair,REJECTED,root binding
fixture-18-correct,1,root-preserve,REJECTED,root binding
fixture-18-correct,1,guard-root,REJECTED,root binding
fixture-18-correct,1,role-output,REJECTED,root binding
fixture-18-correct,1,role-defined,REJECTED,root binding
fixture-18-correct,1,trace-site,REJECTED,root binding
fixture-18-correct,1,trace-reachable,REJECTED,root binding
fixture-18-correct,1,trace-guard,REJECTED,root binding
fixture-18-correct,1,vector-length,REJECTED,node 28 vector length
fixture-18-correct,1,vector-type,REJECTED,node 17 sort
fixture-18-correct,1,node-sort,REJECTED,node 9 topology
fixture-18-correct,1,node-id,REJECTED,node 9 topology
fixture-18-correct,1,node-data,REJECTED,node 10 topology
fixture-18-correct,1,node-extra-field,REJECTED,node 28 schema
fixture-18-correct,1,node-missing-field,REJECTED,node 9 schema
fixture-18-correct,1,node-count,REJECTED,node count
fixture-18-correct,1,point-order,REJECTED,request/domain binding
fixture-18-correct,1,point-value,REJECTED,request/domain binding
fixture-18-correct,1,domain-binding,REJECTED,request/domain binding
fixture-18-correct,1,request-id,REJECTED,request/domain binding
fixture-18-correct,1,extra-top-field,REJECTED,certificate schema
fixture-18-correct,1,certificate-digest,REJECTED,certificate digest
fixture-18-correct,2,vector,REJECTED,node 15 cell 50 mismatch
fixture-18-correct,2,topology-op,REJECTED,node 21 topology
fixture-18-correct,2,topology-child,REJECTED,node 21 topology
fixture-18-correct,2,source-original,REJECTED,source binding
fixture-18-correct,2,source-candidate,REJECTED,source binding
fixture-18-correct,2,source-reference,REJECTED,source binding
fixture-18-correct,2,source-repair_guard,REJECTED,source binding
fixture-18-correct,2,root-defined,REJECTED,root binding
fixture-18-correct,2,root-repair,REJECTED,root binding
fixture-18-correct,2,root-preserve,REJECTED,root binding
fixture-18-correct,2,guard-root,REJECTED,root binding
fixture-18-correct,2,role-output,REJECTED,root binding
fixture-18-correct,2,role-defined,REJECTED,root binding
fixture-18-correct,2,trace-site,REJECTED,root binding
fixture-18-correct,2,trace-reachable,REJECTED,root binding
fixture-18-correct,2,trace-guard,REJECTED,root binding
fixture-18-correct,2,vector-length,REJECTED,node 9 vector length
fixture-18-correct,2,vector-type,REJECTED,node 20 sort
fixture-18-correct,2,node-sort,REJECTED,node 25 topology
fixture-18-correct,2,node-id,REJECTED,node 25 topology
fixture-18-correct,2,node-data,REJECTED,node 5 topology
fixture-18-correct,2,node-extra-field,REJECTED,node 9 schema
fixture-18-correct,2,node-missing-field,REJECTED,node 25 schema
fixture-18-correct,2,node-count,REJECTED,node count
fixture-18-correct,2,point-order,REJECTED,request/domain binding
fixture-18-correct,2,point-value,REJECTED,request/domain binding
fixture-18-correct,2,domain-binding,REJECTED,request/domain binding
fixture-18-correct,2,request-id,REJECTED,request/domain binding
fixture-18-correct,2,extra-top-field,REJECTED,certificate schema
fixture-18-correct,2,certificate-digest,REJECTED,certificate digest
fixture-18-correct,3,vector,REJECTED,node 5 cell 66 mismatch
fixture-18-correct,3,topology-op,REJECTED,node 18 topology
fixture-18-correct,3,topology-child,REJECTED,node 18 topology
fixture-18-correct,3,source-original,REJECTED,source binding
fixture-18-correct,3,source-candidate,REJECTED,source binding
fixture-18-correct,3,source-reference,REJECTED,source binding
fixture-18-correct,3,source-repair_guard,REJECTED,source binding
fixture-18-correct,3,root-defined,REJECTED,root binding
fixture-18-correct,3,root-repair,REJECTED,root binding
fixture-18-correct,3,root-preserve,REJECTED,root binding
fixture-18-correct,3,guard-root,REJECTED,root binding
fixture-18-correct,3,role-output,REJECTED,root binding
fixture-18-correct,3,role-defined,REJECTED,root binding
fixture-18-correct,3,trace-site,REJECTED,root binding
fixture-18-correct,3,trace-reachable,REJECTED,root binding
fixture-18-correct,3,trace-guard,REJECTED,root binding
fixture-18-correct,3,vector-length,REJECTED,node 19 vector length
fixture-18-correct,3,vector-type,REJECTED,node 22 sort
fixture-18-correct,3,node-sort,REJECTED,node 14 topology
fixture-18-correct,3,node-id,REJECTED,node 14 topology
fixture-18-correct,3,node-data,REJECTED,node 3 topology
fixture-18-correct,3,node-extra-field,REJECTED,node 19 schema
fixture-18-correct,3,node-missing-field,REJECTED,node 14 schema
fixture-18-correct,3,node-count,REJECTED,node count
fixture-18-correct,3,point-order,REJECTED,request/domain binding
fixture-18-correct,3,point-value,REJECTED,request/domain binding
fixture-18-correct,3,domain-binding,REJECTED,request/domain binding
fixture-18-correct,3,request-id,REJECTED,request/domain binding
fixture-18-correct,3,extra-top-field,REJECTED,certificate schema
fixture-18-correct,3,certificate-digest,REJECTED,certificate digest
fixture-18-correct,4,vector,REJECTED,node 25 cell 1 mismatch
fixture-18-correct,4,topology-op,REJECTED,node 15 topology
fixture-18-correct,4,topology-child,REJECTED,node 15 topology
fixture-18-correct,4,source-original,REJECTED,source binding
fixture-18-correct,4,source-candidate,REJECTED,source binding
fixture-18-correct,4,source-reference,REJECTED,source binding
fixture-18-correct,4,source-repair_guard,REJECTED,source binding
fixture-18-correct,4,root-defined,REJECTED,root binding
fixture-18-correct,4,root-repair,REJECTED,root binding
fixture-18-correct,4,root-preserve,REJECTED,root binding
fixture-18-correct,4,guard-root,REJECTED,root binding
fixture-18-correct,4,role-output,REJECTED,root binding
fixture-18-correct,4,role-defined,REJECTED,root binding
fixture-18-correct,4,trace-site,REJECTED,root binding
fixture-18-correct,4,trace-reachable,REJECTED,root binding
fixture-18-correct,4,trace-guard,REJECTED,root binding
fixture-18-correct,4,vector-length,REJECTED,node 0 vector length
fixture-18-correct,4,vector-type,REJECTED,node 27 sort
fixture-18-correct,4,node-sort,REJECTED,node 3 topology
fixture-18-correct,4,node-id,REJECTED,node 3 topology
fixture-18-correct,4,node-data,REJECTED,node 1 topology
fixture-18-correct,4,node-extra-field,REJECTED,node 0 schema
fixture-18-correct,4,node-missing-field,REJECTED,node 3 schema
fixture-18-correct,4,node-count,REJECTED,node count
fixture-18-correct,4,point-order,REJECTED,request/domain binding
fixture-18-correct,4,point-value,REJECTED,request/domain binding
fixture-18-correct,4,domain-binding,REJECTED,request/domain binding
fixture-18-correct,4,request-id,REJECTED,request/domain binding
fixture-18-correct,4,extra-top-field,REJECTED,certificate schema
fixture-18-correct,4,certificate-digest,REJECTED,certificate digest
fixture-18-correct,5,vector,REJECTED,node 18 cell 17 mismatch
fixture-18-correct,5,topology-op,REJECTED,node 11 topology
fixture-18-correct,5,topology-child,REJECTED,node 11 topology
fixture-18-correct,5,source-original,REJECTED,source binding
fixture-18-correct,5,source-candidate,REJECTED,source binding
fixture-18-correct,5,source-reference,REJECTED,source binding
fixture-18-correct,5,source-repair_guard,REJECTED,source binding
fixture-18-correct,5,root-defined,REJECTED,root binding
fixture-18-correct,5,root-repair,REJECTED,root binding
fixture-18-correct,5,root-preserve,REJECTED,root binding
fixture-18-correct,5,guard-root,REJECTED,root binding
fixture-18-correct,5,role-output,REJECTED,root binding
fixture-18-correct,5,role-defined,REJECTED,root binding
fixture-18-correct,5,trace-site,REJECTED,root binding
fixture-18-correct,5,trace-reachable,REJECTED,root binding
fixture-18-correct,5,trace-guard,REJECTED,root binding
fixture-18-correct,5,vector-length,REJECTED,node 10 vector length
fixture-18-correct,5,vector-type,REJECTED,node 28 sort
fixture-18-correct,5,node-sort,REJECTED,node 19 topology
fixture-18-correct,5,node-id,REJECTED,node 19 topology
fixture-18-correct,5,node-data,REJECTED,node 14 topology
fixture-18-correct,5,node-extra-field,REJECTED,node 10 schema
fixture-18-correct,5,node-missing-field,REJECTED,node 19 schema
fixture-18-correct,5,node-count,REJECTED,node count
fixture-18-correct,5,point-order,REJECTED,request/domain binding
fixture-18-correct,5,point-value,REJECTED,request/domain binding
fixture-18-correct,5,domain-binding,REJECTED,request/domain binding
fixture-18-correct,5,request-id,REJECTED,request/domain binding
fixture-18-correct,5,extra-top-field,REJECTED,certificate schema
fixture-18-correct,5,certificate-digest,REJECTED,certificate digest
fixture-18-correct,6,vector,REJECTED,node 10 cell 33 mismatch
fixture-18-correct,6,topology-op,REJECTED,node 7 topology
fixture-18-correct,6,topology-child,REJECTED,node 7 topology
fixture-18-correct,6,source-original,REJECTED,source binding
fixture-18-correct,6,source-candidate,REJECTED,source binding
fixture-18-correct,6,source-reference,REJECTED,source binding
fixture-18-correct,6,source-repair_guard,REJECTED,source binding
fixture-18-correct,6,root-defined,REJECTED,root binding
fixture-18-correct,6,root-repair,REJECTED,root binding
fixture-18-correct,6,root-preserve,REJECTED,root binding
fixture-18-correct,6,guard-root,REJECTED,root binding
fixture-18-correct,6,role-output,REJECTED,root binding
fixture-18-correct,6,role-defined,REJECTED,root binding
fixture-18-correct,6,trace-site,REJECTED,root binding
fixture-18-correct,6,trace-reachable,REJECTED,root binding
fixture-18-correct,6,trace-guard,REJECTED,root binding
fixture-18-correct,6,vector-length,REJECTED,node 20 vector length
fixture-18-correct,6,vector-type,REJECTED,node 0 sort
fixture-18-correct,6,node-sort,REJECTED,node 8 topology
fixture-18-correct,6,node-id,REJECTED,node 8 topology
fixture-18-correct,6,node-data,REJECTED,node 6 topology
fixture-18-correct,6,node-extra-field,REJECTED,node 20 schema
fixture-18-correct,6,node-missing-field,REJECTED,node 8 schema
fixture-18-correct,6,node-count,REJECTED,node count
fixture-18-correct,6,point-order,REJECTED,request/domain binding
fixture-18-correct,6,point-value,REJECTED,request/domain binding
fixture-18-correct,6,domain-binding,REJECTED,request/domain binding
fixture-18-correct,6,request-id,REJECTED,request/domain binding
fixture-18-correct,6,extra-top-field,REJECTED,certificate schema
fixture-18-correct,6,certificate-digest,REJECTED,certificate digest
fixture-18-correct,7,vector,REJECTED,node 2 cell 49 mismatch
fixture-18-correct,7,topology-op,REJECTED,node 26 topology
fixture-18-correct,7,topology-child,REJECTED,node 26 topology
fixture-18-correct,7,source-original,REJECTED,source binding
fixture-18-correct,7,source-candidate,REJECTED,source binding
fixture-18-correct,7,source-reference,REJECTED,source binding
fixture-18-correct,7,source-repair_guard,REJECTED,source binding
fixture-18-correct,7,root-defined,REJECTED,root binding
fixture-18-correct,7,root-repair,REJECTED,root binding
fixture-18-correct,7,root-preserve,REJECTED,root binding
fixture-18-correct,7,guard-root,REJECTED,root binding
fixture-18-correct,7,role-output,REJECTED,root binding
fixture-18-correct,7,role-defined,REJECTED,root binding
fixture-18-correct,7,trace-site,REJECTED,root binding
fixture-18-correct,7,trace-reachable,REJECTED,root binding
fixture-18-correct,7,trace-guard,REJECTED,root binding
fixture-18-correct,7,vector-length,REJECTED,node 1 vector length
fixture-18-correct,7,vector-type,REJECTED,node 1 sort
fixture-18-correct,7,node-sort,REJECTED,node 24 topology
fixture-18-correct,7,node-id,REJECTED,node 24 topology
fixture-18-correct,7,node-data,REJECTED,node 4 topology
fixture-18-correct,7,node-extra-field,REJECTED,node 1 schema
fixture-18-correct,7,node-missing-field,REJECTED,node 24 schema
fixture-18-correct,7,node-count,REJECTED,node count
fixture-18-correct,7,point-order,REJECTED,request/domain binding
fixture-18-correct,7,point-value,REJECTED,request/domain binding
fixture-18-correct,7,domain-binding,REJECTED,request/domain binding
fixture-18-correct,7,request-id,REJECTED,request/domain binding
fixture-18-correct,7,extra-top-field,REJECTED,certificate schema
fixture-18-correct,7,certificate-digest,REJECTED,certificate digest
fixture-18-correct,8,vector,REJECTED,node 21 cell 65 mismatch
fixture-18-correct,8,topology-op,REJECTED,node 23 topology
fixture-18-correct,8,topology-child,REJECTED,node 23 topology
fixture-18-correct,8,source-original,REJECTED,source binding
fixture-18-correct,8,source-candidate,REJECTED,source binding
fixture-18-correct,8,source-reference,REJECTED,source binding
fixture-18-correct,8,source-repair_guard,REJECTED,source binding
fixture-18-correct,8,root-defined,REJECTED,root binding
fixture-18-correct,8,root-repair,REJECTED,root binding
fixture-18-correct,8,root-preserve,REJECTED,root binding
fixture-18-correct,8,guard-root,REJECTED,root binding
fixture-18-correct,8,role-output,REJECTED,root binding
fixture-18-correct,8,role-defined,REJECTED,root binding
fixture-18-correct,8,trace-site,REJECTED,root binding
fixture-18-correct,8,trace-reachable,REJECTED,root binding
fixture-18-correct,8,trace-guard,REJECTED,root binding
fixture-18-correct,8,vector-length,REJECTED,node 11 vector length
fixture-18-correct,8,vector-type,REJECTED,node 7 sort
fixture-18-correct,8,node-sort,REJECTED,node 13 topology
fixture-18-correct,8,node-id,REJECTED,node 13 topology
fixture-18-correct,8,node-data,REJECTED,node 2 topology
fixture-18-correct,8,node-extra-field,REJECTED,node 11 schema
fixture-18-correct,8,node-missing-field,REJECTED,node 13 schema
fixture-18-correct,8,node-count,REJECTED,node count
fixture-18-correct,8,point-order,REJECTED,request/domain binding
fixture-18-correct,8,point-value,REJECTED,request/domain binding
fixture-18-correct,8,domain-binding,REJECTED,request/domain binding
fixture-18-correct,8,request-id,REJECTED,request/domain binding
fixture-18-correct,8,extra-top-field,REJECTED,certificate schema
fixture-18-correct,8,certificate-digest,REJECTED,certificate digest
fixture-18-correct,9,vector,REJECTED,node 14 cell 0 mismatch
fixture-18-correct,9,topology-op,REJECTED,node 20 topology
fixture-18-correct,9,topology-child,REJECTED,node 20 topology
fixture-18-correct,9,source-original,REJECTED,source binding
fixture-18-correct,9,source-candidate,REJECTED,source binding
fixture-18-correct,9,source-reference,REJECTED,source binding
fixture-18-correct,9,source-repair_guard,REJECTED,source binding
fixture-18-correct,9,root-defined,REJECTED,root binding
fixture-18-correct,9,root-repair,REJECTED,root binding
fixture-18-correct,9,root-preserve,REJECTED,root binding
fixture-18-correct,9,guard-root,REJECTED,root binding
fixture-18-correct,9,role-output,REJECTED,root binding
fixture-18-correct,9,role-defined,REJECTED,root binding
fixture-18-correct,9,trace-site,REJECTED,root binding
fixture-18-correct,9,trace-reachable,REJECTED,root binding
fixture-18-correct,9,trace-guard,REJECTED,root binding
fixture-18-correct,9,vector-length,REJECTED,node 21 vector length
fixture-18-correct,9,vector-type,REJECTED,node 8 sort
fixture-18-correct,9,node-sort,REJECTED,node 2 topology
fixture-18-correct,9,node-id,REJECTED,node 2 topology
fixture-18-correct,9,node-data,REJECTED,node 0 topology
fixture-18-correct,9,node-extra-field,REJECTED,node 21 schema
fixture-18-correct,9,node-missing-field,REJECTED,node 2 schema
fixture-18-correct,9,node-count,REJECTED,node count
fixture-18-correct,9,point-order,REJECTED,request/domain binding
fixture-18-correct,9,point-value,REJECTED,request/domain binding
fixture-18-correct,9,domain-binding,REJECTED,request/domain binding
fixture-18-correct,9,request-id,REJECTED,request/domain binding
fixture-18-correct,9,extra-top-field,REJECTED,certificate schema
fixture-18-correct,9,certificate-digest,REJECTED,certificate digest
fixture-19-correct,0,vector,REJECTED,node 7 cell 19 mismatch
fixture-19-correct,0,topology-op,REJECTED,node 14 topology
fixture-19-correct,0,topology-child,REJECTED,node 14 topology
fixture-19-correct,0,source-original,REJECTED,source binding
fixture-19-correct,0,source-candidate,REJECTED,source binding
fixture-19-correct,0,source-reference,REJECTED,source binding
fixture-19-correct,0,source-repair_guard,REJECTED,source binding
fixture-19-correct,0,root-defined,REJECTED,root binding
fixture-19-correct,0,root-repair,REJECTED,root binding
fixture-19-correct,0,root-preserve,REJECTED,root binding
fixture-19-correct,0,guard-root,REJECTED,root binding
fixture-19-correct,0,role-output,REJECTED,root binding
fixture-19-correct,0,role-defined,REJECTED,root binding
fixture-19-correct,0,trace-site,REJECTED,root binding
fixture-19-correct,0,trace-reachable,REJECTED,root binding
fixture-19-correct,0,trace-guard,REJECTED,root binding
fixture-19-correct,0,vector-length,REJECTED,node 19 vector length
fixture-19-correct,0,vector-type,REJECTED,node 11 sort
fixture-19-correct,0,node-sort,REJECTED,node 21 topology
fixture-19-correct,0,node-id,REJECTED,node 21 topology
fixture-19-correct,0,node-data,REJECTED,node 1 topology
fixture-19-correct,0,node-extra-field,REJECTED,node 19 schema
fixture-19-correct,0,node-missing-field,REJECTED,node 21 schema
fixture-19-correct,0,node-count,REJECTED,node count
fixture-19-correct,0,point-order,REJECTED,request/domain binding
fixture-19-correct,0,point-value,REJECTED,request/domain binding
fixture-19-correct,0,domain-binding,REJECTED,request/domain binding
fixture-19-correct,0,request-id,REJECTED,request/domain binding
fixture-19-correct,0,extra-top-field,REJECTED,certificate schema
fixture-19-correct,0,certificate-digest,REJECTED,certificate digest
fixture-19-correct,1,vector,REJECTED,node 6 cell 35 mismatch
fixture-19-correct,1,topology-op,REJECTED,node 21 topology
fixture-19-correct,1,topology-child,REJECTED,node 21 topology
fixture-19-correct,1,source-original,REJECTED,source binding
fixture-19-correct,1,source-candidate,REJECTED,source binding
fixture-19-correct,1,source-reference,REJECTED,source binding
fixture-19-correct,1,source-repair_guard,REJECTED,source binding
fixture-19-correct,1,root-defined,REJECTED,root binding
fixture-19-correct,1,root-repair,REJECTED,root binding
fixture-19-correct,1,root-preserve,REJECTED,root binding
fixture-19-correct,1,guard-root,REJECTED,root binding
fixture-19-correct,1,role-output,REJECTED,root binding
fixture-19-correct,1,role-defined,REJECTED,root binding
fixture-19-correct,1,trace-site,REJECTED,root binding
fixture-19-correct,1,trace-reachable,REJECTED,root binding
fixture-19-correct,1,trace-guard,REJECTED,root binding
fixture-19-correct,1,vector-length,REJECTED,node 6 vector length
fixture-19-correct,1,vector-type,REJECTED,node 13 sort
fixture-19-correct,1,node-sort,REJECTED,node 18 topology
fixture-19-correct,1,node-id,REJECTED,node 18 topology
fixture-19-correct,1,node-data,REJECTED,node 16 topology
fixture-19-correct,1,node-extra-field,REJECTED,node 6 schema
fixture-19-correct,1,node-missing-field,REJECTED,node 18 schema
fixture-19-correct,1,node-count,REJECTED,node count
fixture-19-correct,1,point-order,REJECTED,request/domain binding
fixture-19-correct,1,point-value,REJECTED,request/domain binding
fixture-19-correct,1,domain-binding,REJECTED,request/domain binding
fixture-19-correct,1,request-id,REJECTED,request/domain binding
fixture-19-correct,1,extra-top-field,REJECTED,certificate schema
fixture-19-correct,1,certificate-digest,REJECTED,certificate digest
fixture-19-correct,2,vector,REJECTED,node 5 cell 51 mismatch
fixture-19-correct,2,topology-op,REJECTED,node 13 topology
fixture-19-correct,2,topology-child,REJECTED,node 13 topology
fixture-19-correct,2,source-original,REJECTED,source binding
fixture-19-correct,2,source-candidate,REJECTED,source binding
fixture-19-correct,2,source-reference,REJECTED,source binding
fixture-19-correct,2,source-repair_guard,REJECTED,source binding
fixture-19-correct,2,root-defined,REJECTED,root binding
fixture-19-correct,2,root-repair,REJECTED,root binding
fixture-19-correct,2,root-preserve,REJECTED,root binding
fixture-19-correct,2,guard-root,REJECTED,root binding
fixture-19-correct,2,role-output,REJECTED,root binding
fixture-19-correct,2,role-defined,REJECTED,root binding
fixture-19-correct,2,trace-site,REJECTED,root binding
fixture-19-correct,2,trace-reachable,REJECTED,root binding
fixture-19-correct,2,trace-guard,REJECTED,root binding
fixture-19-correct,2,vector-length,REJECTED,node 15 vector length
fixture-19-correct,2,vector-type,REJECTED,node 15 sort
fixture-19-correct,2,node-sort,REJECTED,node 15 topology
fixture-19-correct,2,node-id,REJECTED,node 15 topology
fixture-19-correct,2,node-data,REJECTED,node 7 topology
fixture-19-correct,2,node-extra-field,REJECTED,node 15 schema
fixture-19-correct,2,node-missing-field,REJECTED,node 15 schema
fixture-19-correct,2,node-count,REJECTED,node count
fixture-19-correct,2,point-order,REJECTED,request/domain binding
fixture-19-correct,2,point-value,REJECTED,request/domain binding
fixture-19-correct,2,domain-binding,REJECTED,request/domain binding
fixture-19-correct,2,request-id,REJECTED,request/domain binding
fixture-19-correct,2,extra-top-field,REJECTED,certificate schema
fixture-19-correct,2,certificate-digest,REJECTED,certificate digest
fixture-19-correct,3,vector,REJECTED,node 4 cell 67 mismatch
fixture-19-correct,3,topology-op,REJECTED,node 20 topology
fixture-19-correct,3,topology-child,REJECTED,node 20 topology
fixture-19-correct,3,source-original,REJECTED,source binding
fixture-19-correct,3,source-candidate,REJECTED,source binding
fixture-19-correct,3,source-reference,REJECTED,source binding
fixture-19-correct,3,source-repair_guard,REJECTED,source binding
fixture-19-correct,3,root-defined,REJECTED,root binding
fixture-19-correct,3,root-repair,REJECTED,root binding
fixture-19-correct,3,root-preserve,REJECTED,root binding
fixture-19-correct,3,guard-root,REJECTED,root binding
fixture-19-correct,3,role-output,REJECTED,root binding
fixture-19-correct,3,role-defined,REJECTED,root binding
fixture-19-correct,3,trace-site,REJECTED,root binding
fixture-19-correct,3,trace-reachable,REJECTED,root binding
fixture-19-correct,3,trace-guard,REJECTED,root binding
fixture-19-correct,3,vector-length,REJECTED,node 2 vector length
fixture-19-correct,3,vector-type,REJECTED,node 20 sort
fixture-19-correct,3,node-sort,REJECTED,node 12 topology
fixture-19-correct,3,node-id,REJECTED,node 12 topology
fixture-19-correct,3,node-data,REJECTED,node 4 topology
fixture-19-correct,3,node-extra-field,REJECTED,node 2 schema
fixture-19-correct,3,node-missing-field,REJECTED,node 12 schema
fixture-19-correct,3,node-count,REJECTED,node count
fixture-19-correct,3,point-order,REJECTED,request/domain binding
fixture-19-correct,3,point-value,REJECTED,request/domain binding
fixture-19-correct,3,domain-binding,REJECTED,request/domain binding
fixture-19-correct,3,request-id,REJECTED,request/domain binding
fixture-19-correct,3,extra-top-field,REJECTED,certificate schema
fixture-19-correct,3,certificate-digest,REJECTED,certificate digest
fixture-19-correct,4,vector,REJECTED,node 3 cell 2 mismatch
fixture-19-correct,4,topology-op,REJECTED,node 12 topology
fixture-19-correct,4,topology-child,REJECTED,node 12 topology
fixture-19-correct,4,source-original,REJECTED,source binding
fixture-19-correct,4,source-candidate,REJECTED,source binding
fixture-19-correct,4,source-reference,REJECTED,source binding
fixture-19-correct,4,source-repair_guard,REJECTED,source binding
fixture-19-correct,4,root-defined,REJECTED,root binding
fixture-19-correct,4,root-repair,REJECTED,root binding
fixture-19-correct,4,root-preserve,REJECTED,root binding
fixture-19-correct,4,guard-root,REJECTED,root binding
fixture-19-correct,4,role-output,REJECTED,root binding
fixture-19-correct,4,role-defined,REJECTED,root binding
fixture-19-correct,4,trace-site,REJECTED,root binding
fixture-19-correct,4,trace-reachable,REJECTED,root binding
fixture-19-correct,4,trace-guard,REJECTED,root binding
fixture-19-correct,4,vector-length,REJECTED,node 11 vector length
fixture-19-correct,4,vector-type,REJECTED,node 21 sort
fixture-19-correct,4,node-sort,REJECTED,node 9 topology
fixture-19-correct,4,node-id,REJECTED,node 9 topology
fixture-19-correct,4,node-data,REJECTED,node 2 topology
fixture-19-correct,4,node-extra-field,REJECTED,node 11 schema
fixture-19-correct,4,node-missing-field,REJECTED,node 9 schema
fixture-19-correct,4,node-count,REJECTED,node count
fixture-19-correct,4,point-order,REJECTED,request/domain binding
fixture-19-correct,4,point-value,REJECTED,request/domain binding
fixture-19-correct,4,domain-binding,REJECTED,request/domain binding
fixture-19-correct,4,request-id,REJECTED,request/domain binding
fixture-19-correct,4,extra-top-field,REJECTED,certificate schema
fixture-19-correct,4,certificate-digest,REJECTED,certificate digest
fixture-19-correct,5,vector,REJECTED,node 2 cell 18 mismatch
fixture-19-correct,5,topology-op,REJECTED,node 19 topology
fixture-19-correct,5,topology-child,REJECTED,node 19 topology
fixture-19-correct,5,source-original,REJECTED,source binding
fixture-19-correct,5,source-candidate,REJECTED,source binding
fixture-19-correct,5,source-reference,REJECTED,source binding
fixture-19-correct,5,source-repair_guard,REJECTED,source binding
fixture-19-correct,5,root-defined,REJECTED,root binding
fixture-19-correct,5,root-repair,REJECTED,root binding
fixture-19-correct,5,root-preserve,REJECTED,root binding
fixture-19-correct,5,guard-root,REJECTED,root binding
fixture-19-correct,5,role-output,REJECTED,root binding
fixture-19-correct,5,role-defined,REJECTED,root binding
fixture-19-correct,5,trace-site,REJECTED,root binding
fixture-19-correct,5,trace-reachable,REJECTED,root binding
fixture-19-correct,5,trace-guard,REJECTED,root binding
fixture-19-correct,5,vector-length,REJECTED,node 20 vector length
fixture-19-correct,5,vector-type,REJECTED,node 0 sort
fixture-19-correct,5,node-sort,REJECTED,node 6 topology
fixture-19-correct,5,node-id,REJECTED,node 6 topology
fixture-19-correct,5,node-data,REJECTED,node 0 topology
fixture-19-correct,5,node-extra-field,REJECTED,node 20 schema
fixture-19-correct,5,node-missing-field,REJECTED,node 6 schema
fixture-19-correct,5,node-count,REJECTED,node count
fixture-19-correct,5,point-order,REJECTED,request/domain binding
fixture-19-correct,5,point-value,REJECTED,request/domain binding
fixture-19-correct,5,domain-binding,REJECTED,request/domain binding
fixture-19-correct,5,request-id,REJECTED,request/domain binding
fixture-19-correct,5,extra-top-field,REJECTED,certificate schema
fixture-19-correct,5,certificate-digest,REJECTED,certificate digest
fixture-19-correct,6,vector,REJECTED,node 19 cell 34 mismatch
fixture-19-correct,6,topology-op,REJECTED,node 11 topology
fixture-19-correct,6,topology-child,REJECTED,node 11 topology
fixture-19-correct,6,source-original,REJECTED,source binding
fixture-19-correct,6,source-candidate,REJECTED,source binding
fixture-19-correct,6,source-reference,REJECTED,source binding
fixture-19-correct,6,source-repair_guard,REJECTED,source binding
fixture-19-correct,6,root-defined,REJECTED,root binding
fixture-19-correct,6,root-repair,REJECTED,root binding
fixture-19-correct,6,root-preserve,REJECTED,root binding
fixture-19-correct,6,guard-root,REJECTED,root binding
fixture-19-correct,6,role-output,REJECTED,root binding
fixture-19-correct,6,role-defined,REJECTED,root binding
fixture-19-correct,6,trace-site,REJECTED,root binding
fixture-19-correct,6,trace-reachable,REJECTED,root binding
fixture-19-correct,6,trace-guard,REJECTED,root binding
fixture-19-correct,6,vector-length,REJECTED,node 7 vector length
fixture-19-correct,6,vector-type,REJECTED,node 1 sort
fixture-19-correct,6,node-sort,REJECTED,node 3 topology
fixture-19-correct,6,node-id,REJECTED,node 3 topology
fixture-19-correct,6,node-data,REJECTED,node 9 topology
fixture-19-correct,6,node-extra-field,REJECTED,node 7 schema
fixture-19-correct,6,node-missing-field,REJECTED,node 3 schema
fixture-19-correct,6,node-count,REJECTED,node count
fixture-19-correct,6,point-order,REJECTED,request/domain binding
fixture-19-correct,6,point-value,REJECTED,request/domain binding
fixture-19-correct,6,domain-binding,REJECTED,request/domain binding
fixture-19-correct,6,request-id,REJECTED,request/domain binding
fixture-19-correct,6,extra-top-field,REJECTED,certificate schema
fixture-19-correct,6,certificate-digest,REJECTED,certificate digest
fixture-19-correct,7,vector,REJECTED,node 18 cell 50 mismatch
fixture-19-correct,7,topology-op,REJECTED,node 18 topology
fixture-19-correct,7,topology-child,REJECTED,node 18 topology
fixture-19-correct,7,source-original,REJECTED,source binding
fixture-19-correct,7,source-candidate,REJECTED,source binding
fixture-19-correct,7,source-reference,REJECTED,source binding
fixture-19-correct,7,source-repair_guard,REJECTED,source binding
fixture-19-correct,7,root-defined,REJECTED,root binding
fixture-19-correct,7,root-repair,REJECTED,root binding
fixture-19-correct,7,root-preserve,REJECTED,root binding
fixture-19-correct,7,guard-root,REJECTED,root binding
fixture-19-correct,7,role-output,REJECTED,root binding
fixture-19-correct,7,role-defined,REJECTED,root binding
fixture-19-correct,7,trace-site,REJECTED,root binding
fixture-19-correct,7,trace-reachable,REJECTED,root binding
fixture-19-correct,7,trace-guard,REJECTED,root binding
fixture-19-correct,7,vector-length,REJECTED,node 16 vector length
fixture-19-correct,7,vector-type,REJECTED,node 8 sort
fixture-19-correct,7,node-sort,REJECTED,node 20 topology
fixture-19-correct,7,node-id,REJECTED,node 20 topology
fixture-19-correct,7,node-data,REJECTED,node 5 topology
fixture-19-correct,7,node-extra-field,REJECTED,node 16 schema
fixture-19-correct,7,node-missing-field,REJECTED,node 20 schema
fixture-19-correct,7,node-count,REJECTED,node count
fixture-19-correct,7,point-order,REJECTED,request/domain binding
fixture-19-correct,7,point-value,REJECTED,request/domain binding
fixture-19-correct,7,domain-binding,REJECTED,request/domain binding
fixture-19-correct,7,request-id,REJECTED,request/domain binding
fixture-19-correct,7,extra-top-field,REJECTED,certificate schema
fixture-19-correct,7,certificate-digest,REJECTED,certificate digest
fixture-19-correct,8,vector,REJECTED,node 17 cell 66 mismatch
fixture-19-correct,8,topology-op,REJECTED,node 10 topology
fixture-19-correct,8,topology-child,REJECTED,node 10 topology
fixture-19-correct,8,source-original,REJECTED,source binding
fixture-19-correct,8,source-candidate,REJECTED,source binding
fixture-19-correct,8,source-reference,REJECTED,source binding
fixture-19-correct,8,source-repair_guard,REJECTED,source binding
fixture-19-correct,8,root-defined,REJECTED,root binding
fixture-19-correct,8,root-repair,REJECTED,root binding
fixture-19-correct,8,root-preserve,REJECTED,root binding
fixture-19-correct,8,guard-root,REJECTED,root binding
fixture-19-correct,8,role-output,REJECTED,root binding
fixture-19-correct,8,role-defined,REJECTED,root binding
fixture-19-correct,8,trace-site,REJECTED,root binding
fixture-19-correct,8,trace-reachable,REJECTED,root binding
fixture-19-correct,8,trace-guard,REJECTED,root binding
fixture-19-correct,8,vector-length,REJECTED,node 3 vector length
fixture-19-correct,8,vector-type,REJECTED,node 11 sort
fixture-19-correct,8,node-sort,REJECTED,node 17 topology
fixture-19-correct,8,node-id,REJECTED,node 17 topology
fixture-19-correct,8,node-data,REJECTED,node 3 topology
fixture-19-correct,8,node-extra-field,REJECTED,node 3 schema
fixture-19-correct,8,node-missing-field,REJECTED,node 17 schema
fixture-19-correct,8,node-count,REJECTED,node count
fixture-19-correct,8,point-order,REJECTED,request/domain binding
fixture-19-correct,8,point-value,REJECTED,request/domain binding
fixture-19-correct,8,domain-binding,REJECTED,request/domain binding
fixture-19-correct,8,request-id,REJECTED,request/domain binding
fixture-19-correct,8,extra-top-field,REJECTED,certificate schema
fixture-19-correct,8,certificate-digest,REJECTED,certificate digest
fixture-19-correct,9,vector,REJECTED,node 16 cell 1 mismatch
fixture-19-correct,9,topology-op,REJECTED,node 17 topology
fixture-19-correct,9,topology-child,REJECTED,node 17 topology
fixture-19-correct,9,source-original,REJECTED,source binding
fixture-19-correct,9,source-candidate,REJECTED,source binding
fixture-19-correct,9,source-reference,REJECTED,source binding
fixture-19-correct,9,source-repair_guard,REJECTED,source binding
fixture-19-correct,9,root-defined,REJECTED,root binding
fixture-19-correct,9,root-repair,REJECTED,root binding
fixture-19-correct,9,root-preserve,REJECTED,root binding
fixture-19-correct,9,guard-root,REJECTED,root binding
fixture-19-correct,9,role-output,REJECTED,root binding
fixture-19-correct,9,role-defined,REJECTED,root binding
fixture-19-correct,9,trace-site,REJECTED,root binding
fixture-19-correct,9,trace-reachable,REJECTED,root binding
fixture-19-correct,9,trace-guard,REJECTED,root binding
fixture-19-correct,9,vector-length,REJECTED,node 12 vector length
fixture-19-correct,9,vector-type,REJECTED,node 13 sort
fixture-19-correct,9,node-sort,REJECTED,node 14 topology
fixture-19-correct,9,node-id,REJECTED,node 14 topology
fixture-19-correct,9,node-data,REJECTED,node 1 topology
fixture-19-correct,9,node-extra-field,REJECTED,node 12 schema
fixture-19-correct,9,node-missing-field,REJECTED,node 14 schema
fixture-19-correct,9,node-count,REJECTED,node count
fixture-19-correct,9,point-order,REJECTED,request/domain binding
fixture-19-correct,9,point-value,REJECTED,request/domain binding
fixture-19-correct,9,domain-binding,REJECTED,request/domain binding
fixture-19-correct,9,request-id,REJECTED,request/domain binding
fixture-19-correct,9,extra-top-field,REJECTED,certificate schema
fixture-19-correct,9,certificate-digest,REJECTED,certificate digest
fixture-20-correct,0,vector,REJECTED,node 6 cell 20 mismatch
fixture-20-correct,0,topology-op,REJECTED,node 11 topology
fixture-20-correct,0,topology-child,REJECTED,node 11 topology
fixture-20-correct,0,source-original,REJECTED,source binding
fixture-20-correct,0,source-candidate,REJECTED,source binding
fixture-20-correct,0,source-reference,REJECTED,source binding
fixture-20-correct,0,source-repair_guard,REJECTED,source binding
fixture-20-correct,0,root-defined,REJECTED,root binding
fixture-20-correct,0,root-repair,REJECTED,root binding
fixture-20-correct,0,root-preserve,REJECTED,root binding
fixture-20-correct,0,guard-root,REJECTED,root binding
fixture-20-correct,0,role-output,REJECTED,root binding
fixture-20-correct,0,role-defined,REJECTED,root binding
fixture-20-correct,0,trace-site,REJECTED,root binding
fixture-20-correct,0,trace-reachable,REJECTED,root binding
fixture-20-correct,0,trace-guard,REJECTED,root binding
fixture-20-correct,0,vector-length,REJECTED,node 20 vector length
fixture-20-correct,0,vector-type,REJECTED,node 0 sort
fixture-20-correct,0,node-sort,REJECTED,node 22 topology
fixture-20-correct,0,node-id,REJECTED,node 22 topology
fixture-20-correct,0,node-data,REJECTED,node 2 topology
fixture-20-correct,0,node-extra-field,REJECTED,node 20 schema
fixture-20-correct,0,node-missing-field,REJECTED,node 22 schema
fixture-20-correct,0,node-count,REJECTED,node count
fixture-20-correct,0,point-order,REJECTED,request/domain binding
fixture-20-correct,0,point-value,REJECTED,request/domain binding
fixture-20-correct,0,domain-binding,REJECTED,request/domain binding
fixture-20-correct,0,request-id,REJECTED,request/domain binding
fixture-20-correct,0,extra-top-field,REJECTED,certificate schema
fixture-20-correct,0,certificate-digest,REJECTED,certificate digest
fixture-20-correct,1,vector,REJECTED,node 7 cell 36 mismatch
fixture-20-correct,1,topology-op,REJECTED,node 24 topology
fixture-20-correct,1,topology-child,REJECTED,node 24 topology
fixture-20-correct,1,source-original,REJECTED,source binding
fixture-20-correct,1,source-candidate,REJECTED,source binding
fixture-20-correct,1,source-reference,REJECTED,source binding
fixture-20-correct,1,source-repair_guard,REJECTED,source binding
fixture-20-correct,1,root-defined,REJECTED,root binding
fixture-20-correct,1,root-repair,REJECTED,root binding
fixture-20-correct,1,root-preserve,REJECTED,root binding
fixture-20-correct,1,guard-root,REJECTED,root binding
fixture-20-correct,1,role-output,REJECTED,root binding
fixture-20-correct,1,role-defined,REJECTED,root binding
fixture-20-correct,1,trace-site,REJECTED,root binding
fixture-20-correct,1,trace-reachable,REJECTED,root binding
fixture-20-correct,1,trace-guard,REJECTED,root binding
fixture-20-correct,1,vector-length,REJECTED,node 13 vector length
fixture-20-correct,1,vector-type,REJECTED,node 20 sort
fixture-20-correct,1,node-sort,REJECTED,node 23 topology
fixture-20-correct,1,node-id,REJECTED,node 23 topology
fixture-20-correct,1,node-data,REJECTED,node 0 topology
fixture-20-correct,1,node-extra-field,REJECTED,node 13 schema
fixture-20-correct,1,node-missing-field,REJECTED,node 23 schema
fixture-20-correct,1,node-count,REJECTED,node count
fixture-20-correct,1,point-order,REJECTED,request/domain binding
fixture-20-correct,1,point-value,REJECTED,request/domain binding
fixture-20-correct,1,domain-binding,REJECTED,request/domain binding
fixture-20-correct,1,request-id,REJECTED,request/domain binding
fixture-20-correct,1,extra-top-field,REJECTED,certificate schema
fixture-20-correct,1,certificate-digest,REJECTED,certificate digest
fixture-20-correct,2,vector,REJECTED,node 8 cell 52 mismatch
fixture-20-correct,2,topology-op,REJECTED,node 18 topology
fixture-20-correct,2,topology-child,REJECTED,node 18 topology
fixture-20-correct,2,source-original,REJECTED,source binding
fixture-20-correct,2,source-candidate,REJECTED,source binding
fixture-20-correct,2,source-reference,REJECTED,source binding
fixture-20-correct,2,source-repair_guard,REJECTED,source binding
fixture-20-correct,2,root-defined,REJECTED,root binding
fixture-20-correct,2,root-repair,REJECTED,root binding
fixture-20-correct,2,root-preserve,REJECTED,root binding
fixture-20-correct,2,guard-root,REJECTED,root binding
fixture-20-correct,2,role-output,REJECTED,root binding
fixture-20-correct,2,role-defined,REJECTED,root binding
fixture-20-correct,2,trace-site,REJECTED,root binding
fixture-20-correct,2,trace-reachable,REJECTED,root binding
fixture-20-correct,2,trace-guard,REJECTED,root binding
fixture-20-correct,2,vector-length,REJECTED,node 6 vector length
fixture-20-correct,2,vector-type,REJECTED,node 14 sort
fixture-20-correct,2,node-sort,REJECTED,node 24 topology
fixture-20-correct,2,node-id,REJECTED,node 24 topology
fixture-20-correct,2,node-data,REJECTED,node 8 topology
fixture-20-correct,2,node-extra-field,REJECTED,node 6 schema
fixture-20-correct,2,node-missing-field,REJECTED,node 24 schema
fixture-20-correct,2,node-count,REJECTED,node count
fixture-20-correct,2,point-order,REJECTED,request/domain binding
fixture-20-correct,2,point-value,REJECTED,request/domain binding
fixture-20-correct,2,domain-binding,REJECTED,request/domain binding
fixture-20-correct,2,request-id,REJECTED,request/domain binding
fixture-20-correct,2,extra-top-field,REJECTED,certificate schema
fixture-20-correct,2,certificate-digest,REJECTED,certificate digest
fixture-20-correct,3,vector,REJECTED,node 10 cell 68 mismatch
fixture-20-correct,3,topology-op,REJECTED,node 13 topology
fixture-20-correct,3,topology-child,REJECTED,node 13 topology
fixture-20-correct,3,source-original,REJECTED,source binding
fixture-20-correct,3,source-candidate,REJECTED,source binding
fixture-20-correct,3,source-reference,REJECTED,source binding
fixture-20-correct,3,source-repair_guard,REJECTED,source binding
fixture-20-correct,3,root-defined,REJECTED,root binding
fixture-20-correct,3,root-repair,REJECTED,root binding
fixture-20-correct,3,root-preserve,REJECTED,root binding
fixture-20-correct,3,guard-root,REJECTED,root binding
fixture-20-correct,3,role-output,REJECTED,root binding
fixture-20-correct,3,role-defined,REJECTED,root binding
fixture-20-correct,3,trace-site,REJECTED,root binding
fixture-20-correct,3,trace-reachable,REJECTED,root binding
fixture-20-correct,3,trace-guard,REJECTED,root binding
fixture-20-correct,3,vector-length,REJECTED,node 25 vector length
fixture-20-correct,3,vector-type,REJECTED,node 1 sort
fixture-20-correct,3,node-sort,REJECTED,node 25 topology
fixture-20-correct,3,node-id,REJECTED,node 25 topology
fixture-20-correct,3,node-data,REJECTED,node 5 topology
fixture-20-correct,3,node-extra-field,REJECTED,node 25 schema
fixture-20-correct,3,node-missing-field,REJECTED,node 25 schema
fixture-20-correct,3,node-count,REJECTED,node count
fixture-20-correct,3,point-order,REJECTED,request/domain binding
fixture-20-correct,3,point-value,REJECTED,request/domain binding
fixture-20-correct,3,domain-binding,REJECTED,request/domain binding
fixture-20-correct,3,request-id,REJECTED,request/domain binding
fixture-20-correct,3,extra-top-field,REJECTED,certificate schema
fixture-20-correct,3,certificate-digest,REJECTED,certificate digest
fixture-20-correct,4,vector,REJECTED,node 12 cell 3 mismatch
fixture-20-correct,4,topology-op,REJECTED,node 7 topology
fixture-20-correct,4,topology-child,REJECTED,node 7 topology
fixture-20-correct,4,source-original,REJECTED,source binding
fixture-20-correct,4,source-candidate,REJECTED,source binding
fixture-20-correct,4,source-reference,REJECTED,source binding
fixture-20-correct,4,source-repair_guard,REJECTED,source binding
fixture-20-correct,4,root-defined,REJECTED,root binding
fixture-20-correct,4,root-repair,REJECTED,root binding
fixture-20-correct,4,root-preserve,REJECTED,root binding
fixture-20-correct,4,guard-root,REJECTED,root binding
fixture-20-correct,4,role-output,REJECTED,root binding
fixture-20-correct,4,role-defined,REJECTED,root binding
fixture-20-correct,4,trace-site,REJECTED,root binding
fixture-20-correct,4,trace-reachable,REJECTED,root binding
fixture-20-correct,4,trace-guard,REJECTED,root binding
fixture-20-correct,4,vector-length,REJECTED,node 18 vector length
fixture-20-correct,4,vector-type,REJECTED,node 24 sort
fixture-20-correct,4,node-sort,REJECTED,node 2 topology
fixture-20-correct,4,node-id,REJECTED,node 2 topology
fixture-20-correct,4,node-data,REJECTED,node 3 topology
fixture-20-correct,4,node-extra-field,REJECTED,node 18 schema
fixture-20-correct,4,node-missing-field,REJECTED,node 2 schema
fixture-20-correct,4,node-count,REJECTED,node count
fixture-20-correct,4,point-order,REJECTED,request/domain binding
fixture-20-correct,4,point-value,REJECTED,request/domain binding
fixture-20-correct,4,domain-binding,REJECTED,request/domain binding
fixture-20-correct,4,request-id,REJECTED,request/domain binding
fixture-20-correct,4,extra-top-field,REJECTED,certificate schema
fixture-20-correct,4,certificate-digest,REJECTED,certificate digest
fixture-20-correct,5,vector,REJECTED,node 13 cell 19 mismatch
fixture-20-correct,5,topology-op,REJECTED,node 20 topology
fixture-20-correct,5,topology-child,REJECTED,node 20 topology
fixture-20-correct,5,source-original,REJECTED,source binding
fixture-20-correct,5,source-candidate,REJECTED,source binding
fixture-20-correct,5,source-reference,REJECTED,source binding
fixture-20-correct,5,source-repair_guard,REJECTED,source binding
fixture-20-correct,5,root-defined,REJECTED,root binding
fixture-20-correct,5,root-repair,REJECTED,root binding
fixture-20-correct,5,root-preserve,REJECTED,root binding
fixture-20-correct,5,guard-root,REJECTED,root binding
fixture-20-correct,5,role-output,REJECTED,root binding
fixture-20-correct,5,role-defined,REJECTED,root binding
fixture-20-correct,5,trace-site,REJECTED,root binding
fixture-20-correct,5,trace-reachable,REJECTED,root binding
fixture-20-correct,5,trace-guard,REJECTED,root binding
fixture-20-correct,5,vector-length,REJECTED,node 11 vector length
fixture-20-correct,5,vector-type,REJECTED,node 16 sort
fixture-20-correct,5,node-sort,REJECTED,node 3 topology
fixture-20-correct,5,node-id,REJECTED,node 3 topology
fixture-20-correct,5,node-data,REJECTED,node 1 topology
fixture-20-correct,5,node-extra-field,REJECTED,node 11 schema
fixture-20-correct,5,node-missing-field,REJECTED,node 3 schema
fixture-20-correct,5,node-count,REJECTED,node count
fixture-20-correct,5,point-order,REJECTED,request/domain binding
fixture-20-correct,5,point-value,REJECTED,request/domain binding
fixture-20-correct,5,domain-binding,REJECTED,request/domain binding
fixture-20-correct,5,request-id,REJECTED,request/domain binding
fixture-20-correct,5,extra-top-field,REJECTED,certificate schema
fixture-20-correct,5,certificate-digest,REJECTED,certificate digest
fixture-20-correct,6,vector,REJECTED,node 15 cell 35 mismatch
fixture-20-correct,6,topology-op,REJECTED,node 15 topology
fixture-20-correct,6,topology-child,REJECTED,node 15 topology
fixture-20-correct,6,source-original,REJECTED,source binding
fixture-20-correct,6,source-candidate,REJECTED,source binding
fixture-20-correct,6,source-reference,REJECTED,source binding
fixture-20-correct,6,source-repair_guard,REJECTED,source binding
fixture-20-correct,6,root-defined,REJECTED,root binding
fixture-20-correct,6,root-repair,REJECTED,root binding
fixture-20-correct,6,root-preserve,REJECTED,root binding
fixture-20-correct,6,guard-root,REJECTED,root binding
fixture-20-correct,6,role-output,REJECTED,root binding
fixture-20-correct,6,role-defined,REJECTED,root binding
fixture-20-correct,6,trace-site,REJECTED,root binding
fixture-20-correct,6,trace-reachable,REJECTED,root binding
fixture-20-correct,6,trace-guard,REJECTED,root binding
fixture-20-correct,6,vector-length,REJECTED,node 4 vector length
fixture-20-correct,6,vector-type,REJECTED,node 9 sort
fixture-20-correct,6,node-sort,REJECTED,node 4 topology
fixture-20-correct,6,node-id,REJECTED,node 4 topology
fixture-20-correct,6,node-data,REJECTED,node 21 topology
fixture-20-correct,6,node-extra-field,REJECTED,node 4 schema
fixture-20-correct,6,node-missing-field,REJECTED,node 4 schema
fixture-20-correct,6,node-count,REJECTED,node count
fixture-20-correct,6,point-order,REJECTED,request/domain binding
fixture-20-correct,6,point-value,REJECTED,request/domain binding
fixture-20-correct,6,domain-binding,REJECTED,request/domain binding
fixture-20-correct,6,request-id,REJECTED,request/domain binding
fixture-20-correct,6,extra-top-field,REJECTED,certificate schema
fixture-20-correct,6,certificate-digest,REJECTED,certificate digest
fixture-20-correct,7,vector,REJECTED,node 17 cell 51 mismatch
fixture-20-correct,7,topology-op,REJECTED,node 10 topology
fixture-20-correct,7,topology-child,REJECTED,node 10 topology
fixture-20-correct,7,source-original,REJECTED,source binding
fixture-20-correct,7,source-candidate,REJECTED,source binding
fixture-20-correct,7,source-reference,REJECTED,source binding
fixture-20-correct,7,source-repair_guard,REJECTED,source binding
fixture-20-correct,7,root-defined,REJECTED,root binding
fixture-20-correct,7,root-repair,REJECTED,root binding
fixture-20-correct,7,root-preserve,REJECTED,root binding
fixture-20-correct,7,guard-root,REJECTED,root binding
fixture-20-correct,7,role-output,REJECTED,root binding
fixture-20-correct,7,role-defined,REJECTED,root binding
fixture-20-correct,7,trace-site,REJECTED,root binding
fixture-20-correct,7,trace-reachable,REJECTED,root binding
fixture-20-correct,7,trace-guard,REJECTED,root binding
fixture-20-correct,7,vector-length,REJECTED,node 23 vector length
fixture-20-correct,7,vector-type,REJECTED,node 25 sort
fixture-20-correct,7,node-sort,REJECTED,node 5 topology
fixture-20-correct,7,node-id,REJECTED,node 5 topology
fixture-20-correct,7,node-data,REJECTED,node 6 topology
fixture-20-correct,7,node-extra-field,REJECTED,node 23 schema
fixture-20-correct,7,node-missing-field,REJECTED,node 5 schema
fixture-20-correct,7,node-count,REJECTED,node count
fixture-20-correct,7,point-order,REJECTED,request/domain binding
fixture-20-correct,7,point-value,REJECTED,request/domain binding
fixture-20-correct,7,domain-binding,REJECTED,request/domain binding
fixture-20-correct,7,request-id,REJECTED,request/domain binding
fixture-20-correct,7,extra-top-field,REJECTED,certificate schema
fixture-20-correct,7,certificate-digest,REJECTED,certificate digest
fixture-20-correct,8,vector,REJECTED,node 19 cell 67 mismatch
fixture-20-correct,8,topology-op,REJECTED,node 23 topology
fixture-20-correct,8,topology-child,REJECTED,node 23 topology
fixture-20-correct,8,source-original,REJECTED,source binding
fixture-20-correct,8,source-candidate,REJECTED,source binding
fixture-20-correct,8,source-reference,REJECTED,source binding
fixture-20-correct,8,source-repair_guard,REJECTED,source binding
fixture-20-correct,8,root-defined,REJECTED,root binding
fixture-20-correct,8,root-repair,REJECTED,root binding
fixture-20-correct,8,root-preserve,REJECTED,root binding
fixture-20-correct,8,guard-root,REJECTED,root binding
fixture-20-correct,8,role-output,REJECTED,root binding
fixture-20-correct,8,role-defined,REJECTED,root binding
fixture-20-correct,8,trace-site,REJECTED,root binding
fixture-20-correct,8,trace-reachable,REJECTED,root binding
fixture-20-correct,8,trace-guard,REJECTED,root binding
fixture-20-correct,8,vector-length,REJECTED,node 16 vector length
fixture-20-correct,8,vector-type,REJECTED,node 18 sort
fixture-20-correct,8,node-sort,REJECTED,node 6 topology
fixture-20-correct,8,node-id,REJECTED,node 6 topology
fixture-20-correct,8,node-data,REJECTED,node 4 topology
fixture-20-correct,8,node-extra-field,REJECTED,node 16 schema
fixture-20-correct,8,node-missing-field,REJECTED,node 6 schema
fixture-20-correct,8,node-count,REJECTED,node count
fixture-20-correct,8,point-order,REJECTED,request/domain binding
fixture-20-correct,8,point-value,REJECTED,request/domain binding
fixture-20-correct,8,domain-binding,REJECTED,request/domain binding
fixture-20-correct,8,request-id,REJECTED,request/domain binding
fixture-20-correct,8,extra-top-field,REJECTED,certificate schema
fixture-20-correct,8,certificate-digest,REJECTED,certificate digest
fixture-20-correct,9,vector,REJECTED,node 21 cell 2 mismatch
fixture-20-correct,9,topology-op,REJECTED,node 17 topology
fixture-20-correct,9,topology-child,REJECTED,node 17 topology
fixture-20-correct,9,source-original,REJECTED,source binding
fixture-20-correct,9,source-candidate,REJECTED,source binding
fixture-20-correct,9,source-reference,REJECTED,source binding
fixture-20-correct,9,source-repair_guard,REJECTED,source binding
fixture-20-correct,9,root-defined,REJECTED,root binding
fixture-20-correct,9,root-repair,REJECTED,root binding
fixture-20-correct,9,root-preserve,REJECTED,root binding
fixture-20-correct,9,guard-root,REJECTED,root binding
fixture-20-correct,9,role-output,REJECTED,root binding
fixture-20-correct,9,role-defined,REJECTED,root binding
fixture-20-correct,9,trace-site,REJECTED,root binding
fixture-20-correct,9,trace-reachable,REJECTED,root binding
fixture-20-correct,9,trace-guard,REJECTED,root binding
fixture-20-correct,9,vector-length,REJECTED,node 9 vector length
fixture-20-correct,9,vector-type,REJECTED,node 11 sort
fixture-20-correct,9,node-sort,REJECTED,node 7 topology
fixture-20-correct,9,node-id,REJECTED,node 7 topology
fixture-20-correct,9,node-data,REJECTED,node 2 topology
fixture-20-correct,9,node-extra-field,REJECTED,node 9 schema
fixture-20-correct,9,node-missing-field,REJECTED,node 7 schema
fixture-20-correct,9,node-count,REJECTED,node count
fixture-20-correct,9,point-order,REJECTED,request/domain binding
fixture-20-correct,9,point-value,REJECTED,request/domain binding
fixture-20-correct,9,domain-binding,REJECTED,request/domain binding
fixture-20-correct,9,request-id,REJECTED,request/domain binding
fixture-20-correct,9,extra-top-field,REJECTED,certificate schema
fixture-20-correct,9,certificate-digest,REJECTED,certificate digest
