function,x,y,z,t,expected,observed
0,0,0,0,0,4294967295,4294967295
0,0,0,0,1,4294967295,4294967295
0,0,0,0,3,4294967295,4294967295
0,0,0,1,0,4294967295,4294967295
0,0,0,1,1,4294967295,4294967295
0,0,0,1,3,4294967295,4294967295
0,0,0,3,0,4294967295,4294967295
0,0,0,3,1,4294967295,4294967295
0,0,0,3,3,4294967295,4294967295
0,0,1,0,0,0,0
0,0,1,0,1,0,0
0,0,1,0,3,0,0
0,0,1,1,0,0,0
0,0,1,1,1,0,0
0,0,1,1,3,0,0
0,0,1,3,0,0,0
0,0,1,3,1,0,0
0,0,1,3,3,0,0
0,0,3,0,0,2,2
0,0,3,0,1,2,2
0,0,3,0,3,2,2
0,0,3,1,0,2,2
0,0,3,1,1,2,2
0,0,3,1,3,2,2
0,0,3,3,0,2,2
0,0,3,3,1,2,2
0,0,3,3,3,2,2
0,1,0,0,0,1,1
0,1,0,0,1,1,1
0,1,0,0,3,1,1
0,1,0,1,0,1,1
0,1,0,1,1,1,1
0,1,0,1,3,1,1
0,1,0,3,0,1,1
0,1,0,3,1,1,1
0,1,0,3,3,1,1
0,1,1,0,0,2,2
0,1,1,0,1,2,2
0,1,1,0,3,2,2
0,1,1,1,0,2,2
0,1,1,1,1,2,2
0,1,1,1,3,2,2
0,1,1,3,0,2,2
0,1,1,3,1,2,2
0,1,1,3,3,2,2
0,1,3,0,0,4,4
0,1,3,0,1,4,4
0,1,3,0,3,4,4
0,1,3,1,0,4,4
0,1,3,1,1,4,4
0,1,3,1,3,4,4
0,1,3,3,0,4,4
0,1,3,3,1,4,4
0,1,3,3,3,4,4
0,3,0,0,0,3,3
0,3,0,0,1,3,3
0,3,0,0,3,3,3
0,3,0,1,0,3,3
0,3,0,1,1,3,3
0,3,0,1,3,3,3
0,3,0,3,0,3,3
0,3,0,3,1,3,3
0,3,0,3,3,3,3
0,3,1,0,0,4,4
0,3,1,0,1,4,4
0,3,1,0,3,4,4
0,3,1,1,0,4,4
0,3,1,1,1,4,4
0,3,1,1,3,4,4
0,3,1,3,0,4,4
0,3,1,3,1,4,4
0,3,1,3,3,4,4
0,3,3,0,0,6,6
0,3,3,0,1,6,6
0,3,3,0,3,6,6
0,3,3,1,0,6,6
0,3,3,1,1,6,6
0,3,3,1,3,6,6
0,3,3,3,0,6,6
0,3,3,3,1,6,6
0,3,3,3,3,6,6
1,0,0,0,0,0,0
1,0,0,0,1,0,0
1,0,0,0,3,0,0
1,0,0,1,0,0,0
1,0,0,1,1,0,0
1,0,0,1,3,0,0
1,0,0,3,0,0,0
1,0,0,3,1,0,0
1,0,0,3,3,0,0
1,0,1,0,0,1,1
1,0,1,0,1,1,1
1,0,1,0,3,1,1
1,0,1,1,0,1,1
1,0,1,1,1,1,1
1,0,1,1,3,1,1
1,0,1,3,0,1,1
1,0,1,3,1,1,1
1,0,1,3,3,1,1
1,0,3,0,0,3,3
1,0,3,0,1,3,3
1,0,3,0,3,3,3
1,0,3,1,0,3,3
1,0,3,1,1,3,3
1,0,3,1,3,3,3
1,0,3,3,0,3,3
1,0,3,3,1,3,3
1,0,3,3,3,3,3
1,1,0,0,0,1,1
1,1,0,0,1,1,1
1,1,0,0,3,1,1
1,1,0,1,0,1,1
1,1,0,1,1,1,1
1,1,0,1,3,1,1
1,1,0,3,0,1,1
1,1,0,3,1,1,1
1,1,0,3,3,1,1
1,1,1,0,0,2,2
1,1,1,0,1,2,2
1,1,1,0,3,2,2
1,1,1,1,0,2,2
1,1,1,1,1,2,2
1,1,1,1,3,2,2
1,1,1,3,0,2,2
1,1,1,3,1,2,2
1,1,1,3,3,2,2
1,1,3,0,0,4,4
1,1,3,0,1,4,4
1,1,3,0,3,4,4
1,1,3,1,0,4,4
1,1,3,1,1,4,4
1,1,3,1,3,4,4
1,1,3,3,0,4,4
1,1,3,3,1,4,4
1,1,3,3,3,4,4
1,3,0,0,0,3,3
1,3,0,0,1,3,3
1,3,0,0,3,3,3
1,3,0,1,0,3,3
1,3,0,1,1,3,3
1,3,0,1,3,3,3
1,3,0,3,0,3,3
1,3,0,3,1,3,3
1,3,0,3,3,3,3
1,3,1,0,0,4,4
1,3,1,0,1,4,4
1,3,1,0,3,4,4
1,3,1,1,0,4,4
1,3,1,1,1,4,4
1,3,1,1,3,4,4
1,3,1,3,0,4,4
1,3,1,3,1,4,4
1,3,1,3,3,4,4
1,3,3,0,0,6,6
1,3,3,0,1,6,6
1,3,3,0,3,6,6
1,3,3,1,0,6,6
1,3,3,1,1,6,6
1,3,3,1,3,6,6
1,3,3,3,0,6,6
1,3,3,3,1,6,6
1,3,3,3,3,6,6
2,0,0,0,0,0,0
2,0,0,0,1,0,0
2,0,0,0,3,0,0
2,0,0,1,0,0,0
2,0,0,1,1,0,0
2,0,0,1,3,0,0
2,0,0,3,0,0,0
2,0,0,3,1,0,0
2,0,0,3,3,0,0
2,0,1,0,0,1,1
2,0,1,0,1,1,1
2,0,1,0,3,1,1
2,0,1,1,0,1,1
2,0,1,1,1,1,1
2,0,1,1,3,1,1
2,0,1,3,0,1,1
2,0,1,3,1,1,1
2,0,1,3,3,1,1
2,0,3,0,0,3,3
2,0,3,0,1,3,3
2,0,3,0,3,3,3
2,0,3,1,0,3,3
2,0,3,1,1,3,3
2,0,3,1,3,3,3
2,0,3,3,0,3,3
2,0,3,3,1,3,3
2,0,3,3,3,3,3
2,1,0,0,0,1,1
2,1,0,0,1,1,1
2,1,0,0,3,1,1
2,1,0,1,0,1,1
2,1,0,1,1,1,1
2,1,0,1,3,1,1
2,1,0,3,0,1,1
2,1,0,3,1,1,1
2,1,0,3,3,1,1
2,1,1,0,0,2,2
2,1,1,0,1,2,2
2,1,1,0,3,2,2
2,1,1,1,0,2,2
2,1,1,1,1,2,2
2,1,1,1,3,2,2
2,1,1,3,0,2,2
2,1,1,3,1,2,2
2,1,1,3,3,2,2
2,1,3,0,0,4,4
2,1,3,0,1,4,4
2,1,3,0,3,4,4
2,1,3,1,0,4,4
2,1,3,1,1,4,4
2,1,3,1,3,4,4
2,1,3,3,0,4,4
2,1,3,3,1,4,4
2,1,3,3,3,4,4
2,3,0,0,0,3,3
2,3,0,0,1,3,3
2,3,0,0,3,3,3
2,3,0,1,0,3,3
2,3,0,1,1,3,3
2,3,0,1,3,3,3
2,3,0,3,0,3,3
2,3,0,3,1,3,3
2,3,0,3,3,3,3
2,3,1,0,0,4,4
2,3,1,0,1,4,4
2,3,1,0,3,4,4
2,3,1,1,0,4,4
2,3,1,1,1,4,4
2,3,1,1,3,4,4
2,3,1,3,0,4,4
2,3,1,3,1,4,4
2,3,1,3,3,4,4
2,3,3,0,0,6,6
2,3,3,0,1,6,6
2,3,3,0,3,6,6
2,3,3,1,0,6,6
2,3,3,1,1,6,6
2,3,3,1,3,6,6
2,3,3,3,0,6,6
2,3,3,3,1,6,6
2,3,3,3,3,6,6
3,0,0,0,0,0,0
3,0,0,0,1,0,0
3,0,0,0,3,0,0
3,0,0,1,0,0,0
3,0,0,1,1,0,0
3,0,0,1,3,0,0
3,0,0,3,0,0,0
3,0,0,3,1,0,0
3,0,0,3,3,0,0
3,0,1,0,0,1,1
3,0,1,0,1,1,1
3,0,1,0,3,1,1
3,0,1,1,0,1,1
3,0,1,1,1,1,1
3,0,1,1,3,1,1
3,0,1,3,0,1,1
3,0,1,3,1,1,1
3,0,1,3,3,1,1
3,0,3,0,0,4,4
3,0,3,0,1,4,4
3,0,3,0,3,4,4
3,0,3,1,0,4,4
3,0,3,1,1,4,4
3,0,3,1,3,4,4
3,0,3,3,0,4,4
3,0,3,3,1,4,4
3,0,3,3,3,4,4
3,1,0,0,0,1,1
3,1,0,0,1,1,1
3,1,0,0,3,1,1
3,1,0,1,0,1,1
3,1,0,1,1,1,1
3,1,0,1,3,1,1
3,1,0,3,0,1,1
3,1,0,3,1,1,1
3,1,0,3,3,1,1
3,1,1,0,0,2,2
3,1,1,0,1,2,2
3,1,1,0,3,2,2
3,1,1,1,0,2,2
3,1,1,1,1,2,2
3,1,1,1,3,2,2
3,1,1,3,0,2,2
3,1,1,3,1,2,2
3,1,1,3,3,2,2
3,1,3,0,0,4,4
3,1,3,0,1,4,4
3,1,3,0,3,4,4
3,1,3,1,0,4,4
3,1,3,1,1,4,4
3,1,3,1,3,4,4
3,1,3,3,0,4,4
3,1,3,3,1,4,4
3,1,3,3,3,4,4
3,3,0,0,0,3,3
3,3,0,0,1,3,3
3,3,0,0,3,3,3
3,3,0,1,0,3,3
3,3,0,1,1,3,3
3,3,0,1,3,3,3
3,3,0,3,0,3,3
3,3,0,3,1,3,3
3,3,0,3,3,3,3
3,3,1,0,0,4,4
3,3,1,0,1,4,4
3,3,1,0,3,4,4
3,3,1,1,0,4,4
3,3,1,1,1,4,4
3,3,1,1,3,4,4
3,3,1,3,0,4,4
3,3,1,3,1,4,4
3,3,1,3,3,4,4
3,3,3,0,0,6,6
3,3,3,0,1,6,6
3,3,3,0,3,6,6
3,3,3,1,0,6,6
3,3,3,1,1,6,6
3,3,3,1,3,6,6
3,3,3,3,0,6,6
3,3,3,3,1,6,6
3,3,3,3,3,6,6
4,0,0,0,0,0,0
4,0,0,0,1,0,0
4,0,0,0,3,0,0
4,0,0,1,0,0,0
4,0,0,1,1,0,0
4,0,0,1,3,0,0
4,0,0,3,0,0,0
4,0,0,3,1,0,0
4,0,0,3,3,0,0
4,0,1,0,0,1,1
4,0,1,0,1,1,1
4,0,1,0,3,1,1
4,0,1,1,0,1,1
4,0,1,1,1,1,1
4,0,1,1,3,1,1
4,0,1,3,0,1,1
4,0,1,3,1,1,1
4,0,1,3,3,1,1
4,0,3,0,0,3,3
4,0,3,0,1,3,3
4,0,3,0,3,3,3
4,0,3,1,0,3,3
4,0,3,1,1,3,3
4,0,3,1,3,3,3
4,0,3,3,0,3,3
4,0,3,3,1,3,3
4,0,3,3,3,3,3
4,1,0,0,0,1,1
4,1,0,0,1,1,1
4,1,0,0,3,1,1
4,1,0,1,0,1,1
4,1,0,1,1,1,1
4,1,0,1,3,1,1
4,1,0,3,0,1,1
4,1,0,3,1,1,1
4,1,0,3,3,1,1
4,1,1,0,0,2,2
4,1,1,0,1,2,2
4,1,1,0,3,2,2
4,1,1,1,0,2,2
4,1,1,1,1,2,2
4,1,1,1,3,2,2
4,1,1,3,0,2,2
4,1,1,3,1,2,2
4,1,1,3,3,2,2
4,1,3,0,0,4,4
4,1,3,0,1,4,4
4,1,3,0,3,4,4
4,1,3,1,0,4,4
4,1,3,1,1,4,4
4,1,3,1,3,4,4
4,1,3,3,0,4,4
4,1,3,3,1,4,4
4,1,3,3,3,4,4
4,3,0,0,0,3,3
4,3,0,0,1,3,3
4,3,0,0,3,3,3
4,3,0,1,0,3,3
4,3,0,1,1,3,3
4,3,0,1,3,3,3
4,3,0,3,0,3,3
4,3,0,3,1,3,3
4,3,0,3,3,3,3
4,3,1,0,0,4,4
4,3,1,0,1,4,4
4,3,1,0,3,4,4
4,3,1,1,0,4,4
4,3,1,1,1,4,4
4,3,1,1,3,4,4
4,3,1,3,0,4,4
4,3,1,3,1,4,4
4,3,1,3,3,4,4
4,3,3,0,0,7,7
4,3,3,0,1,7,7
4,3,3,0,3,7,7
4,3,3,1,0,7,7
4,3,3,1,1,7,7
4,3,3,1,3,7,7
4,3,3,3,0,7,7
4,3,3,3,1,7,7
4,3,3,3,3,7,7
5,0,0,0,0,0,0
5,0,0,0,1,0,0
5,0,0,1,0,0,0
5,0,0,1,1,0,0
5,0,0,3,0,0,0
5,0,0,3,1,0,0
5,0,1,0,0,1,1
5,0,1,0,1,1,1
5,0,1,1,0,1,1
5,0,1,1,1,1,1
5,0,1,3,0,1,1
5,0,1,3,1,1,1
5,0,3,0,0,3,3
5,0,3,0,1,3,3
5,0,3,1,0,3,3
5,0,3,1,1,3,3
5,0,3,3,0,3,3
5,0,3,3,1,3,3
5,1,0,0,0,1,1
5,1,0,0,1,1,1
5,1,0,1,0,1,1
5,1,0,1,1,1,1
5,1,0,3,0,1,1
5,1,0,3,1,1,1
5,1,1,0,0,2,2
5,1,1,0,1,2,2
5,1,1,1,0,2,2
5,1,1,1,1,2,2
5,1,1,3,0,2,2
5,1,1,3,1,2,2
5,1,3,0,0,4,4
5,1,3,0,1,4,4
5,1,3,1,0,4,4
5,1,3,1,1,4,4
5,1,3,3,0,4,4
5,1,3,3,1,4,4
5,3,0,0,0,3,3
5,3,0,0,1,3,3
5,3,0,1,0,3,3
5,3,0,1,1,3,3
5,3,0,3,0,3,3
5,3,0,3,1,3,3
5,3,1,0,0,4,4
5,3,1,0,1,4,4
5,3,1,1,0,4,4
5,3,1,1,1,4,4
5,3,1,3,0,4,4
5,3,1,3,1,4,4
5,3,3,0,0,6,6
5,3,3,0,1,6,6
5,3,3,1,0,6,6
5,3,3,1,1,6,6
5,3,3,3,0,6,6
5,3,3,3,1,6,6
6,0,0,0,0,4294967295,4294967295
6,0,0,0,1,4294967295,4294967295
6,0,0,0,3,4294967295,4294967295
6,0,0,1,0,4294967295,4294967295
6,0,0,1,1,4294967295,4294967295
6,0,0,1,3,4294967295,4294967295
6,0,0,3,0,4294967295,4294967295
6,0,0,3,1,4294967295,4294967295
6,0,0,3,3,4294967295,4294967295
6,0,1,0,0,4294967294,4294967294
6,0,1,0,1,4294967294,4294967294
6,0,1,0,3,4294967294,4294967294
6,0,1,1,0,4294967294,4294967294
6,0,1,1,1,4294967294,4294967294
6,0,1,1,3,4294967294,4294967294
6,0,1,3,0,4294967294,4294967294
6,0,1,3,1,4294967294,4294967294
6,0,1,3,3,4294967294,4294967294
6,0,3,0,0,4294967292,4294967292
6,0,3,0,1,4294967292,4294967292
6,0,3,0,3,4294967292,4294967292
6,0,3,1,0,4294967292,4294967292
6,0,3,1,1,4294967292,4294967292
6,0,3,1,3,4294967292,4294967292
6,0,3,3,0,4294967292,4294967292
6,0,3,3,1,4294967292,4294967292
6,0,3,3,3,4294967292,4294967292
6,1,0,0,0,1,1
6,1,0,0,1,1,1
6,1,0,0,3,1,1
6,1,0,1,0,1,1
6,1,0,1,1,1,1
6,1,0,1,3,1,1
6,1,0,3,0,1,1
6,1,0,3,1,1,1
6,1,0,3,3,1,1
6,1,1,0,0,0,0
6,1,1,0,1,0,0
6,1,1,0,3,0,0
6,1,1,1,0,0,0
6,1,1,1,1,0,0
6,1,1,1,3,0,0
6,1,1,3,0,0,0
6,1,1,3,1,0,0
6,1,1,3,3,0,0
6,1,3,0,0,4294967294,4294967294
6,1,3,0,1,4294967294,4294967294
6,1,3,0,3,4294967294,4294967294
6,1,3,1,0,4294967294,4294967294
6,1,3,1,1,4294967294,4294967294
6,1,3,1,3,4294967294,4294967294
6,1,3,3,0,4294967294,4294967294
6,1,3,3,1,4294967294,4294967294
6,1,3,3,3,4294967294,4294967294
6,3,0,0,0,3,3
6,3,0,0,1,3,3
6,3,0,0,3,3,3
6,3,0,1,0,3,3
6,3,0,1,1,3,3
6,3,0,1,3,3,3
6,3,0,3,0,3,3
6,3,0,3,1,3,3
6,3,0,3,3,3,3
6,3,1,0,0,2,2
6,3,1,0,1,2,2
6,3,1,0,3,2,2
6,3,1,1,0,2,2
6,3,1,1,1,2,2
6,3,1,1,3,2,2
6,3,1,3,0,2,2
6,3,1,3,1,2,2
6,3,1,3,3,2,2
6,3,3,0,0,0,0
6,3,3,0,1,0,0
6,3,3,0,3,0,0
6,3,3,1,0,0,0
6,3,3,1,1,0,0
6,3,3,1,3,0,0
6,3,3,3,0,0,0
6,3,3,3,1,0,0
6,3,3,3,3,0,0
7,0,0,0,0,0,0
7,0,0,0,1,0,0
7,0,0,0,3,0,0
7,0,0,1,0,0,0
7,0,0,1,1,0,0
7,0,0,1,3,0,0
7,0,0,3,0,0,0
7,0,0,3,1,0,0
7,0,0,3,3,0,0
7,0,1,0,0,4294967295,4294967295
7,0,1,0,1,4294967295,4294967295
7,0,1,0,3,4294967295,4294967295
7,0,1,1,0,4294967295,4294967295
7,0,1,1,1,4294967295,4294967295
7,0,1,1,3,4294967295,4294967295
7,0,1,3,0,4294967295,4294967295
7,0,1,3,1,4294967295,4294967295
7,0,1,3,3,4294967295,4294967295
7,0,3,0,0,4294967293,4294967293
7,0,3,0,1,4294967293,4294967293
7,0,3,0,3,4294967293,4294967293
7,0,3,1,0,4294967293,4294967293
7,0,3,1,1,4294967293,4294967293
7,0,3,1,3,4294967293,4294967293
7,0,3,3,0,4294967293,4294967293
7,0,3,3,1,4294967293,4294967293
7,0,3,3,3,4294967293,4294967293
7,1,0,0,0,1,1
7,1,0,0,1,1,1
7,1,0,0,3,1,1
7,1,0,1,0,1,1
7,1,0,1,1,1,1
7,1,0,1,3,1,1
7,1,0,3,0,1,1
7,1,0,3,1,1,1
7,1,0,3,3,1,1
7,1,1,0,0,0,0
7,1,1,0,1,0,0
7,1,1,0,3,0,0
7,1,1,1,0,0,0
7,1,1,1,1,0,0
7,1,1,1,3,0,0
7,1,1,3,0,0,0
7,1,1,3,1,0,0
7,1,1,3,3,0,0
7,1,3,0,0,4294967294,4294967294
7,1,3,0,1,4294967294,4294967294
7,1,3,0,3,4294967294,4294967294
7,1,3,1,0,4294967294,4294967294
7,1,3,1,1,4294967294,4294967294
7,1,3,1,3,4294967294,4294967294
7,1,3,3,0,4294967294,4294967294
7,1,3,3,1,4294967294,4294967294
7,1,3,3,3,4294967294,4294967294
7,3,0,0,0,3,3
7,3,0,0,1,3,3
7,3,0,0,3,3,3
7,3,0,1,0,3,3
7,3,0,1,1,3,3
7,3,0,1,3,3,3
7,3,0,3,0,3,3
7,3,0,3,1,3,3
7,3,0,3,3,3,3
7,3,1,0,0,2,2
7,3,1,0,1,2,2
7,3,1,0,3,2,2
7,3,1,1,0,2,2
7,3,1,1,1,2,2
7,3,1,1,3,2,2
7,3,1,3,0,2,2
7,3,1,3,1,2,2
7,3,1,3,3,2,2
7,3,3,0,0,0,0
7,3,3,0,1,0,0
7,3,3,0,3,0,0
7,3,3,1,0,0,0
7,3,3,1,1,0,0
7,3,3,1,3,0,0
7,3,3,3,0,0,0
7,3,3,3,1,0,0
7,3,3,3,3,0,0
8,0,0,0,0,0,0
8,0,0,0,1,0,0
8,0,0,0,3,0,0
8,0,0,1,0,0,0
8,0,0,1,1,0,0
8,0,0,1,3,0,0
8,0,0,3,0,0,0
8,0,0,3,1,0,0
8,0,0,3,3,0,0
8,0,1,0,0,4294967295,4294967295
8,0,1,0,1,4294967295,4294967295
8,0,1,0,3,4294967295,4294967295
8,0,1,1,0,4294967295,4294967295
8,0,1,1,1,4294967295,4294967295
8,0,1,1,3,4294967295,4294967295
8,0,1,3,0,4294967295,4294967295
8,0,1,3,1,4294967295,4294967295
8,0,1,3,3,4294967295,4294967295
8,0,3,0,0,4294967293,4294967293
8,0,3,0,1,4294967293,4294967293
8,0,3,0,3,4294967293,4294967293
8,0,3,1,0,4294967293,4294967293
8,0,3,1,1,4294967293,4294967293
8,0,3,1,3,4294967293,4294967293
8,0,3,3,0,4294967293,4294967293
8,0,3,3,1,4294967293,4294967293
8,0,3,3,3,4294967293,4294967293
8,1,0,0,0,1,1
8,1,0,0,1,1,1
8,1,0,0,3,1,1
8,1,0,1,0,1,1
8,1,0,1,1,1,1
8,1,0,1,3,1,1
8,1,0,3,0,1,1
8,1,0,3,1,1,1
8,1,0,3,3,1,1
8,1,1,0,0,0,0
8,1,1,0,1,0,0
8,1,1,0,3,0,0
8,1,1,1,0,0,0
8,1,1,1,1,0,0
8,1,1,1,3,0,0
8,1,1,3,0,0,0
8,1,1,3,1,0,0
8,1,1,3,3,0,0
8,1,3,0,0,4294967294,4294967294
8,1,3,0,1,4294967294,4294967294
8,1,3,0,3,4294967294,4294967294
8,1,3,1,0,4294967294,4294967294
8,1,3,1,1,4294967294,4294967294
8,1,3,1,3,4294967294,4294967294
8,1,3,3,0,4294967294,4294967294
8,1,3,3,1,4294967294,4294967294
8,1,3,3,3,4294967294,4294967294
8,3,0,0,0,3,3
8,3,0,0,1,3,3
8,3,0,0,3,3,3
8,3,0,1,0,3,3
8,3,0,1,1,3,3
8,3,0,1,3,3,3
8,3,0,3,0,3,3
8,3,0,3,1,3,3
8,3,0,3,3,3,3
8,3,1,0,0,2,2
8,3,1,0,1,2,2
8,3,1,0,3,2,2
8,3,1,1,0,2,2
8,3,1,1,1,2,2
8,3,1,1,3,2,2
8,3,1,3,0,2,2
8,3,1,3,1,2,2
8,3,1,3,3,2,2
8,3,3,0,0,0,0
8,3,3,0,1,0,0
8,3,3,0,3,0,0
8,3,3,1,0,0,0
8,3,3,1,1,0,0
8,3,3,1,3,0,0
8,3,3,3,0,0,0
8,3,3,3,1,0,0
8,3,3,3,3,0,0
9,0,0,0,0,0,0
9,0,0,0,1,0,0
9,0,0,0,3,0,0
9,0,0,1,0,0,0
9,0,0,1,1,0,0
9,0,0,1,3,0,0
9,0,0,3,0,0,0
9,0,0,3,1,0,0
9,0,0,3,3,0,0
9,0,1,0,0,4294967295,4294967295
9,0,1,0,1,4294967295,4294967295
9,0,1,0,3,4294967295,4294967295
9,0,1,1,0,4294967295,4294967295
9,0,1,1,1,4294967295,4294967295
9,0,1,1,3,4294967295,4294967295
9,0,1,3,0,4294967295,4294967295
9,0,1,3,1,4294967295,4294967295
9,0,1,3,3,4294967295,4294967295
9,0,3,0,0,4294967294,4294967294
9,0,3,0,1,4294967294,4294967294
9,0,3,0,3,4294967294,4294967294
9,0,3,1,0,4294967294,4294967294
9,0,3,1,1,4294967294,4294967294
9,0,3,1,3,4294967294,4294967294
9,0,3,3,0,4294967294,4294967294
9,0,3,3,1,4294967294,4294967294
9,0,3,3,3,4294967294,4294967294
9,1,0,0,0,1,1
9,1,0,0,1,1,1
9,1,0,0,3,1,1
9,1,0,1,0,1,1
9,1,0,1,1,1,1
9,1,0,1,3,1,1
9,1,0,3,0,1,1
9,1,0,3,1,1,1
9,1,0,3,3,1,1
9,1,1,0,0,0,0
9,1,1,0,1,0,0
9,1,1,0,3,0,0
9,1,1,1,0,0,0
9,1,1,1,1,0,0
9,1,1,1,3,0,0
9,1,1,3,0,0,0
9,1,1,3,1,0,0
9,1,1,3,3,0,0
9,1,3,0,0,4294967294,4294967294
9,1,3,0,1,4294967294,4294967294
9,1,3,0,3,4294967294,4294967294
9,1,3,1,0,4294967294,4294967294
9,1,3,1,1,4294967294,4294967294
9,1,3,1,3,4294967294,4294967294
9,1,3,3,0,4294967294,4294967294
9,1,3,3,1,4294967294,4294967294
9,1,3,3,3,4294967294,4294967294
9,3,0,0,0,3,3
9,3,0,0,1,3,3
9,3,0,0,3,3,3
9,3,0,1,0,3,3
9,3,0,1,1,3,3
9,3,0,1,3,3,3
9,3,0,3,0,3,3
9,3,0,3,1,3,3
9,3,0,3,3,3,3
9,3,1,0,0,2,2
9,3,1,0,1,2,2
9,3,1,0,3,2,2
9,3,1,1,0,2,2
9,3,1,1,1,2,2
9,3,1,1,3,2,2
9,3,1,3,0,2,2
9,3,1,3,1,2,2
9,3,1,3,3,2,2
9,3,3,0,0,0,0
9,3,3,0,1,0,0
9,3,3,0,3,0,0
9,3,3,1,0,0,0
9,3,3,1,1,0,0
9,3,3,1,3,0,0
9,3,3,3,0,0,0
9,3,3,3,1,0,0
9,3,3,3,3,0,0
10,0,0,0,0,0,0
10,0,0,0,1,0,0
10,0,0,0,3,0,0
10,0,0,1,0,0,0
10,0,0,1,1,0,0
10,0,0,1,3,0,0
10,0,0,3,0,0,0
10,0,0,3,1,0,0
10,0,0,3,3,0,0
10,0,1,0,0,4294967295,4294967295
10,0,1,0,1,4294967295,4294967295
10,0,1,0,3,4294967295,4294967295
10,0,1,1,0,4294967295,4294967295
10,0,1,1,1,4294967295,4294967295
10,0,1,1,3,4294967295,4294967295
10,0,1,3,0,4294967295,4294967295
10,0,1,3,1,4294967295,4294967295
10,0,1,3,3,4294967295,4294967295
10,0,3,0,0,4294967293,4294967293
10,0,3,0,1,4294967293,4294967293
10,0,3,0,3,4294967293,4294967293
10,0,3,1,0,4294967293,4294967293
10,0,3,1,1,4294967293,4294967293
10,0,3,1,3,4294967293,4294967293
10,0,3,3,0,4294967293,4294967293
10,0,3,3,1,4294967293,4294967293
10,0,3,3,3,4294967293,4294967293
10,1,0,0,0,1,1
10,1,0,0,1,1,1
10,1,0,0,3,1,1
10,1,0,1,0,1,1
10,1,0,1,1,1,1
10,1,0,1,3,1,1
10,1,0,3,0,1,1
10,1,0,3,1,1,1
10,1,0,3,3,1,1
10,1,1,0,0,0,0
10,1,1,0,1,0,0
10,1,1,0,3,0,0
10,1,1,1,0,0,0
10,1,1,1,1,0,0
10,1,1,1,3,0,0
10,1,1,3,0,0,0
10,1,1,3,1,0,0
10,1,1,3,3,0,0
10,1,3,0,0,4294967294,4294967294
10,1,3,0,1,4294967294,4294967294
10,1,3,0,3,4294967294,4294967294
10,1,3,1,0,4294967294,4294967294
10,1,3,1,1,4294967294,4294967294
10,1,3,1,3,4294967294,4294967294
10,1,3,3,0,4294967294,4294967294
10,1,3,3,1,4294967294,4294967294
10,1,3,3,3,4294967294,4294967294
10,3,0,0,0,3,3
10,3,0,0,1,3,3
10,3,0,0,3,3,3
10,3,0,1,0,3,3
10,3,0,1,1,3,3
10,3,0,1,3,3,3
10,3,0,3,0,3,3
10,3,0,3,1,3,3
10,3,0,3,3,3,3
10,3,1,0,0,2,2
10,3,1,0,1,2,2
10,3,1,0,3,2,2
10,3,1,1,0,2,2
10,3,1,1,1,2,2
10,3,1,1,3,2,2
10,3,1,3,0,2,2
10,3,1,3,1,2,2
10,3,1,3,3,2,2
10,3,3,0,0,1,1
10,3,3,0,1,1,1
10,3,3,0,3,1,1
10,3,3,1,0,1,1
10,3,3,1,1,1,1
10,3,3,1,3,1,1
10,3,3,3,0,1,1
10,3,3,3,1,1,1
10,3,3,3,3,1,1
11,0,0,0,0,0,0
11,0,0,0,1,0,0
11,0,0,1,0,0,0
11,0,0,1,1,0,0
11,0,0,3,0,0,0
11,0,0,3,1,0,0
11,0,1,0,0,4294967295,4294967295
11,0,1,0,1,4294967295,4294967295
11,0,1,1,0,4294967295,4294967295
11,0,1,1,1,4294967295,4294967295
11,0,1,3,0,4294967295,4294967295
11,0,1,3,1,4294967295,4294967295
11,0,3,0,0,4294967293,4294967293
11,0,3,0,1,4294967293,4294967293
11,0,3,1,0,4294967293,4294967293
11,0,3,1,1,4294967293,4294967293
11,0,3,3,0,4294967293,4294967293
11,0,3,3,1,4294967293,4294967293
11,1,0,0,0,1,1
11,1,0,0,1,1,1
11,1,0,1,0,1,1
11,1,0,1,1,1,1
11,1,0,3,0,1,1
11,1,0,3,1,1,1
11,1,1,0,0,0,0
11,1,1,0,1,0,0
11,1,1,1,0,0,0
11,1,1,1,1,0,0
11,1,1,3,0,0,0
11,1,1,3,1,0,0
11,1,3,0,0,4294967294,4294967294
11,1,3,0,1,4294967294,4294967294
11,1,3,1,0,4294967294,4294967294
11,1,3,1,1,4294967294,4294967294
11,1,3,3,0,4294967294,4294967294
11,1,3,3,1,4294967294,4294967294
11,3,0,0,0,3,3
11,3,0,0,1,3,3
11,3,0,1,0,3,3
11,3,0,1,1,3,3
11,3,0,3,0,3,3
11,3,0,3,1,3,3
11,3,1,0,0,2,2
11,3,1,0,1,2,2
11,3,1,1,0,2,2
11,3,1,1,1,2,2
11,3,1,3,0,2,2
11,3,1,3,1,2,2
11,3,3,0,0,0,0
11,3,3,0,1,0,0
11,3,3,1,0,0,0
11,3,3,1,1,0,0
11,3,3,3,0,0,0
11,3,3,3,1,0,0
12,0,0,0,0,4294967295,4294967295
12,0,0,0,1,4294967295,4294967295
12,0,0,0,3,4294967295,4294967295
12,0,0,1,0,4294967295,4294967295
12,0,0,1,1,4294967295,4294967295
12,0,0,1,3,4294967295,4294967295
12,0,0,3,0,4294967295,4294967295
12,0,0,3,1,4294967295,4294967295
12,0,0,3,3,4294967295,4294967295
12,0,1,0,0,4294967295,4294967295
12,0,1,0,1,4294967295,4294967295
12,0,1,0,3,4294967295,4294967295
12,0,1,1,0,4294967295,4294967295
12,0,1,1,1,4294967295,4294967295
12,0,1,1,3,4294967295,4294967295
12,0,1,3,0,4294967295,4294967295
12,0,1,3,1,4294967295,4294967295
12,0,1,3,3,4294967295,4294967295
12,0,3,0,0,4294967295,4294967295
12,0,3,0,1,4294967295,4294967295
12,0,3,0,3,4294967295,4294967295
12,0,3,1,0,4294967295,4294967295
12,0,3,1,1,4294967295,4294967295
12,0,3,1,3,4294967295,4294967295
12,0,3,3,0,4294967295,4294967295
12,0,3,3,1,4294967295,4294967295
12,0,3,3,3,4294967295,4294967295
12,1,0,0,0,1,1
12,1,0,0,1,1,1
12,1,0,0,3,1,1
12,1,0,1,0,1,1
12,1,0,1,1,1,1
12,1,0,1,3,1,1
12,1,0,3,0,1,1
12,1,0,3,1,1,1
12,1,0,3,3,1,1
12,1,1,0,0,2,2
12,1,1,0,1,2,2
12,1,1,0,3,2,2
12,1,1,1,0,2,2
12,1,1,1,1,2,2
12,1,1,1,3,2,2
12,1,1,3,0,2,2
12,1,1,3,1,2,2
12,1,1,3,3,2,2
12,1,3,0,0,4,4
12,1,3,0,1,4,4
12,1,3,0,3,4,4
12,1,3,1,0,4,4
12,1,3,1,1,4,4
12,1,3,1,3,4,4
12,1,3,3,0,4,4
12,1,3,3,1,4,4
12,1,3,3,3,4,4
12,3,0,0,0,3,3
12,3,0,0,1,3,3
12,3,0,0,3,3,3
12,3,0,1,0,3,3
12,3,0,1,1,3,3
12,3,0,1,3,3,3
12,3,0,3,0,3,3
12,3,0,3,1,3,3
12,3,0,3,3,3,3
12,3,1,0,0,6,6
12,3,1,0,1,6,6
12,3,1,0,3,6,6
12,3,1,1,0,6,6
12,3,1,1,1,6,6
12,3,1,1,3,6,6
12,3,1,3,0,6,6
12,3,1,3,1,6,6
12,3,1,3,3,6,6
12,3,3,0,0,12,12
12,3,3,0,1,12,12
12,3,3,0,3,12,12
12,3,3,1,0,12,12
12,3,3,1,1,12,12
12,3,3,1,3,12,12
12,3,3,3,0,12,12
12,3,3,3,1,12,12
12,3,3,3,3,12,12
13,0,0,0,0,0,0
13,0,0,0,1,0,0
13,0,0,0,3,0,0
13,0,0,1,0,0,0
13,0,0,1,1,0,0
13,0,0,1,3,0,0
13,0,0,3,0,0,0
13,0,0,3,1,0,0
13,0,0,3,3,0,0
13,0,1,0,0,0,0
13,0,1,0,1,0,0
13,0,1,0,3,0,0
13,0,1,1,0,0,0
13,0,1,1,1,0,0
13,0,1,1,3,0,0
13,0,1,3,0,0,0
13,0,1,3,1,0,0
13,0,1,3,3,0,0
13,0,3,0,0,0,0
13,0,3,0,1,0,0
13,0,3,0,3,0,0
13,0,3,1,0,0,0
13,0,3,1,1,0,0
13,0,3,1,3,0,0
13,0,3,3,0,0,0
13,0,3,3,1,0,0
13,0,3,3,3,0,0
13,1,0,0,0,1,1
13,1,0,0,1,1,1
13,1,0,0,3,1,1
13,1,0,1,0,1,1
13,1,0,1,1,1,1
13,1,0,1,3,1,1
13,1,0,3,0,1,1
13,1,0,3,1,1,1
13,1,0,3,3,1,1
13,1,1,0,0,2,2
13,1,1,0,1,2,2
13,1,1,0,3,2,2
13,1,1,1,0,2,2
13,1,1,1,1,2,2
13,1,1,1,3,2,2
13,1,1,3,0,2,2
13,1,1,3,1,2,2
13,1,1,3,3,2,2
13,1,3,0,0,4,4
13,1,3,0,1,4,4
13,1,3,0,3,4,4
13,1,3,1,0,4,4
13,1,3,1,1,4,4
13,1,3,1,3,4,4
13,1,3,3,0,4,4
13,1,3,3,1,4,4
13,1,3,3,3,4,4
13,3,0,0,0,3,3
13,3,0,0,1,3,3
13,3,0,0,3,3,3
13,3,0,1,0,3,3
13,3,0,1,1,3,3
13,3,0,1,3,3,3
13,3,0,3,0,3,3
13,3,0,3,1,3,3
13,3,0,3,3,3,3
13,3,1,0,0,6,6
13,3,1,0,1,6,6
13,3,1,0,3,6,6
13,3,1,1,0,6,6
13,3,1,1,1,6,6
13,3,1,1,3,6,6
13,3,1,3,0,6,6
13,3,1,3,1,6,6
13,3,1,3,3,6,6
13,3,3,0,0,12,12
13,3,3,0,1,12,12
13,3,3,0,3,12,12
13,3,3,1,0,12,12
13,3,3,1,1,12,12
13,3,3,1,3,12,12
13,3,3,3,0,12,12
13,3,3,3,1,12,12
13,3,3,3,3,12,12
14,0,0,0,0,0,0
14,0,0,0,1,0,0
14,0,0,0,3,0,0
14,0,0,1,0,0,0
14,0,0,1,1,0,0
14,0,0,1,3,0,0
14,0,0,3,0,0,0
14,0,0,3,1,0,0
14,0,0,3,3,0,0
14,0,1,0,0,0,0
14,0,1,0,1,0,0
14,0,1,0,3,0,0
14,0,1,1,0,0,0
14,0,1,1,1,0,0
14,0,1,1,3,0,0
14,0,1,3,0,0,0
14,0,1,3,1,0,0
14,0,1,3,3,0,0
14,0,3,0,0,0,0
14,0,3,0,1,0,0
14,0,3,0,3,0,0
14,0,3,1,0,0,0
14,0,3,1,1,0,0
14,0,3,1,3,0,0
14,0,3,3,0,0,0
14,0,3,3,1,0,0
14,0,3,3,3,0,0
14,1,0,0,0,1,1
14,1,0,0,1,1,1
14,1,0,0,3,1,1
14,1,0,1,0,1,1
14,1,0,1,1,1,1
14,1,0,1,3,1,1
14,1,0,3,0,1,1
14,1,0,3,1,1,1
14,1,0,3,3,1,1
14,1,1,0,0,2,2
14,1,1,0,1,2,2
14,1,1,0,3,2,2
14,1,1,1,0,2,2
14,1,1,1,1,2,2
14,1,1,1,3,2,2
14,1,1,3,0,2,2
14,1,1,3,1,2,2
14,1,1,3,3,2,2
14,1,3,0,0,4,4
14,1,3,0,1,4,4
14,1,3,0,3,4,4
14,1,3,1,0,4,4
14,1,3,1,1,4,4
14,1,3,1,3,4,4
14,1,3,3,0,4,4
14,1,3,3,1,4,4
14,1,3,3,3,4,4
14,3,0,0,0,3,3
14,3,0,0,1,3,3
14,3,0,0,3,3,3
14,3,0,1,0,3,3
14,3,0,1,1,3,3
14,3,0,1,3,3,3
14,3,0,3,0,3,3
14,3,0,3,1,3,3
14,3,0,3,3,3,3
14,3,1,0,0,6,6
14,3,1,0,1,6,6
14,3,1,0,3,6,6
14,3,1,1,0,6,6
14,3,1,1,1,6,6
14,3,1,1,3,6,6
14,3,1,3,0,6,6
14,3,1,3,1,6,6
14,3,1,3,3,6,6
14,3,3,0,0,12,12
14,3,3,0,1,12,12
14,3,3,0,3,12,12
14,3,3,1,0,12,12
14,3,3,1,1,12,12
14,3,3,1,3,12,12
14,3,3,3,0,12,12
14,3,3,3,1,12,12
14,3,3,3,3,12,12
15,0,0,0,0,0,0
15,0,0,0,1,0,0
15,0,0,0,3,0,0
15,0,0,1,0,0,0
15,0,0,1,1,0,0
15,0,0,1,3,0,0
15,0,0,3,0,0,0
15,0,0,3,1,0,0
15,0,0,3,3,0,0
15,0,1,0,0,0,0
15,0,1,0,1,0,0
15,0,1,0,3,0,0
15,0,1,1,0,0,0
15,0,1,1,1,0,0
15,0,1,1,3,0,0
15,0,1,3,0,0,0
15,0,1,3,1,0,0
15,0,1,3,3,0,0
15,0,3,0,0,1,1
15,0,3,0,1,1,1
15,0,3,0,3,1,1
15,0,3,1,0,1,1
15,0,3,1,1,1,1
15,0,3,1,3,1,1
15,0,3,3,0,1,1
15,0,3,3,1,1,1
15,0,3,3,3,1,1
15,1,0,0,0,1,1
15,1,0,0,1,1,1
15,1,0,0,3,1,1
15,1,0,1,0,1,1
15,1,0,1,1,1,1
15,1,0,1,3,1,1
15,1,0,3,0,1,1
15,1,0,3,1,1,1
15,1,0,3,3,1,1
15,1,1,0,0,2,2
15,1,1,0,1,2,2
15,1,1,0,3,2,2
15,1,1,1,0,2,2
15,1,1,1,1,2,2
15,1,1,1,3,2,2
15,1,1,3,0,2,2
15,1,1,3,1,2,2
15,1,1,3,3,2,2
15,1,3,0,0,4,4
15,1,3,0,1,4,4
15,1,3,0,3,4,4
15,1,3,1,0,4,4
15,1,3,1,1,4,4
15,1,3,1,3,4,4
15,1,3,3,0,4,4
15,1,3,3,1,4,4
15,1,3,3,3,4,4
15,3,0,0,0,3,3
15,3,0,0,1,3,3
15,3,0,0,3,3,3
15,3,0,1,0,3,3
15,3,0,1,1,3,3
15,3,0,1,3,3,3
15,3,0,3,0,3,3
15,3,0,3,1,3,3
15,3,0,3,3,3,3
15,3,1,0,0,6,6
15,3,1,0,1,6,6
15,3,1,0,3,6,6
15,3,1,1,0,6,6
15,3,1,1,1,6,6
15,3,1,1,3,6,6
15,3,1,3,0,6,6
15,3,1,3,1,6,6
15,3,1,3,3,6,6
15,3,3,0,0,12,12
15,3,3,0,1,12,12
15,3,3,0,3,12,12
15,3,3,1,0,12,12
15,3,3,1,1,12,12
15,3,3,1,3,12,12
15,3,3,3,0,12,12
15,3,3,3,1,12,12
15,3,3,3,3,12,12
16,0,0,0,0,0,0
16,0,0,0,1,0,0
16,0,0,0,3,0,0
16,0,0,1,0,0,0
16,0,0,1,1,0,0
16,0,0,1,3,0,0
16,0,0,3,0,0,0
16,0,0,3,1,0,0
16,0,0,3,3,0,0
16,0,1,0,0,0,0
16,0,1,0,1,0,0
16,0,1,0,3,0,0
16,0,1,1,0,0,0
16,0,1,1,1,0,0
16,0,1,1,3,0,0
16,0,1,3,0,0,0
16,0,1,3,1,0,0
16,0,1,3,3,0,0
16,0,3,0,0,0,0
16,0,3,0,1,0,0
16,0,3,0,3,0,0
16,0,3,1,0,0,0
16,0,3,1,1,0,0
16,0,3,1,3,0,0
16,0,3,3,0,0,0
16,0,3,3,1,0,0
16,0,3,3,3,0,0
16,1,0,0,0,1,1
16,1,0,0,1,1,1
16,1,0,0,3,1,1
16,1,0,1,0,1,1
16,1,0,1,1,1,1
16,1,0,1,3,1,1
16,1,0,3,0,1,1
16,1,0,3,1,1,1
16,1,0,3,3,1,1
16,1,1,0,0,2,2
16,1,1,0,1,2,2
16,1,1,0,3,2,2
16,1,1,1,0,2,2
16,1,1,1,1,2,2
16,1,1,1,3,2,2
16,1,1,3,0,2,2
16,1,1,3,1,2,2
16,1,1,3,3,2,2
16,1,3,0,0,4,4
16,1,3,0,1,4,4
16,1,3,0,3,4,4
16,1,3,1,0,4,4
16,1,3,1,1,4,4
16,1,3,1,3,4,4
16,1,3,3,0,4,4
16,1,3,3,1,4,4
16,1,3,3,3,4,4
16,3,0,0,0,3,3
16,3,0,0,1,3,3
16,3,0,0,3,3,3
16,3,0,1,0,3,3
16,3,0,1,1,3,3
16,3,0,1,3,3,3
16,3,0,3,0,3,3
16,3,0,3,1,3,3
16,3,0,3,3,3,3
16,3,1,0,0,6,6
16,3,1,0,1,6,6
16,3,1,0,3,6,6
16,3,1,1,0,6,6
16,3,1,1,1,6,6
16,3,1,1,3,6,6
16,3,1,3,0,6,6
16,3,1,3,1,6,6
16,3,1,3,3,6,6
16,3,3,0,0,13,13
16,3,3,0,1,13,13
16,3,3,0,3,13,13
16,3,3,1,0,13,13
16,3,3,1,1,13,13
16,3,3,1,3,13,13
16,3,3,3,0,13,13
16,3,3,3,1,13,13
16,3,3,3,3,13,13
17,0,0,0,0,0,0
17,0,0,0,1,0,0
17,0,0,1,0,0,0
17,0,0,1,1,0,0
17,0,0,3,0,0,0
17,0,0,3,1,0,0
17,0,1,0,0,0,0
17,0,1,0,1,0,0
17,0,1,1,0,0,0
17,0,1,1,1,0,0
17,0,1,3,0,0,0
17,0,1,3,1,0,0
17,0,3,0,0,0,0
17,0,3,0,1,0,0
17,0,3,1,0,0,0
17,0,3,1,1,0,0
17,0,3,3,0,0,0
17,0,3,3,1,0,0
17,1,0,0,0,1,1
17,1,0,0,1,1,1
17,1,0,1,0,1,1
17,1,0,1,1,1,1
17,1,0,3,0,1,1
17,1,0,3,1,1,1
17,1,1,0,0,2,2
17,1,1,0,1,2,2
17,1,1,1,0,2,2
17,1,1,1,1,2,2
17,1,1,3,0,2,2
17,1,1,3,1,2,2
17,1,3,0,0,4,4
17,1,3,0,1,4,4
17,1,3,1,0,4,4
17,1,3,1,1,4,4
17,1,3,3,0,4,4
17,1,3,3,1,4,4
17,3,0,0,0,3,3
17,3,0,0,1,3,3
17,3,0,1,0,3,3
17,3,0,1,1,3,3
17,3,0,3,0,3,3
17,3,0,3,1,3,3
17,3,1,0,0,6,6
17,3,1,0,1,6,6
17,3,1,1,0,6,6
17,3,1,1,1,6,6
17,3,1,3,0,6,6
17,3,1,3,1,6,6
17,3,3,0,0,12,12
17,3,3,0,1,12,12
17,3,3,1,0,12,12
17,3,3,1,1,12,12
17,3,3,3,0,12,12
17,3,3,3,1,12,12
18,0,0,0,0,4294967295,4294967295
18,0,0,0,1,4294967295,4294967295
18,0,0,0,3,4294967295,4294967295
18,0,0,1,0,4294967295,4294967295
18,0,0,1,1,4294967295,4294967295
18,0,0,1,3,4294967295,4294967295
18,0,0,3,0,4294967295,4294967295
18,0,0,3,1,4294967295,4294967295
18,0,0,3,3,4294967295,4294967295
18,0,1,0,0,0,0
18,0,1,0,1,0,0
18,0,1,0,3,0,0
18,0,1,1,0,0,0
18,0,1,1,1,0,0
18,0,1,1,3,0,0
18,0,1,3,0,0,0
18,0,1,3,1,0,0
18,0,1,3,3,0,0
18,0,3,0,0,2,2
18,0,3,0,1,2,2
18,0,3,0,3,2,2
18,0,3,1,0,2,2
18,0,3,1,1,2,2
18,0,3,1,3,2,2
18,0,3,3,0,2,2
18,0,3,3,1,2,2
18,0,3,3,3,2,2
18,1,0,0,0,1,1
18,1,0,0,1,1,1
18,1,0,0,3,1,1
18,1,0,1,0,1,1
18,1,0,1,1,1,1
18,1,0,1,3,1,1
18,1,0,3,0,1,1
18,1,0,3,1,1,1
18,1,0,3,3,1,1
18,1,1,0,0,0,0
18,1,1,0,1,0,0
18,1,1,0,3,0,0
18,1,1,1,0,0,0
18,1,1,1,1,0,0
18,1,1,1,3,0,0
18,1,1,3,0,0,0
18,1,1,3,1,0,0
18,1,1,3,3,0,0
18,1,3,0,0,2,2
18,1,3,0,1,2,2
18,1,3,0,3,2,2
18,1,3,1,0,2,2
18,1,3,1,1,2,2
18,1,3,1,3,2,2
18,1,3,3,0,2,2
18,1,3,3,1,2,2
18,1,3,3,3,2,2
18,3,0,0,0,3,3
18,3,0,0,1,3,3
18,3,0,0,3,3,3
18,3,0,1,0,3,3
18,3,0,1,1,3,3
18,3,0,1,3,3,3
18,3,0,3,0,3,3
18,3,0,3,1,3,3
18,3,0,3,3,3,3
18,3,1,0,0,2,2
18,3,1,0,1,2,2
18,3,1,0,3,2,2
18,3,1,1,0,2,2
18,3,1,1,1,2,2
18,3,1,1,3,2,2
18,3,1,3,0,2,2
18,3,1,3,1,2,2
18,3,1,3,3,2,2
18,3,3,0,0,0,0
18,3,3,0,1,0,0
18,3,3,0,3,0,0
18,3,3,1,0,0,0
18,3,3,1,1,0,0
18,3,3,1,3,0,0
18,3,3,3,0,0,0
18,3,3,3,1,0,0
18,3,3,3,3,0,0
19,0,0,0,0,0,0
19,0,0,0,1,0,0
19,0,0,0,3,0,0
19,0,0,1,0,0,0
19,0,0,1,1,0,0
19,0,0,1,3,0,0
19,0,0,3,0,0,0
19,0,0,3,1,0,0
19,0,0,3,3,0,0
19,0,1,0,0,1,1
19,0,1,0,1,1,1
19,0,1,0,3,1,1
19,0,1,1,0,1,1
19,0,1,1,1,1,1
19,0,1,1,3,1,1
19,0,1,3,0,1,1
19,0,1,3,1,1,1
19,0,1,3,3,1,1
19,0,3,0,0,3,3
19,0,3,0,1,3,3
19,0,3,0,3,3,3
19,0,3,1,0,3,3
19,0,3,1,1,3,3
19,0,3,1,3,3,3
19,0,3,3,0,3,3
19,0,3,3,1,3,3
19,0,3,3,3,3,3
19,1,0,0,0,1,1
19,1,0,0,1,1,1
19,1,0,0,3,1,1
19,1,0,1,0,1,1
19,1,0,1,1,1,1
19,1,0,1,3,1,1
19,1,0,3,0,1,1
19,1,0,3,1,1,1
19,1,0,3,3,1,1
19,1,1,0,0,0,0
19,1,1,0,1,0,0
19,1,1,0,3,0,0
19,1,1,1,0,0,0
19,1,1,1,1,0,0
19,1,1,1,3,0,0
19,1,1,3,0,0,0
19,1,1,3,1,0,0
19,1,1,3,3,0,0
19,1,3,0,0,2,2
19,1,3,0,1,2,2
19,1,3,0,3,2,2
19,1,3,1,0,2,2
19,1,3,1,1,2,2
19,1,3,1,3,2,2
19,1,3,3,0,2,2
19,1,3,3,1,2,2
19,1,3,3,3,2,2
19,3,0,0,0,3,3
19,3,0,0,1,3,3
19,3,0,0,3,3,3
19,3,0,1,0,3,3
19,3,0,1,1,3,3
19,3,0,1,3,3,3
19,3,0,3,0,3,3
19,3,0,3,1,3,3
19,3,0,3,3,3,3
19,3,1,0,0,2,2
19,3,1,0,1,2,2
19,3,1,0,3,2,2
19,3,1,1,0,2,2
19,3,1,1,1,2,2
19,3,1,1,3,2,2
19,3,1,3,0,2,2
19,3,1,3,1,2,2
19,3,1,3,3,2,2
19,3,3,0,0,0,0
19,3,3,0,1,0,0
19,3,3,0,3,0,0
19,3,3,1,0,0,0
19,3,3,1,1,0,0
19,3,3,1,3,0,0
19,3,3,3,0,0,0
19,3,3,3,1,0,0
19,3,3,3,3,0,0
20,0,0,0,0,0,0
20,0,0,0,1,0,0
20,0,0,0,3,0,0
20,0,0,1,0,0,0
20,0,0,1,1,0,0
20,0,0,1,3,0,0
20,0,0,3,0,0,0
20,0,0,3,1,0,0
20,0,0,3,3,0,0
20,0,1,0,0,1,1
20,0,1,0,1,1,1
20,0,1,0,3,1,1
20,0,1,1,0,1,1
20,0,1,1,1,1,1
20,0,1,1,3,1,1
20,0,1,3,0,1,1
20,0,1,3,1,1,1
20,0,1,3,3,1,1
20,0,3,0,0,3,3
20,0,3,0,1,3,3
20,0,3,0,3,3,3
20,0,3,1,0,3,3
20,0,3,1,1,3,3
20,0,3,1,3,3,3
20,0,3,3,0,3,3
20,0,3,3,1,3,3
20,0,3,3,3,3,3
20,1,0,0,0,1,1
20,1,0,0,1,1,1
20,1,0,0,3,1,1
20,1,0,1,0,1,1
20,1,0,1,1,1,1
20,1,0,1,3,1,1
20,1,0,3,0,1,1
20,1,0,3,1,1,1
20,1,0,3,3,1,1
20,1,1,0,0,0,0
20,1,1,0,1,0,0
20,1,1,0,3,0,0
20,1,1,1,0,0,0
20,1,1,1,1,0,0
20,1,1,1,3,0,0
20,1,1,3,0,0,0
20,1,1,3,1,0,0
20,1,1,3,3,0,0
20,1,3,0,0,2,2
20,1,3,0,1,2,2
20,1,3,0,3,2,2
20,1,3,1,0,2,2
20,1,3,1,1,2,2
20,1,3,1,3,2,2
20,1,3,3,0,2,2
20,1,3,3,1,2,2
20,1,3,3,3,2,2
20,3,0,0,0,3,3
20,3,0,0,1,3,3
20,3,0,0,3,3,3
20,3,0,1,0,3,3
20,3,0,1,1,3,3
20,3,0,1,3,3,3
20,3,0,3,0,3,3
20,3,0,3,1,3,3
20,3,0,3,3,3,3
20,3,1,0,0,2,2
20,3,1,0,1,2,2
20,3,1,0,3,2,2
20,3,1,1,0,2,2
20,3,1,1,1,2,2
20,3,1,1,3,2,2
20,3,1,3,0,2,2
20,3,1,3,1,2,2
20,3,1,3,3,2,2
20,3,3,0,0,0,0
20,3,3,0,1,0,0
20,3,3,0,3,0,0
20,3,3,1,0,0,0
20,3,3,1,1,0,0
20,3,3,1,3,0,0
20,3,3,3,0,0,0
20,3,3,3,1,0,0
20,3,3,3,3,0,0
21,0,0,0,0,0,0
21,0,0,0,1,0,0
21,0,0,0,3,0,0
21,0,0,1,0,0,0
21,0,0,1,1,0,0
21,0,0,1,3,0,0
21,0,0,3,0,0,0
21,0,0,3,1,0,0
21,0,0,3,3,0,0
21,0,1,0,0,1,1
21,0,1,0,1,1,1
21,0,1,0,3,1,1
21,0,1,1,0,1,1
21,0,1,1,1,1,1
21,0,1,1,3,1,1
21,0,1,3,0,1,1
21,0,1,3,1,1,1
21,0,1,3,3,1,1
21,0,3,0,0,4,4
21,0,3,0,1,4,4
21,0,3,0,3,4,4
21,0,3,1,0,4,4
21,0,3,1,1,4,4
21,0,3,1,3,4,4
21,0,3,3,0,4,4
21,0,3,3,1,4,4
21,0,3,3,3,4,4
21,1,0,0,0,1,1
21,1,0,0,1,1,1
21,1,0,0,3,1,1
21,1,0,1,0,1,1
21,1,0,1,1,1,1
21,1,0,1,3,1,1
21,1,0,3,0,1,1
21,1,0,3,1,1,1
21,1,0,3,3,1,1
21,1,1,0,0,0,0
21,1,1,0,1,0,0
21,1,1,0,3,0,0
21,1,1,1,0,0,0
21,1,1,1,1,0,0
21,1,1,1,3,0,0
21,1,1,3,0,0,0
21,1,1,3,1,0,0
21,1,1,3,3,0,0
21,1,3,0,0,2,2
21,1,3,0,1,2,2
21,1,3,0,3,2,2
21,1,3,1,0,2,2
21,1,3,1,1,2,2
21,1,3,1,3,2,2
21,1,3,3,0,2,2
21,1,3,3,1,2,2
21,1,3,3,3,2,2
21,3,0,0,0,3,3
21,3,0,0,1,3,3
21,3,0,0,3,3,3
21,3,0,1,0,3,3
21,3,0,1,1,3,3
21,3,0,1,3,3,3
21,3,0,3,0,3,3
21,3,0,3,1,3,3
21,3,0,3,3,3,3
21,3,1,0,0,2,2
21,3,1,0,1,2,2
21,3,1,0,3,2,2
21,3,1,1,0,2,2
21,3,1,1,1,2,2
21,3,1,1,3,2,2
21,3,1,3,0,2,2
21,3,1,3,1,2,2
21,3,1,3,3,2,2
21,3,3,0,0,0,0
21,3,3,0,1,0,0
21,3,3,0,3,0,0
21,3,3,1,0,0,0
21,3,3,1,1,0,0
21,3,3,1,3,0,0
21,3,3,3,0,0,0
21,3,3,3,1,0,0
21,3,3,3,3,0,0
22,0,0,0,0,0,0
22,0,0,0,1,0,0
22,0,0,0,3,0,0
22,0,0,1,0,0,0
22,0,0,1,1,0,0
22,0,0,1,3,0,0
22,0,0,3,0,0,0
22,0,0,3,1,0,0
22,0,0,3,3,0,0
22,0,1,0,0,1,1
22,0,1,0,1,1,1
22,0,1,0,3,1,1
22,0,1,1,0,1,1
22,0,1,1,1,1,1
22,0,1,1,3,1,1
22,0,1,3,0,1,1
22,0,1,3,1,1,1
22,0,1,3,3,1,1
22,0,3,0,0,3,3
22,0,3,0,1,3,3
22,0,3,0,3,3,3
22,0,3,1,0,3,3
22,0,3,1,1,3,3
22,0,3,1,3,3,3
22,0,3,3,0,3,3
22,0,3,3,1,3,3
22,0,3,3,3,3,3
22,1,0,0,0,1,1
22,1,0,0,1,1,1
22,1,0,0,3,1,1
22,1,0,1,0,1,1
22,1,0,1,1,1,1
22,1,0,1,3,1,1
22,1,0,3,0,1,1
22,1,0,3,1,1,1
22,1,0,3,3,1,1
22,1,1,0,0,0,0
22,1,1,0,1,0,0
22,1,1,0,3,0,0
22,1,1,1,0,0,0
22,1,1,1,1,0,0
22,1,1,1,3,0,0
22,1,1,3,0,0,0
22,1,1,3,1,0,0
22,1,1,3,3,0,0
22,1,3,0,0,2,2
22,1,3,0,1,2,2
22,1,3,0,3,2,2
22,1,3,1,0,2,2
22,1,3,1,1,2,2
22,1,3,1,3,2,2
22,1,3,3,0,2,2
22,1,3,3,1,2,2
22,1,3,3,3,2,2
22,3,0,0,0,3,3
22,3,0,0,1,3,3
22,3,0,0,3,3,3
22,3,0,1,0,3,3
22,3,0,1,1,3,3
22,3,0,1,3,3,3
22,3,0,3,0,3,3
22,3,0,3,1,3,3
22,3,0,3,3,3,3
22,3,1,0,0,2,2
22,3,1,0,1,2,2
22,3,1,0,3,2,2
22,3,1,1,0,2,2
22,3,1,1,1,2,2
22,3,1,1,3,2,2
22,3,1,3,0,2,2
22,3,1,3,1,2,2
22,3,1,3,3,2,2
22,3,3,0,0,1,1
22,3,3,0,1,1,1
22,3,3,0,3,1,1
22,3,3,1,0,1,1
22,3,3,1,1,1,1
22,3,3,1,3,1,1
22,3,3,3,0,1,1
22,3,3,3,1,1,1
22,3,3,3,3,1,1
23,0,0,0,0,0,0
23,0,0,0,1,0,0
23,0,0,1,0,0,0
23,0,0,1,1,0,0
23,0,0,3,0,0,0
23,0,0,3,1,0,0
23,0,1,0,0,1,1
23,0,1,0,1,1,1
23,0,1,1,0,1,1
23,0,1,1,1,1,1
23,0,1,3,0,1,1
23,0,1,3,1,1,1
23,0,3,0,0,3,3
23,0,3,0,1,3,3
23,0,3,1,0,3,3
23,0,3,1,1,3,3
23,0,3,3,0,3,3
23,0,3,3,1,3,3
23,1,0,0,0,1,1
23,1,0,0,1,1,1
23,1,0,1,0,1,1
23,1,0,1,1,1,1
23,1,0,3,0,1,1
23,1,0,3,1,1,1
23,1,1,0,0,0,0
23,1,1,0,1,0,0
23,1,1,1,0,0,0
23,1,1,1,1,0,0
23,1,1,3,0,0,0
23,1,1,3,1,0,0
23,1,3,0,0,2,2
23,1,3,0,1,2,2
23,1,3,1,0,2,2
23,1,3,1,1,2,2
23,1,3,3,0,2,2
23,1,3,3,1,2,2
23,3,0,0,0,3,3
23,3,0,0,1,3,3
23,3,0,1,0,3,3
23,3,0,1,1,3,3
23,3,0,3,0,3,3
23,3,0,3,1,3,3
23,3,1,0,0,2,2
23,3,1,0,1,2,2
23,3,1,1,0,2,2
23,3,1,1,1,2,2
23,3,1,3,0,2,2
23,3,1,3,1,2,2
23,3,3,0,0,0,0
23,3,3,0,1,0,0
23,3,3,1,0,0,0
23,3,3,1,1,0,0
23,3,3,3,0,0,0
23,3,3,3,1,0,0
24,0,0,0,0,4294967295,4294967295
24,0,0,0,1,4294967295,4294967295
24,0,0,0,3,4294967295,4294967295
24,0,0,1,0,4294967295,4294967295
24,0,0,1,1,4294967295,4294967295
24,0,0,1,3,4294967295,4294967295
24,0,0,3,0,4294967295,4294967295
24,0,0,3,1,4294967295,4294967295
24,0,0,3,3,4294967295,4294967295
24,0,1,0,0,4294967295,4294967295
24,0,1,0,1,4294967295,4294967295
24,0,1,0,3,4294967295,4294967295
24,0,1,1,0,4294967295,4294967295
24,0,1,1,1,4294967295,4294967295
24,0,1,1,3,4294967295,4294967295
24,0,1,3,0,4294967295,4294967295
24,0,1,3,1,4294967295,4294967295
24,0,1,3,3,4294967295,4294967295
24,0,3,0,0,4294967295,4294967295
24,0,3,0,1,4294967295,4294967295
24,0,3,0,3,4294967295,4294967295
24,0,3,1,0,4294967295,4294967295
24,0,3,1,1,4294967295,4294967295
24,0,3,1,3,4294967295,4294967295
24,0,3,3,0,4294967295,4294967295
24,0,3,3,1,4294967295,4294967295
24,0,3,3,3,4294967295,4294967295
24,1,0,0,0,1,1
24,1,0,0,1,1,1
24,1,0,0,3,1,1
24,1,0,1,0,1,1
24,1,0,1,1,1,1
24,1,0,1,3,1,1
24,1,0,3,0,1,1
24,1,0,3,1,1,1
24,1,0,3,3,1,1
24,1,1,0,0,0,0
24,1,1,0,1,0,0
24,1,1,0,3,0,0
24,1,1,1,0,0,0
24,1,1,1,1,0,0
24,1,1,1,3,0,0
24,1,1,3,0,0,0
24,1,1,3,1,0,0
24,1,1,3,3,0,0
24,1,3,0,0,0,0
24,1,3,0,1,0,0
24,1,3,0,3,0,0
24,1,3,1,0,0,0
24,1,3,1,1,0,0
24,1,3,1,3,0,0
24,1,3,3,0,0,0
24,1,3,3,1,0,0
24,1,3,3,3,0,0
24,3,0,0,0,1,1
24,3,0,0,1,1,1
24,3,0,0,3,1,1
24,3,0,1,0,1,1
24,3,0,1,1,1,1
24,3,0,1,3,1,1
24,3,0,3,0,1,1
24,3,0,3,1,1,1
24,3,0,3,3,1,1
24,3,1,0,0,2,2
24,3,1,0,1,2,2
24,3,1,0,3,2,2
24,3,1,1,0,2,2
24,3,1,1,1,2,2
24,3,1,1,3,2,2
24,3,1,3,0,2,2
24,3,1,3,1,2,2
24,3,1,3,3,2,2
24,3,3,0,0,0,0
24,3,3,0,1,0,0
24,3,3,0,3,0,0
24,3,3,1,0,0,0
24,3,3,1,1,0,0
24,3,3,1,3,0,0
24,3,3,3,0,0,0
24,3,3,3,1,0,0
24,3,3,3,3,0,0
25,0,0,0,0,0,0
25,0,0,0,1,0,0
25,0,0,0,3,0,0
25,0,0,1,0,0,0
25,0,0,1,1,0,0
25,0,0,1,3,0,0
25,0,0,3,0,0,0
25,0,0,3,1,0,0
25,0,0,3,3,0,0
25,0,1,0,0,0,0
25,0,1,0,1,0,0
25,0,1,0,3,0,0
25,0,1,1,0,0,0
25,0,1,1,1,0,0
25,0,1,1,3,0,0
25,0,1,3,0,0,0
25,0,1,3,1,0,0
25,0,1,3,3,0,0
25,0,3,0,0,0,0
25,0,3,0,1,0,0
25,0,3,0,3,0,0
25,0,3,1,0,0,0
25,0,3,1,1,0,0
25,0,3,1,3,0,0
25,0,3,3,0,0,0
25,0,3,3,1,0,0
25,0,3,3,3,0,0
25,1,0,0,0,1,1
25,1,0,0,1,1,1
25,1,0,0,3,1,1
25,1,0,1,0,1,1
25,1,0,1,1,1,1
25,1,0,1,3,1,1
25,1,0,3,0,1,1
25,1,0,3,1,1,1
25,1,0,3,3,1,1
25,1,1,0,0,0,0
25,1,1,0,1,0,0
25,1,1,0,3,0,0
25,1,1,1,0,0,0
25,1,1,1,1,0,0
25,1,1,1,3,0,0
25,1,1,3,0,0,0
25,1,1,3,1,0,0
25,1,1,3,3,0,0
25,1,3,0,0,0,0
25,1,3,0,1,0,0
25,1,3,0,3,0,0
25,1,3,1,0,0,0
25,1,3,1,1,0,0
25,1,3,1,3,0,0
25,1,3,3,0,0,0
25,1,3,3,1,0,0
25,1,3,3,3,0,0
25,3,0,0,0,1,1
25,3,0,0,1,1,1
25,3,0,0,3,1,1
25,3,0,1,0,1,1
25,3,0,1,1,1,1
25,3,0,1,3,1,1
25,3,0,3,0,1,1
25,3,0,3,1,1,1
25,3,0,3,3,1,1
25,3,1,0,0,2,2
25,3,1,0,1,2,2
25,3,1,0,3,2,2
25,3,1,1,0,2,2
25,3,1,1,1,2,2
25,3,1,1,3,2,2
25,3,1,3,0,2,2
25,3,1,3,1,2,2
25,3,1,3,3,2,2
25,3,3,0,0,0,0
25,3,3,0,1,0,0
25,3,3,0,3,0,0
25,3,3,1,0,0,0
25,3,3,1,1,0,0
25,3,3,1,3,0,0
25,3,3,3,0,0,0
25,3,3,3,1,0,0
25,3,3,3,3,0,0
26,0,0,0,0,0,0
26,0,0,0,1,0,0
26,0,0,0,3,0,0
26,0,0,1,0,0,0
26,0,0,1,1,0,0
26,0,0,1,3,0,0
26,0,0,3,0,0,0
26,0,0,3,1,0,0
26,0,0,3,3,0,0
26,0,1,0,0,0,0
26,0,1,0,1,0,0
26,0,1,0,3,0,0
26,0,1,1,0,0,0
26,0,1,1,1,0,0
26,0,1,1,3,0,0
26,0,1,3,0,0,0
26,0,1,3,1,0,0
26,0,1,3,3,0,0
26,0,3,0,0,0,0
26,0,3,0,1,0,0
26,0,3,0,3,0,0
26,0,3,1,0,0,0
26,0,3,1,1,0,0
26,0,3,1,3,0,0
26,0,3,3,0,0,0
26,0,3,3,1,0,0
26,0,3,3,3,0,0
26,1,0,0,0,1,1
26,1,0,0,1,1,1
26,1,0,0,3,1,1
26,1,0,1,0,1,1
26,1,0,1,1,1,1
26,1,0,1,3,1,1
26,1,0,3,0,1,1
26,1,0,3,1,1,1
26,1,0,3,3,1,1
26,1,1,0,0,0,0
26,1,1,0,1,0,0
26,1,1,0,3,0,0
26,1,1,1,0,0,0
26,1,1,1,1,0,0
26,1,1,1,3,0,0
26,1,1,3,0,0,0
26,1,1,3,1,0,0
26,1,1,3,3,0,0
26,1,3,0,0,0,0
26,1,3,0,1,0,0
26,1,3,0,3,0,0
26,1,3,1,0,0,0
26,1,3,1,1,0,0
26,1,3,1,3,0,0
26,1,3,3,0,0,0
26,1,3,3,1,0,0
26,1,3,3,3,0,0
26,3,0,0,0,1,1
26,3,0,0,1,1,1
26,3,0,0,3,1,1
26,3,0,1,0,1,1
26,3,0,1,1,1,1
26,3,0,1,3,1,1
26,3,0,3,0,1,1
26,3,0,3,1,1,1
26,3,0,3,3,1,1
26,3,1,0,0,2,2
26,3,1,0,1,2,2
26,3,1,0,3,2,2
26,3,1,1,0,2,2
26,3,1,1,1,2,2
26,3,1,1,3,2,2
26,3,1,3,0,2,2
26,3,1,3,1,2,2
26,3,1,3,3,2,2
26,3,3,0,0,0,0
26,3,3,0,1,0,0
26,3,3,0,3,0,0
26,3,3,1,0,0,0
26,3,3,1,1,0,0
26,3,3,1,3,0,0
26,3,3,3,0,0,0
26,3,3,3,1,0,0
26,3,3,3,3,0,0
27,0,0,0,0,0,0
27,0,0,0,1,0,0
27,0,0,0,3,0,0
27,0,0,1,0,0,0
27,0,0,1,1,0,0
27,0,0,1,3,0,0
27,0,0,3,0,0,0
27,0,0,3,1,0,0
27,0,0,3,3,0,0
27,0,1,0,0,0,0
27,0,1,0,1,0,0
27,0,1,0,3,0,0
27,0,1,1,0,0,0
27,0,1,1,1,0,0
27,0,1,1,3,0,0
27,0,1,3,0,0,0
27,0,1,3,1,0,0
27,0,1,3,3,0,0
27,0,3,0,0,1,1
27,0,3,0,1,1,1
27,0,3,0,3,1,1
27,0,3,1,0,1,1
27,0,3,1,1,1,1
27,0,3,1,3,1,1
27,0,3,3,0,1,1
27,0,3,3,1,1,1
27,0,3,3,3,1,1
27,1,0,0,0,1,1
27,1,0,0,1,1,1
27,1,0,0,3,1,1
27,1,0,1,0,1,1
27,1,0,1,1,1,1
27,1,0,1,3,1,1
27,1,0,3,0,1,1
27,1,0,3,1,1,1
27,1,0,3,3,1,1
27,1,1,0,0,0,0
27,1,1,0,1,0,0
27,1,1,0,3,0,0
27,1,1,1,0,0,0
27,1,1,1,1,0,0
27,1,1,1,3,0,0
27,1,1,3,0,0,0
27,1,1,3,1,0,0
27,1,1,3,3,0,0
27,1,3,0,0,0,0
27,1,3,0,1,0,0
27,1,3,0,3,0,0
27,1,3,1,0,0,0
27,1,3,1,1,0,0
27,1,3,1,3,0,0
27,1,3,3,0,0,0
27,1,3,3,1,0,0
27,1,3,3,3,0,0
27,3,0,0,0,1,1
27,3,0,0,1,1,1
27,3,0,0,3,1,1
27,3,0,1,0,1,1
27,3,0,1,1,1,1
27,3,0,1,3,1,1
27,3,0,3,0,1,1
27,3,0,3,1,1,1
27,3,0,3,3,1,1
27,3,1,0,0,2,2
27,3,1,0,1,2,2
27,3,1,0,3,2,2
27,3,1,1,0,2,2
27,3,1,1,1,2,2
27,3,1,1,3,2,2
27,3,1,3,0,2,2
27,3,1,3,1,2,2
27,3,1,3,3,2,2
27,3,3,0,0,0,0
27,3,3,0,1,0,0
27,3,3,0,3,0,0
27,3,3,1,0,0,0
27,3,3,1,1,0,0
27,3,3,1,3,0,0
27,3,3,3,0,0,0
27,3,3,3,1,0,0
27,3,3,3,3,0,0
28,0,0,0,0,0,0
28,0,0,0,1,0,0
28,0,0,0,3,0,0
28,0,0,1,0,0,0
28,0,0,1,1,0,0
28,0,0,1,3,0,0
28,0,0,3,0,0,0
28,0,0,3,1,0,0
28,0,0,3,3,0,0
28,0,1,0,0,0,0
28,0,1,0,1,0,0
28,0,1,0,3,0,0
28,0,1,1,0,0,0
28,0,1,1,1,0,0
28,0,1,1,3,0,0
28,0,1,3,0,0,0
28,0,1,3,1,0,0
28,0,1,3,3,0,0
28,0,3,0,0,0,0
28,0,3,0,1,0,0
28,0,3,0,3,0,0
28,0,3,1,0,0,0
28,0,3,1,1,0,0
28,0,3,1,3,0,0
28,0,3,3,0,0,0
28,0,3,3,1,0,0
28,0,3,3,3,0,0
28,1,0,0,0,1,1
28,1,0,0,1,1,1
28,1,0,0,3,1,1
28,1,0,1,0,1,1
28,1,0,1,1,1,1
28,1,0,1,3,1,1
28,1,0,3,0,1,1
28,1,0,3,1,1,1
28,1,0,3,3,1,1
28,1,1,0,0,0,0
28,1,1,0,1,0,0
28,1,1,0,3,0,0
28,1,1,1,0,0,0
28,1,1,1,1,0,0
28,1,1,1,3,0,0
28,1,1,3,0,0,0
28,1,1,3,1,0,0
28,1,1,3,3,0,0
28,1,3,0,0,0,0
28,1,3,0,1,0,0
28,1,3,0,3,0,0
28,1,3,1,0,0,0
28,1,3,1,1,0,0
28,1,3,1,3,0,0
28,1,3,3,0,0,0
28,1,3,3,1,0,0
28,1,3,3,3,0,0
28,3,0,0,0,1,1
28,3,0,0,1,1,1
28,3,0,0,3,1,1
28,3,0,1,0,1,1
28,3,0,1,1,1,1
28,3,0,1,3,1,1
28,3,0,3,0,1,1
28,3,0,3,1,1,1
28,3,0,3,3,1,1
28,3,1,0,0,2,2
28,3,1,0,1,2,2
28,3,1,0,3,2,2
28,3,1,1,0,2,2
28,3,1,1,1,2,2
28,3,1,1,3,2,2
28,3,1,3,0,2,2
28,3,1,3,1,2,2
28,3,1,3,3,2,2
28,3,3,0,0,1,1
28,3,3,0,1,1,1
28,3,3,0,3,1,1
28,3,3,1,0,1,1
28,3,3,1,1,1,1
28,3,3,1,3,1,1
28,3,3,3,0,1,1
28,3,3,3,1,1,1
28,3,3,3,3,1,1
29,0,0,0,0,0,0
29,0,0,0,1,0,0
29,0,0,1,0,0,0
29,0,0,1,1,0,0
29,0,0,3,0,0,0
29,0,0,3,1,0,0
29,0,1,0,0,0,0
29,0,1,0,1,0,0
29,0,1,1,0,0,0
29,0,1,1,1,0,0
29,0,1,3,0,0,0
29,0,1,3,1,0,0
29,0,3,0,0,0,0
29,0,3,0,1,0,0
29,0,3,1,0,0,0
29,0,3,1,1,0,0
29,0,3,3,0,0,0
29,0,3,3,1,0,0
29,1,0,0,0,1,1
29,1,0,0,1,1,1
29,1,0,1,0,1,1
29,1,0,1,1,1,1
29,1,0,3,0,1,1
29,1,0,3,1,1,1
29,1,1,0,0,0,0
29,1,1,0,1,0,0
29,1,1,1,0,0,0
29,1,1,1,1,0,0
29,1,1,3,0,0,0
29,1,1,3,1,0,0
29,1,3,0,0,0,0
29,1,3,0,1,0,0
29,1,3,1,0,0,0
29,1,3,1,1,0,0
29,1,3,3,0,0,0
29,1,3,3,1,0,0
29,3,0,0,0,1,1
29,3,0,0,1,1,1
29,3,0,1,0,1,1
29,3,0,1,1,1,1
29,3,0,3,0,1,1
29,3,0,3,1,1,1
29,3,1,0,0,2,2
29,3,1,0,1,2,2
29,3,1,1,0,2,2
29,3,1,1,1,2,2
29,3,1,3,0,2,2
29,3,1,3,1,2,2
29,3,3,0,0,0,0
29,3,3,0,1,0,0
29,3,3,1,0,0,0
29,3,3,1,1,0,0
29,3,3,3,0,0,0
29,3,3,3,1,0,0
30,0,0,0,0,4294967295,4294967295
30,0,0,0,1,4294967295,4294967295
30,0,0,0,3,4294967295,4294967295
30,0,0,1,0,4294967295,4294967295
30,0,0,1,1,4294967295,4294967295
30,0,0,1,3,4294967295,4294967295
30,0,0,3,0,4294967295,4294967295
30,0,0,3,1,4294967295,4294967295
30,0,0,3,3,4294967295,4294967295
30,0,1,0,0,0,0
30,0,1,0,1,0,0
30,0,1,0,3,0,0
30,0,1,1,0,0,0
30,0,1,1,1,0,0
30,0,1,1,3,0,0
30,0,1,3,0,0,0
30,0,1,3,1,0,0
30,0,1,3,3,0,0
30,0,3,0,0,2,2
30,0,3,0,1,2,2
30,0,3,0,3,2,2
30,0,3,1,0,2,2
30,0,3,1,1,2,2
30,0,3,1,3,2,2
30,0,3,3,0,2,2
30,0,3,3,1,2,2
30,0,3,3,3,2,2
30,1,0,0,0,1,1
30,1,0,0,1,1,1
30,1,0,0,3,1,1
30,1,0,1,0,1,1
30,1,0,1,1,1,1
30,1,0,1,3,1,1
30,1,0,3,0,1,1
30,1,0,3,1,1,1
30,1,0,3,3,1,1
30,1,1,0,0,1,1
30,1,1,0,1,1,1
30,1,1,0,3,1,1
30,1,1,1,0,1,1
30,1,1,1,1,1,1
30,1,1,1,3,1,1
30,1,1,3,0,1,1
30,1,1,3,1,1,1
30,1,1,3,3,1,1
30,1,3,0,0,3,3
30,1,3,0,1,3,3
30,1,3,0,3,3,3
30,1,3,1,0,3,3
30,1,3,1,1,3,3
30,1,3,1,3,3,3
30,1,3,3,0,3,3
30,1,3,3,1,3,3
30,1,3,3,3,3,3
30,3,0,0,0,3,3
30,3,0,0,1,3,3
30,3,0,0,3,3,3
30,3,0,1,0,3,3
30,3,0,1,1,3,3
30,3,0,1,3,3,3
30,3,0,3,0,3,3
30,3,0,3,1,3,3
30,3,0,3,3,3,3
30,3,1,0,0,3,3
30,3,1,0,1,3,3
30,3,1,0,3,3,3
30,3,1,1,0,3,3
30,3,1,1,1,3,3
30,3,1,1,3,3,3
30,3,1,3,0,3,3
30,3,1,3,1,3,3
30,3,1,3,3,3,3
30,3,3,0,0,3,3
30,3,3,0,1,3,3
30,3,3,0,3,3,3
30,3,3,1,0,3,3
30,3,3,1,1,3,3
30,3,3,1,3,3,3
30,3,3,3,0,3,3
30,3,3,3,1,3,3
30,3,3,3,3,3,3
31,0,0,0,0,0,0
31,0,0,0,1,0,0
31,0,0,0,3,0,0
31,0,0,1,0,0,0
31,0,0,1,1,0,0
31,0,0,1,3,0,0
31,0,0,3,0,0,0
31,0,0,3,1,0,0
31,0,0,3,3,0,0
31,0,1,0,0,1,1
31,0,1,0,1,1,1
31,0,1,0,3,1,1
31,0,1,1,0,1,1
31,0,1,1,1,1,1
31,0,1,1,3,1,1
31,0,1,3,0,1,1
31,0,1,3,1,1,1
31,0,1,3,3,1,1
31,0,3,0,0,3,3
31,0,3,0,1,3,3
31,0,3,0,3,3,3
31,0,3,1,0,3,3
31,0,3,1,1,3,3
31,0,3,1,3,3,3
31,0,3,3,0,3,3
31,0,3,3,1,3,3
31,0,3,3,3,3,3
31,1,0,0,0,1,1
31,1,0,0,1,1,1
31,1,0,0,3,1,1
31,1,0,1,0,1,1
31,1,0,1,1,1,1
31,1,0,1,3,1,1
31,1,0,3,0,1,1
31,1,0,3,1,1,1
31,1,0,3,3,1,1
31,1,1,0,0,1,1
31,1,1,0,1,1,1
31,1,1,0,3,1,1
31,1,1,1,0,1,1
31,1,1,1,1,1,1
31,1,1,1,3,1,1
31,1,1,3,0,1,1
31,1,1,3,1,1,1
31,1,1,3,3,1,1
31,1,3,0,0,3,3
31,1,3,0,1,3,3
31,1,3,0,3,3,3
31,1,3,1,0,3,3
31,1,3,1,1,3,3
31,1,3,1,3,3,3
31,1,3,3,0,3,3
31,1,3,3,1,3,3
31,1,3,3,3,3,3
31,3,0,0,0,3,3
31,3,0,0,1,3,3
31,3,0,0,3,3,3
31,3,0,1,0,3,3
31,3,0,1,1,3,3
31,3,0,1,3,3,3
31,3,0,3,0,3,3
31,3,0,3,1,3,3
31,3,0,3,3,3,3
31,3,1,0,0,3,3
31,3,1,0,1,3,3
31,3,1,0,3,3,3
31,3,1,1,0,3,3
31,3,1,1,1,3,3
31,3,1,1,3,3,3
31,3,1,3,0,3,3
31,3,1,3,1,3,3
31,3,1,3,3,3,3
31,3,3,0,0,3,3
31,3,3,0,1,3,3
31,3,3,0,3,3,3
31,3,3,1,0,3,3
31,3,3,1,1,3,3
31,3,3,1,3,3,3
31,3,3,3,0,3,3
31,3,3,3,1,3,3
31,3,3,3,3,3,3
32,0,0,0,0,0,0
32,0,0,0,1,0,0
32,0,0,0,3,0,0
32,0,0,1,0,0,0
32,0,0,1,1,0,0
32,0,0,1,3,0,0
32,0,0,3,0,0,0
32,0,0,3,1,0,0
32,0,0,3,3,0,0
32,0,1,0,0,1,1
32,0,1,0,1,1,1
32,0,1,0,3,1,1
32,0,1,1,0,1,1
32,0,1,1,1,1,1
32,0,1,1,3,1,1
32,0,1,3,0,1,1
32,0,1,3,1,1,1
32,0,1,3,3,1,1
32,0,3,0,0,3,3
32,0,3,0,1,3,3
32,0,3,0,3,3,3
32,0,3,1,0,3,3
32,0,3,1,1,3,3
32,0,3,1,3,3,3
32,0,3,3,0,3,3
32,0,3,3,1,3,3
32,0,3,3,3,3,3
32,1,0,0,0,1,1
32,1,0,0,1,1,1
32,1,0,0,3,1,1
32,1,0,1,0,1,1
32,1,0,1,1,1,1
32,1,0,1,3,1,1
32,1,0,3,0,1,1
32,1,0,3,1,1,1
32,1,0,3,3,1,1
32,1,1,0,0,1,1
32,1,1,0,1,1,1
32,1,1,0,3,1,1
32,1,1,1,0,1,1
32,1,1,1,1,1,1
32,1,1,1,3,1,1
32,1,1,3,0,1,1
32,1,1,3,1,1,1
32,1,1,3,3,1,1
32,1,3,0,0,3,3
32,1,3,0,1,3,3
32,1,3,0,3,3,3
32,1,3,1,0,3,3
32,1,3,1,1,3,3
32,1,3,1,3,3,3
32,1,3,3,0,3,3
32,1,3,3,1,3,3
32,1,3,3,3,3,3
32,3,0,0,0,3,3
32,3,0,0,1,3,3
32,3,0,0,3,3,3
32,3,0,1,0,3,3
32,3,0,1,1,3,3
32,3,0,1,3,3,3
32,3,0,3,0,3,3
32,3,0,3,1,3,3
32,3,0,3,3,3,3
32,3,1,0,0,3,3
32,3,1,0,1,3,3
32,3,1,0,3,3,3
32,3,1,1,0,3,3
32,3,1,1,1,3,3
32,3,1,1,3,3,3
32,3,1,3,0,3,3
32,3,1,3,1,3,3
32,3,1,3,3,3,3
32,3,3,0,0,3,3
32,3,3,0,1,3,3
32,3,3,0,3,3,3
32,3,3,1,0,3,3
32,3,3,1,1,3,3
32,3,3,1,3,3,3
32,3,3,3,0,3,3
32,3,3,3,1,3,3
32,3,3,3,3,3,3
33,0,0,0,0,0,0
33,0,0,0,1,0,0
33,0,0,0,3,0,0
33,0,0,1,0,0,0
33,0,0,1,1,0,0
33,0,0,1,3,0,0
33,0,0,3,0,0,0
33,0,0,3,1,0,0
33,0,0,3,3,0,0
33,0,1,0,0,1,1
33,0,1,0,1,1,1
33,0,1,0,3,1,1
33,0,1,1,0,1,1
33,0,1,1,1,1,1
33,0,1,1,3,1,1
33,0,1,3,0,1,1
33,0,1,3,1,1,1
33,0,1,3,3,1,1
33,0,3,0,0,4,4
33,0,3,0,1,4,4
33,0,3,0,3,4,4
33,0,3,1,0,4,4
33,0,3,1,1,4,4
33,0,3,1,3,4,4
33,0,3,3,0,4,4
33,0,3,3,1,4,4
33,0,3,3,3,4,4
33,1,0,0,0,1,1
33,1,0,0,1,1,1
33,1,0,0,3,1,1
33,1,0,1,0,1,1
33,1,0,1,1,1,1
33,1,0,1,3,1,1
33,1,0,3,0,1,1
33,1,0,3,1,1,1
33,1,0,3,3,1,1
33,1,1,0,0,1,1
33,1,1,0,1,1,1
33,1,1,0,3,1,1
33,1,1,1,0,1,1
33,1,1,1,1,1,1
33,1,1,1,3,1,1
33,1,1,3,0,1,1
33,1,1,3,1,1,1
33,1,1,3,3,1,1
33,1,3,0,0,3,3
33,1,3,0,1,3,3
33,1,3,0,3,3,3
33,1,3,1,0,3,3
33,1,3,1,1,3,3
33,1,3,1,3,3,3
33,1,3,3,0,3,3
33,1,3,3,1,3,3
33,1,3,3,3,3,3
33,3,0,0,0,3,3
33,3,0,0,1,3,3
33,3,0,0,3,3,3
33,3,0,1,0,3,3
33,3,0,1,1,3,3
33,3,0,1,3,3,3
33,3,0,3,0,3,3
33,3,0,3,1,3,3
33,3,0,3,3,3,3
33,3,1,0,0,3,3
33,3,1,0,1,3,3
33,3,1,0,3,3,3
33,3,1,1,0,3,3
33,3,1,1,1,3,3
33,3,1,1,3,3,3
33,3,1,3,0,3,3
33,3,1,3,1,3,3
33,3,1,3,3,3,3
33,3,3,0,0,3,3
33,3,3,0,1,3,3
33,3,3,0,3,3,3
33,3,3,1,0,3,3
33,3,3,1,1,3,3
33,3,3,1,3,3,3
33,3,3,3,0,3,3
33,3,3,3,1,3,3
33,3,3,3,3,3,3
34,0,0,0,0,0,0
34,0,0,0,1,0,0
34,0,0,0,3,0,0
34,0,0,1,0,0,0
34,0,0,1,1,0,0
34,0,0,1,3,0,0
34,0,0,3,0,0,0
34,0,0,3,1,0,0
34,0,0,3,3,0,0
34,0,1,0,0,1,1
34,0,1,0,1,1,1
34,0,1,0,3,1,1
34,0,1,1,0,1,1
34,0,1,1,1,1,1
34,0,1,1,3,1,1
34,0,1,3,0,1,1
34,0,1,3,1,1,1
34,0,1,3,3,1,1
34,0,3,0,0,3,3
34,0,3,0,1,3,3
34,0,3,0,3,3,3
34,0,3,1,0,3,3
34,0,3,1,1,3,3
34,0,3,1,3,3,3
34,0,3,3,0,3,3
34,0,3,3,1,3,3
34,0,3,3,3,3,3
34,1,0,0,0,1,1
34,1,0,0,1,1,1
34,1,0,0,3,1,1
34,1,0,1,0,1,1
34,1,0,1,1,1,1
34,1,0,1,3,1,1
34,1,0,3,0,1,1
34,1,0,3,1,1,1
34,1,0,3,3,1,1
34,1,1,0,0,1,1
34,1,1,0,1,1,1
34,1,1,0,3,1,1
34,1,1,1,0,1,1
34,1,1,1,1,1,1
34,1,1,1,3,1,1
34,1,1,3,0,1,1
34,1,1,3,1,1,1
34,1,1,3,3,1,1
34,1,3,0,0,3,3
34,1,3,0,1,3,3
34,1,3,0,3,3,3
34,1,3,1,0,3,3
34,1,3,1,1,3,3
34,1,3,1,3,3,3
34,1,3,3,0,3,3
34,1,3,3,1,3,3
34,1,3,3,3,3,3
34,3,0,0,0,3,3
34,3,0,0,1,3,3
34,3,0,0,3,3,3
34,3,0,1,0,3,3
34,3,0,1,1,3,3
34,3,0,1,3,3,3
34,3,0,3,0,3,3
34,3,0,3,1,3,3
34,3,0,3,3,3,3
34,3,1,0,0,3,3
34,3,1,0,1,3,3
34,3,1,0,3,3,3
34,3,1,1,0,3,3
34,3,1,1,1,3,3
34,3,1,1,3,3,3
34,3,1,3,0,3,3
34,3,1,3,1,3,3
34,3,1,3,3,3,3
34,3,3,0,0,4,4
34,3,3,0,1,4,4
34,3,3,0,3,4,4
34,3,3,1,0,4,4
34,3,3,1,1,4,4
34,3,3,1,3,4,4
34,3,3,3,0,4,4
34,3,3,3,1,4,4
34,3,3,3,3,4,4
35,0,0,0,0,0,0
35,0,0,0,1,0,0
35,0,0,1,0,0,0
35,0,0,1,1,0,0
35,0,0,3,0,0,0
35,0,0,3,1,0,0
35,0,1,0,0,1,1
35,0,1,0,1,1,1
35,0,1,1,0,1,1
35,0,1,1,1,1,1
35,0,1,3,0,1,1
35,0,1,3,1,1,1
35,0,3,0,0,3,3
35,0,3,0,1,3,3
35,0,3,1,0,3,3
35,0,3,1,1,3,3
35,0,3,3,0,3,3
35,0,3,3,1,3,3
35,1,0,0,0,1,1
35,1,0,0,1,1,1
35,1,0,1,0,1,1
35,1,0,1,1,1,1
35,1,0,3,0,1,1
35,1,0,3,1,1,1
35,1,1,0,0,1,1
35,1,1,0,1,1,1
35,1,1,1,0,1,1
35,1,1,1,1,1,1
35,1,1,3,0,1,1
35,1,1,3,1,1,1
35,1,3,0,0,3,3
35,1,3,0,1,3,3
35,1,3,1,0,3,3
35,1,3,1,1,3,3
35,1,3,3,0,3,3
35,1,3,3,1,3,3
35,3,0,0,0,3,3
35,3,0,0,1,3,3
35,3,0,1,0,3,3
35,3,0,1,1,3,3
35,3,0,3,0,3,3
35,3,0,3,1,3,3
35,3,1,0,0,3,3
35,3,1,0,1,3,3
35,3,1,1,0,3,3
35,3,1,1,1,3,3
35,3,1,3,0,3,3
35,3,1,3,1,3,3
35,3,3,0,0,3,3
35,3,3,0,1,3,3
35,3,3,1,0,3,3
35,3,3,1,1,3,3
35,3,3,3,0,3,3
35,3,3,3,1,3,3
36,0,0,0,0,4294967294,4294967294
36,0,0,0,1,4294967294,4294967294
36,0,0,0,3,4294967294,4294967294
36,0,0,1,0,4294967294,4294967294
36,0,0,1,1,4294967294,4294967294
36,0,0,1,3,4294967294,4294967294
36,0,0,3,0,4294967294,4294967294
36,0,0,3,1,4294967294,4294967294
36,0,0,3,3,4294967294,4294967294
36,0,1,0,0,4294967294,4294967294
36,0,1,0,1,4294967294,4294967294
36,0,1,0,3,4294967294,4294967294
36,0,1,1,0,4294967294,4294967294
36,0,1,1,1,4294967294,4294967294
36,0,1,1,3,4294967294,4294967294
36,0,1,3,0,4294967294,4294967294
36,0,1,3,1,4294967294,4294967294
36,0,1,3,3,4294967294,4294967294
36,0,3,0,0,4294967294,4294967294
36,0,3,0,1,4294967294,4294967294
36,0,3,0,3,4294967294,4294967294
36,0,3,1,0,4294967294,4294967294
36,0,3,1,1,4294967294,4294967294
36,0,3,1,3,4294967294,4294967294
36,0,3,3,0,4294967294,4294967294
36,0,3,3,1,4294967294,4294967294
36,0,3,3,3,4294967294,4294967294
36,4294967294,0,0,0,4294967293,4294967293
36,4294967294,0,0,1,4294967293,4294967293
36,4294967294,0,0,3,4294967293,4294967293
36,4294967294,0,1,0,4294967293,4294967293
36,4294967294,0,1,1,4294967293,4294967293
36,4294967294,0,1,3,4294967293,4294967293
36,4294967294,0,3,0,4294967293,4294967293
36,4294967294,0,3,1,4294967293,4294967293
36,4294967294,0,3,3,4294967293,4294967293
36,4294967294,1,0,0,4294967293,4294967293
36,4294967294,1,0,1,4294967293,4294967293
36,4294967294,1,0,3,4294967293,4294967293
36,4294967294,1,1,0,4294967293,4294967293
36,4294967294,1,1,1,4294967293,4294967293
36,4294967294,1,1,3,4294967293,4294967293
36,4294967294,1,3,0,4294967293,4294967293
36,4294967294,1,3,1,4294967293,4294967293
36,4294967294,1,3,3,4294967293,4294967293
36,4294967294,3,0,0,4294967293,4294967293
36,4294967294,3,0,1,4294967293,4294967293
36,4294967294,3,0,3,4294967293,4294967293
36,4294967294,3,1,0,4294967293,4294967293
36,4294967294,3,1,1,4294967293,4294967293
36,4294967294,3,1,3,4294967293,4294967293
36,4294967294,3,3,0,4294967293,4294967293
36,4294967294,3,3,1,4294967293,4294967293
36,4294967294,3,3,3,4294967293,4294967293
36,4294967295,0,0,0,4294967294,4294967294
36,4294967295,0,0,1,4294967294,4294967294
36,4294967295,0,0,3,4294967294,4294967294
36,4294967295,0,1,0,4294967294,4294967294
36,4294967295,0,1,1,4294967294,4294967294
36,4294967295,0,1,3,4294967294,4294967294
36,4294967295,0,3,0,4294967294,4294967294
36,4294967295,0,3,1,4294967294,4294967294
36,4294967295,0,3,3,4294967294,4294967294
36,4294967295,1,0,0,4294967294,4294967294
36,4294967295,1,0,1,4294967294,4294967294
36,4294967295,1,0,3,4294967294,4294967294
36,4294967295,1,1,0,4294967294,4294967294
36,4294967295,1,1,1,4294967294,4294967294
36,4294967295,1,1,3,4294967294,4294967294
36,4294967295,1,3,0,4294967294,4294967294
36,4294967295,1,3,1,4294967294,4294967294
36,4294967295,1,3,3,4294967294,4294967294
36,4294967295,3,0,0,4294967294,4294967294
36,4294967295,3,0,1,4294967294,4294967294
36,4294967295,3,0,3,4294967294,4294967294
36,4294967295,3,1,0,4294967294,4294967294
36,4294967295,3,1,1,4294967294,4294967294
36,4294967295,3,1,3,4294967294,4294967294
36,4294967295,3,3,0,4294967294,4294967294
36,4294967295,3,3,1,4294967294,4294967294
36,4294967295,3,3,3,4294967294,4294967294
37,0,0,0,0,4294967295,4294967295
37,0,0,0,1,4294967295,4294967295
37,0,0,0,3,4294967295,4294967295
37,0,0,1,0,4294967295,4294967295
37,0,0,1,1,4294967295,4294967295
37,0,0,1,3,4294967295,4294967295
37,0,0,3,0,4294967295,4294967295
37,0,0,3,1,4294967295,4294967295
37,0,0,3,3,4294967295,4294967295
37,0,1,0,0,4294967295,4294967295
37,0,1,0,1,4294967295,4294967295
37,0,1,0,3,4294967295,4294967295
37,0,1,1,0,4294967295,4294967295
37,0,1,1,1,4294967295,4294967295
37,0,1,1,3,4294967295,4294967295
37,0,1,3,0,4294967295,4294967295
37,0,1,3,1,4294967295,4294967295
37,0,1,3,3,4294967295,4294967295
37,0,3,0,0,4294967295,4294967295
37,0,3,0,1,4294967295,4294967295
37,0,3,0,3,4294967295,4294967295
37,0,3,1,0,4294967295,4294967295
37,0,3,1,1,4294967295,4294967295
37,0,3,1,3,4294967295,4294967295
37,0,3,3,0,4294967295,4294967295
37,0,3,3,1,4294967295,4294967295
37,0,3,3,3,4294967295,4294967295
37,4294967294,0,0,0,4294967293,4294967293
37,4294967294,0,0,1,4294967293,4294967293
37,4294967294,0,0,3,4294967293,4294967293
37,4294967294,0,1,0,4294967293,4294967293
37,4294967294,0,1,1,4294967293,4294967293
37,4294967294,0,1,3,4294967293,4294967293
37,4294967294,0,3,0,4294967293,4294967293
37,4294967294,0,3,1,4294967293,4294967293
37,4294967294,0,3,3,4294967293,4294967293
37,4294967294,1,0,0,4294967293,4294967293
37,4294967294,1,0,1,4294967293,4294967293
37,4294967294,1,0,3,4294967293,4294967293
37,4294967294,1,1,0,4294967293,4294967293
37,4294967294,1,1,1,4294967293,4294967293
37,4294967294,1,1,3,4294967293,4294967293
37,4294967294,1,3,0,4294967293,4294967293
37,4294967294,1,3,1,4294967293,4294967293
37,4294967294,1,3,3,4294967293,4294967293
37,4294967294,3,0,0,4294967293,4294967293
37,4294967294,3,0,1,4294967293,4294967293
37,4294967294,3,0,3,4294967293,4294967293
37,4294967294,3,1,0,4294967293,4294967293
37,4294967294,3,1,1,4294967293,4294967293
37,4294967294,3,1,3,4294967293,4294967293
37,4294967294,3,3,0,4294967293,4294967293
37,4294967294,3,3,1,4294967293,4294967293
37,4294967294,3,3,3,4294967293,4294967293
37,4294967295,0,0,0,4294967294,4294967294
37,4294967295,0,0,1,4294967294,4294967294
37,4294967295,0,0,3,4294967294,4294967294
37,4294967295,0,1,0,4294967294,4294967294
37,4294967295,0,1,1,4294967294,4294967294
37,4294967295,0,1,3,4294967294,4294967294
37,4294967295,0,3,0,4294967294,4294967294
37,4294967295,0,3,1,4294967294,4294967294
37,4294967295,0,3,3,4294967294,4294967294
37,4294967295,1,0,0,4294967294,4294967294
37,4294967295,1,0,1,4294967294,4294967294
37,4294967295,1,0,3,4294967294,4294967294
37,4294967295,1,1,0,4294967294,4294967294
37,4294967295,1,1,1,4294967294,4294967294
37,4294967295,1,1,3,4294967294,4294967294
37,4294967295,1,3,0,4294967294,4294967294
37,4294967295,1,3,1,4294967294,4294967294
37,4294967295,1,3,3,4294967294,4294967294
37,4294967295,3,0,0,4294967294,4294967294
37,4294967295,3,0,1,4294967294,4294967294
37,4294967295,3,0,3,4294967294,4294967294
37,4294967295,3,1,0,4294967294,4294967294
37,4294967295,3,1,1,4294967294,4294967294
37,4294967295,3,1,3,4294967294,4294967294
37,4294967295,3,3,0,4294967294,4294967294
37,4294967295,3,3,1,4294967294,4294967294
37,4294967295,3,3,3,4294967294,4294967294
38,0,0,0,0,4294967295,4294967295
38,0,0,0,1,4294967295,4294967295
38,0,0,0,3,4294967295,4294967295
38,0,0,1,0,4294967295,4294967295
38,0,0,1,1,4294967295,4294967295
38,0,0,1,3,4294967295,4294967295
38,0,0,3,0,4294967295,4294967295
38,0,0,3,1,4294967295,4294967295
38,0,0,3,3,4294967295,4294967295
38,0,1,0,0,4294967295,4294967295
38,0,1,0,1,4294967295,4294967295
38,0,1,0,3,4294967295,4294967295
38,0,1,1,0,4294967295,4294967295
38,0,1,1,1,4294967295,4294967295
38,0,1,1,3,4294967295,4294967295
38,0,1,3,0,4294967295,4294967295
38,0,1,3,1,4294967295,4294967295
38,0,1,3,3,4294967295,4294967295
38,0,3,0,0,4294967295,4294967295
38,0,3,0,1,4294967295,4294967295
38,0,3,0,3,4294967295,4294967295
38,0,3,1,0,4294967295,4294967295
38,0,3,1,1,4294967295,4294967295
38,0,3,1,3,4294967295,4294967295
38,0,3,3,0,4294967295,4294967295
38,0,3,3,1,4294967295,4294967295
38,0,3,3,3,4294967295,4294967295
38,4294967294,0,0,0,4294967293,4294967293
38,4294967294,0,0,1,4294967293,4294967293
38,4294967294,0,0,3,4294967293,4294967293
38,4294967294,0,1,0,4294967293,4294967293
38,4294967294,0,1,1,4294967293,4294967293
38,4294967294,0,1,3,4294967293,4294967293
38,4294967294,0,3,0,4294967293,4294967293
38,4294967294,0,3,1,4294967293,4294967293
38,4294967294,0,3,3,4294967293,4294967293
38,4294967294,1,0,0,4294967293,4294967293
38,4294967294,1,0,1,4294967293,4294967293
38,4294967294,1,0,3,4294967293,4294967293
38,4294967294,1,1,0,4294967293,4294967293
38,4294967294,1,1,1,4294967293,4294967293
38,4294967294,1,1,3,4294967293,4294967293
38,4294967294,1,3,0,4294967293,4294967293
38,4294967294,1,3,1,4294967293,4294967293
38,4294967294,1,3,3,4294967293,4294967293
38,4294967294,3,0,0,4294967293,4294967293
38,4294967294,3,0,1,4294967293,4294967293
38,4294967294,3,0,3,4294967293,4294967293
38,4294967294,3,1,0,4294967293,4294967293
38,4294967294,3,1,1,4294967293,4294967293
38,4294967294,3,1,3,4294967293,4294967293
38,4294967294,3,3,0,4294967293,4294967293
38,4294967294,3,3,1,4294967293,4294967293
38,4294967294,3,3,3,4294967293,4294967293
38,4294967295,0,0,0,4294967294,4294967294
38,4294967295,0,0,1,4294967294,4294967294
38,4294967295,0,0,3,4294967294,4294967294
38,4294967295,0,1,0,4294967294,4294967294
38,4294967295,0,1,1,4294967294,4294967294
38,4294967295,0,1,3,4294967294,4294967294
38,4294967295,0,3,0,4294967294,4294967294
38,4294967295,0,3,1,4294967294,4294967294
38,4294967295,0,3,3,4294967294,4294967294
38,4294967295,1,0,0,4294967294,4294967294
38,4294967295,1,0,1,4294967294,4294967294
38,4294967295,1,0,3,4294967294,4294967294
38,4294967295,1,1,0,4294967294,4294967294
38,4294967295,1,1,1,4294967294,4294967294
38,4294967295,1,1,3,4294967294,4294967294
38,4294967295,1,3,0,4294967294,4294967294
38,4294967295,1,3,1,4294967294,4294967294
38,4294967295,1,3,3,4294967294,4294967294
38,4294967295,3,0,0,4294967294,4294967294
38,4294967295,3,0,1,4294967294,4294967294
38,4294967295,3,0,3,4294967294,4294967294
38,4294967295,3,1,0,4294967294,4294967294
38,4294967295,3,1,1,4294967294,4294967294
38,4294967295,3,1,3,4294967294,4294967294
38,4294967295,3,3,0,4294967294,4294967294
38,4294967295,3,3,1,4294967294,4294967294
38,4294967295,3,3,3,4294967294,4294967294
39,0,0,0,0,4294967295,4294967295
39,0,0,0,1,4294967295,4294967295
39,0,0,0,3,4294967295,4294967295
39,0,0,1,0,4294967295,4294967295
39,0,0,1,1,4294967295,4294967295
39,0,0,1,3,4294967295,4294967295
39,0,0,3,0,4294967295,4294967295
39,0,0,3,1,4294967295,4294967295
39,0,0,3,3,4294967295,4294967295
39,0,1,0,0,4294967295,4294967295
39,0,1,0,1,4294967295,4294967295
39,0,1,0,3,4294967295,4294967295
39,0,1,1,0,4294967295,4294967295
39,0,1,1,1,4294967295,4294967295
39,0,1,1,3,4294967295,4294967295
39,0,1,3,0,4294967295,4294967295
39,0,1,3,1,4294967295,4294967295
39,0,1,3,3,4294967295,4294967295
39,0,3,0,0,0,0
39,0,3,0,1,0,0
39,0,3,0,3,0,0
39,0,3,1,0,0,0
39,0,3,1,1,0,0
39,0,3,1,3,0,0
39,0,3,3,0,0,0
39,0,3,3,1,0,0
39,0,3,3,3,0,0
39,4294967294,0,0,0,4294967293,4294967293
39,4294967294,0,0,1,4294967293,4294967293
39,4294967294,0,0,3,4294967293,4294967293
39,4294967294,0,1,0,4294967293,4294967293
39,4294967294,0,1,1,4294967293,4294967293
39,4294967294,0,1,3,4294967293,4294967293
39,4294967294,0,3,0,4294967293,4294967293
39,4294967294,0,3,1,4294967293,4294967293
39,4294967294,0,3,3,4294967293,4294967293
39,4294967294,1,0,0,4294967293,4294967293
39,4294967294,1,0,1,4294967293,4294967293
39,4294967294,1,0,3,4294967293,4294967293
39,4294967294,1,1,0,4294967293,4294967293
39,4294967294,1,1,1,4294967293,4294967293
39,4294967294,1,1,3,4294967293,4294967293
39,4294967294,1,3,0,4294967293,4294967293
39,4294967294,1,3,1,4294967293,4294967293
39,4294967294,1,3,3,4294967293,4294967293
39,4294967294,3,0,0,4294967293,4294967293
39,4294967294,3,0,1,4294967293,4294967293
39,4294967294,3,0,3,4294967293,4294967293
39,4294967294,3,1,0,4294967293,4294967293
39,4294967294,3,1,1,4294967293,4294967293
39,4294967294,3,1,3,4294967293,4294967293
39,4294967294,3,3,0,4294967293,4294967293
39,4294967294,3,3,1,4294967293,4294967293
39,4294967294,3,3,3,4294967293,4294967293
39,4294967295,0,0,0,4294967294,4294967294
39,4294967295,0,0,1,4294967294,4294967294
39,4294967295,0,0,3,4294967294,4294967294
39,4294967295,0,1,0,4294967294,4294967294
39,4294967295,0,1,1,4294967294,4294967294
39,4294967295,0,1,3,4294967294,4294967294
39,4294967295,0,3,0,4294967294,4294967294
39,4294967295,0,3,1,4294967294,4294967294
39,4294967295,0,3,3,4294967294,4294967294
39,4294967295,1,0,0,4294967294,4294967294
39,4294967295,1,0,1,4294967294,4294967294
39,4294967295,1,0,3,4294967294,4294967294
39,4294967295,1,1,0,4294967294,4294967294
39,4294967295,1,1,1,4294967294,4294967294
39,4294967295,1,1,3,4294967294,4294967294
39,4294967295,1,3,0,4294967294,4294967294
39,4294967295,1,3,1,4294967294,4294967294
39,4294967295,1,3,3,4294967294,4294967294
39,4294967295,3,0,0,4294967294,4294967294
39,4294967295,3,0,1,4294967294,4294967294
39,4294967295,3,0,3,4294967294,4294967294
39,4294967295,3,1,0,4294967294,4294967294
39,4294967295,3,1,1,4294967294,4294967294
39,4294967295,3,1,3,4294967294,4294967294
39,4294967295,3,3,0,4294967294,4294967294
39,4294967295,3,3,1,4294967294,4294967294
39,4294967295,3,3,3,4294967294,4294967294
40,0,0,0,0,4294967295,4294967295
40,0,0,0,1,4294967295,4294967295
40,0,0,0,3,4294967295,4294967295
40,0,0,1,0,4294967295,4294967295
40,0,0,1,1,4294967295,4294967295
40,0,0,1,3,4294967295,4294967295
40,0,0,3,0,4294967295,4294967295
40,0,0,3,1,4294967295,4294967295
40,0,0,3,3,4294967295,4294967295
40,0,1,0,0,4294967295,4294967295
40,0,1,0,1,4294967295,4294967295
40,0,1,0,3,4294967295,4294967295
40,0,1,1,0,4294967295,4294967295
40,0,1,1,1,4294967295,4294967295
40,0,1,1,3,4294967295,4294967295
40,0,1,3,0,4294967295,4294967295
40,0,1,3,1,4294967295,4294967295
40,0,1,3,3,4294967295,4294967295
40,0,3,0,0,4294967295,4294967295
40,0,3,0,1,4294967295,4294967295
40,0,3,0,3,4294967295,4294967295
40,0,3,1,0,4294967295,4294967295
40,0,3,1,1,4294967295,4294967295
40,0,3,1,3,4294967295,4294967295
40,0,3,3,0,4294967295,4294967295
40,0,3,3,1,4294967295,4294967295
40,0,3,3,3,4294967295,4294967295
40,4294967294,0,0,0,4294967293,4294967293
40,4294967294,0,0,1,4294967293,4294967293
40,4294967294,0,0,3,4294967293,4294967293
40,4294967294,0,1,0,4294967293,4294967293
40,4294967294,0,1,1,4294967293,4294967293
40,4294967294,0,1,3,4294967293,4294967293
40,4294967294,0,3,0,4294967293,4294967293
40,4294967294,0,3,1,4294967293,4294967293
40,4294967294,0,3,3,4294967293,4294967293
40,4294967294,1,0,0,4294967293,4294967293
40,4294967294,1,0,1,4294967293,4294967293
40,4294967294,1,0,3,4294967293,4294967293
40,4294967294,1,1,0,4294967293,4294967293
40,4294967294,1,1,1,4294967293,4294967293
40,4294967294,1,1,3,4294967293,4294967293
40,4294967294,1,3,0,4294967293,4294967293
40,4294967294,1,3,1,4294967293,4294967293
40,4294967294,1,3,3,4294967293,4294967293
40,4294967294,3,0,0,4294967293,4294967293
40,4294967294,3,0,1,4294967293,4294967293
40,4294967294,3,0,3,4294967293,4294967293
40,4294967294,3,1,0,4294967293,4294967293
40,4294967294,3,1,1,4294967293,4294967293
40,4294967294,3,1,3,4294967293,4294967293
40,4294967294,3,3,0,4294967293,4294967293
40,4294967294,3,3,1,4294967293,4294967293
40,4294967294,3,3,3,4294967293,4294967293
40,4294967295,0,0,0,4294967294,4294967294
40,4294967295,0,0,1,4294967294,4294967294
40,4294967295,0,0,3,4294967294,4294967294
40,4294967295,0,1,0,4294967294,4294967294
40,4294967295,0,1,1,4294967294,4294967294
40,4294967295,0,1,3,4294967294,4294967294
40,4294967295,0,3,0,4294967294,4294967294
40,4294967295,0,3,1,4294967294,4294967294
40,4294967295,0,3,3,4294967294,4294967294
40,4294967295,1,0,0,4294967294,4294967294
40,4294967295,1,0,1,4294967294,4294967294
40,4294967295,1,0,3,4294967294,4294967294
40,4294967295,1,1,0,4294967294,4294967294
40,4294967295,1,1,1,4294967294,4294967294
40,4294967295,1,1,3,4294967294,4294967294
40,4294967295,1,3,0,4294967294,4294967294
40,4294967295,1,3,1,4294967294,4294967294
40,4294967295,1,3,3,4294967294,4294967294
40,4294967295,3,0,0,4294967295,4294967295
40,4294967295,3,0,1,4294967295,4294967295
40,4294967295,3,0,3,4294967295,4294967295
40,4294967295,3,1,0,4294967295,4294967295
40,4294967295,3,1,1,4294967295,4294967295
40,4294967295,3,1,3,4294967295,4294967295
40,4294967295,3,3,0,4294967295,4294967295
40,4294967295,3,3,1,4294967295,4294967295
40,4294967295,3,3,3,4294967295,4294967295
41,0,0,0,0,4294967295,4294967295
41,0,0,0,1,4294967295,4294967295
41,0,0,1,0,4294967295,4294967295
41,0,0,1,1,4294967295,4294967295
41,0,0,3,0,4294967295,4294967295
41,0,0,3,1,4294967295,4294967295
41,0,1,0,0,4294967295,4294967295
41,0,1,0,1,4294967295,4294967295
41,0,1,1,0,4294967295,4294967295
41,0,1,1,1,4294967295,4294967295
41,0,1,3,0,4294967295,4294967295
41,0,1,3,1,4294967295,4294967295
41,0,3,0,0,4294967295,4294967295
41,0,3,0,1,4294967295,4294967295
41,0,3,1,0,4294967295,4294967295
41,0,3,1,1,4294967295,4294967295
41,0,3,3,0,4294967295,4294967295
41,0,3,3,1,4294967295,4294967295
41,4294967294,0,0,0,4294967293,4294967293
41,4294967294,0,0,1,4294967293,4294967293
41,4294967294,0,1,0,4294967293,4294967293
41,4294967294,0,1,1,4294967293,4294967293
41,4294967294,0,3,0,4294967293,4294967293
41,4294967294,0,3,1,4294967293,4294967293
41,4294967294,1,0,0,4294967293,4294967293
41,4294967294,1,0,1,4294967293,4294967293
41,4294967294,1,1,0,4294967293,4294967293
41,4294967294,1,1,1,4294967293,4294967293
41,4294967294,1,3,0,4294967293,4294967293
41,4294967294,1,3,1,4294967293,4294967293
41,4294967294,3,0,0,4294967293,4294967293
41,4294967294,3,0,1,4294967293,4294967293
41,4294967294,3,1,0,4294967293,4294967293
41,4294967294,3,1,1,4294967293,4294967293
41,4294967294,3,3,0,4294967293,4294967293
41,4294967294,3,3,1,4294967293,4294967293
41,4294967295,0,0,0,4294967294,4294967294
41,4294967295,0,0,1,4294967294,4294967294
41,4294967295,0,1,0,4294967294,4294967294
41,4294967295,0,1,1,4294967294,4294967294
41,4294967295,0,3,0,4294967294,4294967294
41,4294967295,0,3,1,4294967294,4294967294
41,4294967295,1,0,0,4294967294,4294967294
41,4294967295,1,0,1,4294967294,4294967294
41,4294967295,1,1,0,4294967294,4294967294
41,4294967295,1,1,1,4294967294,4294967294
41,4294967295,1,3,0,4294967294,4294967294
41,4294967295,1,3,1,4294967294,4294967294
41,4294967295,3,0,0,4294967294,4294967294
41,4294967295,3,0,1,4294967294,4294967294
41,4294967295,3,1,0,4294967294,4294967294
41,4294967295,3,1,1,4294967294,4294967294
41,4294967295,3,3,0,4294967294,4294967294
41,4294967295,3,3,1,4294967294,4294967294
42,0,0,0,0,4294967295,4294967295
42,0,0,0,1,4294967295,4294967295
42,0,0,0,3,4294967295,4294967295
42,0,0,1,0,4294967295,4294967295
42,0,0,1,1,4294967295,4294967295
42,0,0,1,3,4294967295,4294967295
42,0,0,3,0,4294967295,4294967295
42,0,0,3,1,4294967295,4294967295
42,0,0,3,3,4294967295,4294967295
42,0,1,0,0,4294967295,4294967295
42,0,1,0,1,4294967295,4294967295
42,0,1,0,3,4294967295,4294967295
42,0,1,1,0,4294967295,4294967295
42,0,1,1,1,4294967295,4294967295
42,0,1,1,3,4294967295,4294967295
42,0,1,3,0,4294967295,4294967295
42,0,1,3,1,4294967295,4294967295
42,0,1,3,3,4294967295,4294967295
42,0,3,0,0,4294967295,4294967295
42,0,3,0,1,4294967295,4294967295
42,0,3,0,3,4294967295,4294967295
42,0,3,1,0,4294967295,4294967295
42,0,3,1,1,4294967295,4294967295
42,0,3,1,3,4294967295,4294967295
42,0,3,3,0,4294967295,4294967295
42,0,3,3,1,4294967295,4294967295
42,0,3,3,3,4294967295,4294967295
42,4294967294,0,0,0,4294967294,4294967294
42,4294967294,0,0,1,4294967294,4294967294
42,4294967294,0,0,3,4294967294,4294967294
42,4294967294,0,1,0,4294967294,4294967294
42,4294967294,0,1,1,4294967294,4294967294
42,4294967294,0,1,3,4294967294,4294967294
42,4294967294,0,3,0,4294967294,4294967294
42,4294967294,0,3,1,4294967294,4294967294
42,4294967294,0,3,3,4294967294,4294967294
42,4294967294,1,0,0,4294967294,4294967294
42,4294967294,1,0,1,4294967294,4294967294
42,4294967294,1,0,3,4294967294,4294967294
42,4294967294,1,1,0,4294967294,4294967294
42,4294967294,1,1,1,4294967294,4294967294
42,4294967294,1,1,3,4294967294,4294967294
42,4294967294,1,3,0,4294967294,4294967294
42,4294967294,1,3,1,4294967294,4294967294
42,4294967294,1,3,3,4294967294,4294967294
42,4294967294,3,0,0,4294967294,4294967294
42,4294967294,3,0,1,4294967294,4294967294
42,4294967294,3,0,3,4294967294,4294967294
42,4294967294,3,1,0,4294967294,4294967294
42,4294967294,3,1,1,4294967294,4294967294
42,4294967294,3,1,3,4294967294,4294967294
42,4294967294,3,3,0,4294967294,4294967294
42,4294967294,3,3,1,4294967294,4294967294
42,4294967294,3,3,3,4294967294,4294967294
42,4294967295,0,0,0,2147483647,2147483647
42,4294967295,0,0,1,2147483647,2147483647
42,4294967295,0,0,3,2147483647,2147483647
42,4294967295,0,1,0,2147483647,2147483647
42,4294967295,0,1,1,2147483647,2147483647
42,4294967295,0,1,3,2147483647,2147483647
42,4294967295,0,3,0,2147483647,2147483647
42,4294967295,0,3,1,2147483647,2147483647
42,4294967295,0,3,3,2147483647,2147483647
42,4294967295,1,0,0,2147483647,2147483647
42,4294967295,1,0,1,2147483647,2147483647
42,4294967295,1,0,3,2147483647,2147483647
42,4294967295,1,1,0,2147483647,2147483647
42,4294967295,1,1,1,2147483647,2147483647
42,4294967295,1,1,3,2147483647,2147483647
42,4294967295,1,3,0,2147483647,2147483647
42,4294967295,1,3,1,2147483647,2147483647
42,4294967295,1,3,3,2147483647,2147483647
42,4294967295,3,0,0,2147483647,2147483647
42,4294967295,3,0,1,2147483647,2147483647
42,4294967295,3,0,3,2147483647,2147483647
42,4294967295,3,1,0,2147483647,2147483647
42,4294967295,3,1,1,2147483647,2147483647
42,4294967295,3,1,3,2147483647,2147483647
42,4294967295,3,3,0,2147483647,2147483647
42,4294967295,3,3,1,2147483647,2147483647
42,4294967295,3,3,3,2147483647,2147483647
43,0,0,0,0,0,0
43,0,0,0,1,0,0
43,0,0,0,3,0,0
43,0,0,1,0,0,0
43,0,0,1,1,0,0
43,0,0,1,3,0,0
43,0,0,3,0,0,0
43,0,0,3,1,0,0
43,0,0,3,3,0,0
43,0,1,0,0,0,0
43,0,1,0,1,0,0
43,0,1,0,3,0,0
43,0,1,1,0,0,0
43,0,1,1,1,0,0
43,0,1,1,3,0,0
43,0,1,3,0,0,0
43,0,1,3,1,0,0
43,0,1,3,3,0,0
43,0,3,0,0,0,0
43,0,3,0,1,0,0
43,0,3,0,3,0,0
43,0,3,1,0,0,0
43,0,3,1,1,0,0
43,0,3,1,3,0,0
43,0,3,3,0,0,0
43,0,3,3,1,0,0
43,0,3,3,3,0,0
43,4294967294,0,0,0,4294967294,4294967294
43,4294967294,0,0,1,4294967294,4294967294
43,4294967294,0,0,3,4294967294,4294967294
43,4294967294,0,1,0,4294967294,4294967294
43,4294967294,0,1,1,4294967294,4294967294
43,4294967294,0,1,3,4294967294,4294967294
43,4294967294,0,3,0,4294967294,4294967294
43,4294967294,0,3,1,4294967294,4294967294
43,4294967294,0,3,3,4294967294,4294967294
43,4294967294,1,0,0,4294967294,4294967294
43,4294967294,1,0,1,4294967294,4294967294
43,4294967294,1,0,3,4294967294,4294967294
43,4294967294,1,1,0,4294967294,4294967294
43,4294967294,1,1,1,4294967294,4294967294
43,4294967294,1,1,3,4294967294,4294967294
43,4294967294,1,3,0,4294967294,4294967294
43,4294967294,1,3,1,4294967294,4294967294
43,4294967294,1,3,3,4294967294,4294967294
43,4294967294,3,0,0,4294967294,4294967294
43,4294967294,3,0,1,4294967294,4294967294
43,4294967294,3,0,3,4294967294,4294967294
43,4294967294,3,1,0,4294967294,4294967294
43,4294967294,3,1,1,4294967294,4294967294
43,4294967294,3,1,3,4294967294,4294967294
43,4294967294,3,3,0,4294967294,4294967294
43,4294967294,3,3,1,4294967294,4294967294
43,4294967294,3,3,3,4294967294,4294967294
43,4294967295,0,0,0,2147483647,2147483647
43,4294967295,0,0,1,2147483647,2147483647
43,4294967295,0,0,3,2147483647,2147483647
43,4294967295,0,1,0,2147483647,2147483647
43,4294967295,0,1,1,2147483647,2147483647
43,4294967295,0,1,3,2147483647,2147483647
43,4294967295,0,3,0,2147483647,2147483647
43,4294967295,0,3,1,2147483647,2147483647
43,4294967295,0,3,3,2147483647,2147483647
43,4294967295,1,0,0,2147483647,2147483647
43,4294967295,1,0,1,2147483647,2147483647
43,4294967295,1,0,3,2147483647,2147483647
43,4294967295,1,1,0,2147483647,2147483647
43,4294967295,1,1,1,2147483647,2147483647
43,4294967295,1,1,3,2147483647,2147483647
43,4294967295,1,3,0,2147483647,2147483647
43,4294967295,1,3,1,2147483647,2147483647
43,4294967295,1,3,3,2147483647,2147483647
43,4294967295,3,0,0,2147483647,2147483647
43,4294967295,3,0,1,2147483647,2147483647
43,4294967295,3,0,3,2147483647,2147483647
43,4294967295,3,1,0,2147483647,2147483647
43,4294967295,3,1,1,2147483647,2147483647
43,4294967295,3,1,3,2147483647,2147483647
43,4294967295,3,3,0,2147483647,2147483647
43,4294967295,3,3,1,2147483647,2147483647
43,4294967295,3,3,3,2147483647,2147483647
44,0,0,0,0,0,0
44,0,0,0,1,0,0
44,0,0,0,3,0,0
44,0,0,1,0,0,0
44,0,0,1,1,0,0
44,0,0,1,3,0,0
44,0,0,3,0,0,0
44,0,0,3,1,0,0
44,0,0,3,3,0,0
44,0,1,0,0,0,0
44,0,1,0,1,0,0
44,0,1,0,3,0,0
44,0,1,1,0,0,0
44,0,1,1,1,0,0
44,0,1,1,3,0,0
44,0,1,3,0,0,0
44,0,1,3,1,0,0
44,0,1,3,3,0,0
44,0,3,0,0,0,0
44,0,3,0,1,0,0
44,0,3,0,3,0,0
44,0,3,1,0,0,0
44,0,3,1,1,0,0
44,0,3,1,3,0,0
44,0,3,3,0,0,0
44,0,3,3,1,0,0
44,0,3,3,3,0,0
44,4294967294,0,0,0,4294967294,4294967294
44,4294967294,0,0,1,4294967294,4294967294
44,4294967294,0,0,3,4294967294,4294967294
44,4294967294,0,1,0,4294967294,4294967294
44,4294967294,0,1,1,4294967294,4294967294
44,4294967294,0,1,3,4294967294,4294967294
44,4294967294,0,3,0,4294967294,4294967294
44,4294967294,0,3,1,4294967294,4294967294
44,4294967294,0,3,3,4294967294,4294967294
44,4294967294,1,0,0,4294967294,4294967294
44,4294967294,1,0,1,4294967294,4294967294
44,4294967294,1,0,3,4294967294,4294967294
44,4294967294,1,1,0,4294967294,4294967294
44,4294967294,1,1,1,4294967294,4294967294
44,4294967294,1,1,3,4294967294,4294967294
44,4294967294,1,3,0,4294967294,4294967294
44,4294967294,1,3,1,4294967294,4294967294
44,4294967294,1,3,3,4294967294,4294967294
44,4294967294,3,0,0,4294967294,4294967294
44,4294967294,3,0,1,4294967294,4294967294
44,4294967294,3,0,3,4294967294,4294967294
44,4294967294,3,1,0,4294967294,4294967294
44,4294967294,3,1,1,4294967294,4294967294
44,4294967294,3,1,3,4294967294,4294967294
44,4294967294,3,3,0,4294967294,4294967294
44,4294967294,3,3,1,4294967294,4294967294
44,4294967294,3,3,3,4294967294,4294967294
44,4294967295,0,0,0,2147483647,2147483647
44,4294967295,0,0,1,2147483647,2147483647
44,4294967295,0,0,3,2147483647,2147483647
44,4294967295,0,1,0,2147483647,2147483647
44,4294967295,0,1,1,2147483647,2147483647
44,4294967295,0,1,3,2147483647,2147483647
44,4294967295,0,3,0,2147483647,2147483647
44,4294967295,0,3,1,2147483647,2147483647
44,4294967295,0,3,3,2147483647,2147483647
44,4294967295,1,0,0,2147483647,2147483647
44,4294967295,1,0,1,2147483647,2147483647
44,4294967295,1,0,3,2147483647,2147483647
44,4294967295,1,1,0,2147483647,2147483647
44,4294967295,1,1,1,2147483647,2147483647
44,4294967295,1,1,3,2147483647,2147483647
44,4294967295,1,3,0,2147483647,2147483647
44,4294967295,1,3,1,2147483647,2147483647
44,4294967295,1,3,3,2147483647,2147483647
44,4294967295,3,0,0,2147483647,2147483647
44,4294967295,3,0,1,2147483647,2147483647
44,4294967295,3,0,3,2147483647,2147483647
44,4294967295,3,1,0,2147483647,2147483647
44,4294967295,3,1,1,2147483647,2147483647
44,4294967295,3,1,3,2147483647,2147483647
44,4294967295,3,3,0,2147483647,2147483647
44,4294967295,3,3,1,2147483647,2147483647
44,4294967295,3,3,3,2147483647,2147483647
45,0,0,0,0,0,0
45,0,0,0,1,0,0
45,0,0,0,3,0,0
45,0,0,1,0,0,0
45,0,0,1,1,0,0
45,0,0,1,3,0,0
45,0,0,3,0,0,0
45,0,0,3,1,0,0
45,0,0,3,3,0,0
45,0,1,0,0,0,0
45,0,1,0,1,0,0
45,0,1,0,3,0,0
45,0,1,1,0,0,0
45,0,1,1,1,0,0
45,0,1,1,3,0,0
45,0,1,3,0,0,0
45,0,1,3,1,0,0
45,0,1,3,3,0,0
45,0,3,0,0,1,1
45,0,3,0,1,1,1
45,0,3,0,3,1,1
45,0,3,1,0,1,1
45,0,3,1,1,1,1
45,0,3,1,3,1,1
45,0,3,3,0,1,1
45,0,3,3,1,1,1
45,0,3,3,3,1,1
45,4294967294,0,0,0,4294967294,4294967294
45,4294967294,0,0,1,4294967294,4294967294
45,4294967294,0,0,3,4294967294,4294967294
45,4294967294,0,1,0,4294967294,4294967294
45,4294967294,0,1,1,4294967294,4294967294
45,4294967294,0,1,3,4294967294,4294967294
45,4294967294,0,3,0,4294967294,4294967294
45,4294967294,0,3,1,4294967294,4294967294
45,4294967294,0,3,3,4294967294,4294967294
45,4294967294,1,0,0,4294967294,4294967294
45,4294967294,1,0,1,4294967294,4294967294
45,4294967294,1,0,3,4294967294,4294967294
45,4294967294,1,1,0,4294967294,4294967294
45,4294967294,1,1,1,4294967294,4294967294
45,4294967294,1,1,3,4294967294,4294967294
45,4294967294,1,3,0,4294967294,4294967294
45,4294967294,1,3,1,4294967294,4294967294
45,4294967294,1,3,3,4294967294,4294967294
45,4294967294,3,0,0,4294967294,4294967294
45,4294967294,3,0,1,4294967294,4294967294
45,4294967294,3,0,3,4294967294,4294967294
45,4294967294,3,1,0,4294967294,4294967294
45,4294967294,3,1,1,4294967294,4294967294
45,4294967294,3,1,3,4294967294,4294967294
45,4294967294,3,3,0,4294967294,4294967294
45,4294967294,3,3,1,4294967294,4294967294
45,4294967294,3,3,3,4294967294,4294967294
45,4294967295,0,0,0,2147483647,2147483647
45,4294967295,0,0,1,2147483647,2147483647
45,4294967295,0,0,3,2147483647,2147483647
45,4294967295,0,1,0,2147483647,2147483647
45,4294967295,0,1,1,2147483647,2147483647
45,4294967295,0,1,3,2147483647,2147483647
45,4294967295,0,3,0,2147483647,2147483647
45,4294967295,0,3,1,2147483647,2147483647
45,4294967295,0,3,3,2147483647,2147483647
45,4294967295,1,0,0,2147483647,2147483647
45,4294967295,1,0,1,2147483647,2147483647
45,4294967295,1,0,3,2147483647,2147483647
45,4294967295,1,1,0,2147483647,2147483647
45,4294967295,1,1,1,2147483647,2147483647
45,4294967295,1,1,3,2147483647,2147483647
45,4294967295,1,3,0,2147483647,2147483647
45,4294967295,1,3,1,2147483647,2147483647
45,4294967295,1,3,3,2147483647,2147483647
45,4294967295,3,0,0,2147483647,2147483647
45,4294967295,3,0,1,2147483647,2147483647
45,4294967295,3,0,3,2147483647,2147483647
45,4294967295,3,1,0,2147483647,2147483647
45,4294967295,3,1,1,2147483647,2147483647
45,4294967295,3,1,3,2147483647,2147483647
45,4294967295,3,3,0,2147483647,2147483647
45,4294967295,3,3,1,2147483647,2147483647
45,4294967295,3,3,3,2147483647,2147483647
46,0,0,0,0,0,0
46,0,0,0,1,0,0
46,0,0,0,3,0,0
46,0,0,1,0,0,0
46,0,0,1,1,0,0
46,0,0,1,3,0,0
46,0,0,3,0,0,0
46,0,0,3,1,0,0
46,0,0,3,3,0,0
46,0,1,0,0,0,0
46,0,1,0,1,0,0
46,0,1,0,3,0,0
46,0,1,1,0,0,0
46,0,1,1,1,0,0
46,0,1,1,3,0,0
46,0,1,3,0,0,0
46,0,1,3,1,0,0
46,0,1,3,3,0,0
46,0,3,0,0,0,0
46,0,3,0,1,0,0
46,0,3,0,3,0,0
46,0,3,1,0,0,0
46,0,3,1,1,0,0
46,0,3,1,3,0,0
46,0,3,3,0,0,0
46,0,3,3,1,0,0
46,0,3,3,3,0,0
46,4294967294,0,0,0,4294967294,4294967294
46,4294967294,0,0,1,4294967294,4294967294
46,4294967294,0,0,3,4294967294,4294967294
46,4294967294,0,1,0,4294967294,4294967294
46,4294967294,0,1,1,4294967294,4294967294
46,4294967294,0,1,3,4294967294,4294967294
46,4294967294,0,3,0,4294967294,4294967294
46,4294967294,0,3,1,4294967294,4294967294
46,4294967294,0,3,3,4294967294,4294967294
46,4294967294,1,0,0,4294967294,4294967294
46,4294967294,1,0,1,4294967294,4294967294
46,4294967294,1,0,3,4294967294,4294967294
46,4294967294,1,1,0,4294967294,4294967294
46,4294967294,1,1,1,4294967294,4294967294
46,4294967294,1,1,3,4294967294,4294967294
46,4294967294,1,3,0,4294967294,4294967294
46,4294967294,1,3,1,4294967294,4294967294
46,4294967294,1,3,3,4294967294,4294967294
46,4294967294,3,0,0,4294967294,4294967294
46,4294967294,3,0,1,4294967294,4294967294
46,4294967294,3,0,3,4294967294,4294967294
46,4294967294,3,1,0,4294967294,4294967294
46,4294967294,3,1,1,4294967294,4294967294
46,4294967294,3,1,3,4294967294,4294967294
46,4294967294,3,3,0,4294967294,4294967294
46,4294967294,3,3,1,4294967294,4294967294
46,4294967294,3,3,3,4294967294,4294967294
46,4294967295,0,0,0,2147483647,2147483647
46,4294967295,0,0,1,2147483647,2147483647
46,4294967295,0,0,3,2147483647,2147483647
46,4294967295,0,1,0,2147483647,2147483647
46,4294967295,0,1,1,2147483647,2147483647
46,4294967295,0,1,3,2147483647,2147483647
46,4294967295,0,3,0,2147483647,2147483647
46,4294967295,0,3,1,2147483647,2147483647
46,4294967295,0,3,3,2147483647,2147483647
46,4294967295,1,0,0,2147483647,2147483647
46,4294967295,1,0,1,2147483647,2147483647
46,4294967295,1,0,3,2147483647,2147483647
46,4294967295,1,1,0,2147483647,2147483647
46,4294967295,1,1,1,2147483647,2147483647
46,4294967295,1,1,3,2147483647,2147483647
46,4294967295,1,3,0,2147483647,2147483647
46,4294967295,1,3,1,2147483647,2147483647
46,4294967295,1,3,3,2147483647,2147483647
46,4294967295,3,0,0,2147483648,2147483648
46,4294967295,3,0,1,2147483648,2147483648
46,4294967295,3,0,3,2147483648,2147483648
46,4294967295,3,1,0,2147483648,2147483648
46,4294967295,3,1,1,2147483648,2147483648
46,4294967295,3,1,3,2147483648,2147483648
46,4294967295,3,3,0,2147483648,2147483648
46,4294967295,3,3,1,2147483648,2147483648
46,4294967295,3,3,3,2147483648,2147483648
47,0,0,0,0,0,0
47,0,0,0,1,0,0
47,0,0,1,0,0,0
47,0,0,1,1,0,0
47,0,0,3,0,0,0
47,0,0,3,1,0,0
47,0,1,0,0,0,0
47,0,1,0,1,0,0
47,0,1,1,0,0,0
47,0,1,1,1,0,0
47,0,1,3,0,0,0
47,0,1,3,1,0,0
47,0,3,0,0,0,0
47,0,3,0,1,0,0
47,0,3,1,0,0,0
47,0,3,1,1,0,0
47,0,3,3,0,0,0
47,0,3,3,1,0,0
47,4294967294,0,0,0,4294967294,4294967294
47,4294967294,0,0,1,4294967294,4294967294
47,4294967294,0,1,0,4294967294,4294967294
47,4294967294,0,1,1,4294967294,4294967294
47,4294967294,0,3,0,4294967294,4294967294
47,4294967294,0,3,1,4294967294,4294967294
47,4294967294,1,0,0,4294967294,4294967294
47,4294967294,1,0,1,4294967294,4294967294
47,4294967294,1,1,0,4294967294,4294967294
47,4294967294,1,1,1,4294967294,4294967294
47,4294967294,1,3,0,4294967294,4294967294
47,4294967294,1,3,1,4294967294,4294967294
47,4294967294,3,0,0,4294967294,4294967294
47,4294967294,3,0,1,4294967294,4294967294
47,4294967294,3,1,0,4294967294,4294967294
47,4294967294,3,1,1,4294967294,4294967294
47,4294967294,3,3,0,4294967294,4294967294
47,4294967294,3,3,1,4294967294,4294967294
47,4294967295,0,0,0,2147483647,2147483647
47,4294967295,0,0,1,2147483647,2147483647
47,4294967295,0,1,0,2147483647,2147483647
47,4294967295,0,1,1,2147483647,2147483647
47,4294967295,0,3,0,2147483647,2147483647
47,4294967295,0,3,1,2147483647,2147483647
47,4294967295,1,0,0,2147483647,2147483647
47,4294967295,1,0,1,2147483647,2147483647
47,4294967295,1,1,0,2147483647,2147483647
47,4294967295,1,1,1,2147483647,2147483647
47,4294967295,1,3,0,2147483647,2147483647
47,4294967295,1,3,1,2147483647,2147483647
47,4294967295,3,0,0,2147483647,2147483647
47,4294967295,3,0,1,2147483647,2147483647
47,4294967295,3,1,0,2147483647,2147483647
47,4294967295,3,1,1,2147483647,2147483647
47,4294967295,3,3,0,2147483647,2147483647
47,4294967295,3,3,1,2147483647,2147483647
48,0,0,0,0,11,11
48,0,0,0,1,11,11
48,0,0,0,3,11,11
48,0,0,1,0,11,11
48,0,0,1,1,11,11
48,0,0,1,3,11,11
48,0,0,3,0,11,11
48,0,0,3,1,11,11
48,0,0,3,3,11,11
48,0,1,0,0,5,5
48,0,1,0,1,5,5
48,0,1,0,3,5,5
48,0,1,1,0,5,5
48,0,1,1,1,5,5
48,0,1,1,3,5,5
48,0,1,3,0,5,5
48,0,1,3,1,5,5
48,0,1,3,3,5,5
48,0,3,0,0,2,2
48,0,3,0,1,2,2
48,0,3,0,3,2,2
48,0,3,1,0,2,2
48,0,3,1,1,2,2
48,0,3,1,3,2,2
48,0,3,3,0,2,2
48,0,3,3,1,2,2
48,0,3,3,3,2,2
48,1,0,0,0,13,13
48,1,0,0,1,13,13
48,1,0,0,3,13,13
48,1,0,1,0,13,13
48,1,0,1,1,13,13
48,1,0,1,3,13,13
48,1,0,3,0,13,13
48,1,0,3,1,13,13
48,1,0,3,3,13,13
48,1,1,0,0,6,6
48,1,1,0,1,6,6
48,1,1,0,3,6,6
48,1,1,1,0,6,6
48,1,1,1,1,6,6
48,1,1,1,3,6,6
48,1,1,3,0,6,6
48,1,1,3,1,6,6
48,1,1,3,3,6,6
48,1,3,0,0,3,3
48,1,3,0,1,3,3
48,1,3,0,3,3,3
48,1,3,1,0,3,3
48,1,3,1,1,3,3
48,1,3,1,3,3,3
48,1,3,3,0,3,3
48,1,3,3,1,3,3
48,1,3,3,3,3,3
48,3,0,0,0,15,15
48,3,0,0,1,15,15
48,3,0,0,3,15,15
48,3,0,1,0,15,15
48,3,0,1,1,15,15
48,3,0,1,3,15,15
48,3,0,3,0,15,15
48,3,0,3,1,15,15
48,3,0,3,3,15,15
48,3,1,0,0,7,7
48,3,1,0,1,7,7
48,3,1,0,3,7,7
48,3,1,1,0,7,7
48,3,1,1,1,7,7
48,3,1,1,3,7,7
48,3,1,3,0,7,7
48,3,1,3,1,7,7
48,3,1,3,3,7,7
48,3,3,0,0,3,3
48,3,3,0,1,3,3
48,3,3,0,3,3,3
48,3,3,1,0,3,3
48,3,3,1,1,3,3
48,3,3,1,3,3,3
48,3,3,3,0,3,3
48,3,3,3,1,3,3
48,3,3,3,3,3,3
49,0,0,0,0,12,12
49,0,0,0,1,12,12
49,0,0,0,3,12,12
49,0,0,1,0,12,12
49,0,0,1,1,12,12
49,0,0,1,3,12,12
49,0,0,3,0,12,12
49,0,0,3,1,12,12
49,0,0,3,3,12,12
49,0,1,0,0,6,6
49,0,1,0,1,6,6
49,0,1,0,3,6,6
49,0,1,1,0,6,6
49,0,1,1,1,6,6
49,0,1,1,3,6,6
49,0,1,3,0,6,6
49,0,1,3,1,6,6
49,0,1,3,3,6,6
49,0,3,0,0,3,3
49,0,3,0,1,3,3
49,0,3,0,3,3,3
49,0,3,1,0,3,3
49,0,3,1,1,3,3
49,0,3,1,3,3,3
49,0,3,3,0,3,3
49,0,3,3,1,3,3
49,0,3,3,3,3,3
49,1,0,0,0,13,13
49,1,0,0,1,13,13
49,1,0,0,3,13,13
49,1,0,1,0,13,13
49,1,0,1,1,13,13
49,1,0,1,3,13,13
49,1,0,3,0,13,13
49,1,0,3,1,13,13
49,1,0,3,3,13,13
49,1,1,0,0,6,6
49,1,1,0,1,6,6
49,1,1,0,3,6,6
49,1,1,1,0,6,6
49,1,1,1,1,6,6
49,1,1,1,3,6,6
49,1,1,3,0,6,6
49,1,1,3,1,6,6
49,1,1,3,3,6,6
49,1,3,0,0,3,3
49,1,3,0,1,3,3
49,1,3,0,3,3,3
49,1,3,1,0,3,3
49,1,3,1,1,3,3
49,1,3,1,3,3,3
49,1,3,3,0,3,3
49,1,3,3,1,3,3
49,1,3,3,3,3,3
49,3,0,0,0,15,15
49,3,0,0,1,15,15
49,3,0,0,3,15,15
49,3,0,1,0,15,15
49,3,0,1,1,15,15
49,3,0,1,3,15,15
49,3,0,3,0,15,15
49,3,0,3,1,15,15
49,3,0,3,3,15,15
49,3,1,0,0,7,7
49,3,1,0,1,7,7
49,3,1,0,3,7,7
49,3,1,1,0,7,7
49,3,1,1,1,7,7
49,3,1,1,3,7,7
49,3,1,3,0,7,7
49,3,1,3,1,7,7
49,3,1,3,3,7,7
49,3,3,0,0,3,3
49,3,3,0,1,3,3
49,3,3,0,3,3,3
49,3,3,1,0,3,3
49,3,3,1,1,3,3
49,3,3,1,3,3,3
49,3,3,3,0,3,3
49,3,3,3,1,3,3
49,3,3,3,3,3,3
50,0,0,0,0,12,12
50,0,0,0,1,12,12
50,0,0,0,3,12,12
50,0,0,1,0,12,12
50,0,0,1,1,12,12
50,0,0,1,3,12,12
50,0,0,3,0,12,12
50,0,0,3,1,12,12
50,0,0,3,3,12,12
50,0,1,0,0,6,6
50,0,1,0,1,6,6
50,0,1,0,3,6,6
50,0,1,1,0,6,6
50,0,1,1,1,6,6
50,0,1,1,3,6,6
50,0,1,3,0,6,6
50,0,1,3,1,6,6
50,0,1,3,3,6,6
50,0,3,0,0,3,3
50,0,3,0,1,3,3
50,0,3,0,3,3,3
50,0,3,1,0,3,3
50,0,3,1,1,3,3
50,0,3,1,3,3,3
50,0,3,3,0,3,3
50,0,3,3,1,3,3
50,0,3,3,3,3,3
50,1,0,0,0,13,13
50,1,0,0,1,13,13
50,1,0,0,3,13,13
50,1,0,1,0,13,13
50,1,0,1,1,13,13
50,1,0,1,3,13,13
50,1,0,3,0,13,13
50,1,0,3,1,13,13
50,1,0,3,3,13,13
50,1,1,0,0,6,6
50,1,1,0,1,6,6
50,1,1,0,3,6,6
50,1,1,1,0,6,6
50,1,1,1,1,6,6
50,1,1,1,3,6,6
50,1,1,3,0,6,6
50,1,1,3,1,6,6
50,1,1,3,3,6,6
50,1,3,0,0,3,3
50,1,3,0,1,3,3
50,1,3,0,3,3,3
50,1,3,1,0,3,3
50,1,3,1,1,3,3
50,1,3,1,3,3,3
50,1,3,3,0,3,3
50,1,3,3,1,3,3
50,1,3,3,3,3,3
50,3,0,0,0,15,15
50,3,0,0,1,15,15
50,3,0,0,3,15,15
50,3,0,1,0,15,15
50,3,0,1,1,15,15
50,3,0,1,3,15,15
50,3,0,3,0,15,15
50,3,0,3,1,15,15
50,3,0,3,3,15,15
50,3,1,0,0,7,7
50,3,1,0,1,7,7
50,3,1,0,3,7,7
50,3,1,1,0,7,7
50,3,1,1,1,7,7
50,3,1,1,3,7,7
50,3,1,3,0,7,7
50,3,1,3,1,7,7
50,3,1,3,3,7,7
50,3,3,0,0,3,3
50,3,3,0,1,3,3
50,3,3,0,3,3,3
50,3,3,1,0,3,3
50,3,3,1,1,3,3
50,3,3,1,3,3,3
50,3,3,3,0,3,3
50,3,3,3,1,3,3
50,3,3,3,3,3,3
51,0,0,0,0,12,12
51,0,0,0,1,12,12
51,0,0,0,3,12,12
51,0,0,1,0,12,12
51,0,0,1,1,12,12
51,0,0,1,3,12,12
51,0,0,3,0,12,12
51,0,0,3,1,12,12
51,0,0,3,3,12,12
51,0,1,0,0,6,6
51,0,1,0,1,6,6
51,0,1,0,3,6,6
51,0,1,1,0,6,6
51,0,1,1,1,6,6
51,0,1,1,3,6,6
51,0,1,3,0,6,6
51,0,1,3,1,6,6
51,0,1,3,3,6,6
51,0,3,0,0,4,4
51,0,3,0,1,4,4
51,0,3,0,3,4,4
51,0,3,1,0,4,4
51,0,3,1,1,4,4
51,0,3,1,3,4,4
51,0,3,3,0,4,4
51,0,3,3,1,4,4
51,0,3,3,3,4,4
51,1,0,0,0,13,13
51,1,0,0,1,13,13
51,1,0,0,3,13,13
51,1,0,1,0,13,13
51,1,0,1,1,13,13
51,1,0,1,3,13,13
51,1,0,3,0,13,13
51,1,0,3,1,13,13
51,1,0,3,3,13,13
51,1,1,0,0,6,6
51,1,1,0,1,6,6
51,1,1,0,3,6,6
51,1,1,1,0,6,6
51,1,1,1,1,6,6
51,1,1,1,3,6,6
51,1,1,3,0,6,6
51,1,1,3,1,6,6
51,1,1,3,3,6,6
51,1,3,0,0,3,3
51,1,3,0,1,3,3
51,1,3,0,3,3,3
51,1,3,1,0,3,3
51,1,3,1,1,3,3
51,1,3,1,3,3,3
51,1,3,3,0,3,3
51,1,3,3,1,3,3
51,1,3,3,3,3,3
51,3,0,0,0,15,15
51,3,0,0,1,15,15
51,3,0,0,3,15,15
51,3,0,1,0,15,15
51,3,0,1,1,15,15
51,3,0,1,3,15,15
51,3,0,3,0,15,15
51,3,0,3,1,15,15
51,3,0,3,3,15,15
51,3,1,0,0,7,7
51,3,1,0,1,7,7
51,3,1,0,3,7,7
51,3,1,1,0,7,7
51,3,1,1,1,7,7
51,3,1,1,3,7,7
51,3,1,3,0,7,7
51,3,1,3,1,7,7
51,3,1,3,3,7,7
51,3,3,0,0,3,3
51,3,3,0,1,3,3
51,3,3,0,3,3,3
51,3,3,1,0,3,3
51,3,3,1,1,3,3
51,3,3,1,3,3,3
51,3,3,3,0,3,3
51,3,3,3,1,3,3
51,3,3,3,3,3,3
52,0,0,0,0,12,12
52,0,0,0,1,12,12
52,0,0,0,3,12,12
52,0,0,1,0,12,12
52,0,0,1,1,12,12
52,0,0,1,3,12,12
52,0,0,3,0,12,12
52,0,0,3,1,12,12
52,0,0,3,3,12,12
52,0,1,0,0,6,6
52,0,1,0,1,6,6
52,0,1,0,3,6,6
52,0,1,1,0,6,6
52,0,1,1,1,6,6
52,0,1,1,3,6,6
52,0,1,3,0,6,6
52,0,1,3,1,6,6
52,0,1,3,3,6,6
52,0,3,0,0,3,3
52,0,3,0,1,3,3
52,0,3,0,3,3,3
52,0,3,1,0,3,3
52,0,3,1,1,3,3
52,0,3,1,3,3,3
52,0,3,3,0,3,3
52,0,3,3,1,3,3
52,0,3,3,3,3,3
52,1,0,0,0,13,13
52,1,0,0,1,13,13
52,1,0,0,3,13,13
52,1,0,1,0,13,13
52,1,0,1,1,13,13
52,1,0,1,3,13,13
52,1,0,3,0,13,13
52,1,0,3,1,13,13
52,1,0,3,3,13,13
52,1,1,0,0,6,6
52,1,1,0,1,6,6
52,1,1,0,3,6,6
52,1,1,1,0,6,6
52,1,1,1,1,6,6
52,1,1,1,3,6,6
52,1,1,3,0,6,6
52,1,1,3,1,6,6
52,1,1,3,3,6,6
52,1,3,0,0,3,3
52,1,3,0,1,3,3
52,1,3,0,3,3,3
52,1,3,1,0,3,3
52,1,3,1,1,3,3
52,1,3,1,3,3,3
52,1,3,3,0,3,3
52,1,3,3,1,3,3
52,1,3,3,3,3,3
52,3,0,0,0,15,15
52,3,0,0,1,15,15
52,3,0,0,3,15,15
52,3,0,1,0,15,15
52,3,0,1,1,15,15
52,3,0,1,3,15,15
52,3,0,3,0,15,15
52,3,0,3,1,15,15
52,3,0,3,3,15,15
52,3,1,0,0,7,7
52,3,1,0,1,7,7
52,3,1,0,3,7,7
52,3,1,1,0,7,7
52,3,1,1,1,7,7
52,3,1,1,3,7,7
52,3,1,3,0,7,7
52,3,1,3,1,7,7
52,3,1,3,3,7,7
52,3,3,0,0,4,4
52,3,3,0,1,4,4
52,3,3,0,3,4,4
52,3,3,1,0,4,4
52,3,3,1,1,4,4
52,3,3,1,3,4,4
52,3,3,3,0,4,4
52,3,3,3,1,4,4
52,3,3,3,3,4,4
53,0,0,0,0,12,12
53,0,0,0,1,12,12
53,0,0,1,0,12,12
53,0,0,1,1,12,12
53,0,0,3,0,12,12
53,0,0,3,1,12,12
53,0,1,0,0,6,6
53,0,1,0,1,6,6
53,0,1,1,0,6,6
53,0,1,1,1,6,6
53,0,1,3,0,6,6
53,0,1,3,1,6,6
53,0,3,0,0,3,3
53,0,3,0,1,3,3
53,0,3,1,0,3,3
53,0,3,1,1,3,3
53,0,3,3,0,3,3
53,0,3,3,1,3,3
53,1,0,0,0,13,13
53,1,0,0,1,13,13
53,1,0,1,0,13,13
53,1,0,1,1,13,13
53,1,0,3,0,13,13
53,1,0,3,1,13,13
53,1,1,0,0,6,6
53,1,1,0,1,6,6
53,1,1,1,0,6,6
53,1,1,1,1,6,6
53,1,1,3,0,6,6
53,1,1,3,1,6,6
53,1,3,0,0,3,3
53,1,3,0,1,3,3
53,1,3,1,0,3,3
53,1,3,1,1,3,3
53,1,3,3,0,3,3
53,1,3,3,1,3,3
53,3,0,0,0,15,15
53,3,0,0,1,15,15
53,3,0,1,0,15,15
53,3,0,1,1,15,15
53,3,0,3,0,15,15
53,3,0,3,1,15,15
53,3,1,0,0,7,7
53,3,1,0,1,7,7
53,3,1,1,0,7,7
53,3,1,1,1,7,7
53,3,1,3,0,7,7
53,3,1,3,1,7,7
53,3,3,0,0,3,3
53,3,3,0,1,3,3
53,3,3,1,0,3,3
53,3,3,1,1,3,3
53,3,3,3,0,3,3
53,3,3,3,1,3,3
54,0,0,0,0,4294967295,4294967295
54,0,0,0,1,4294967295,4294967295
54,0,0,0,3,4294967295,4294967295
54,0,0,1,0,4294967295,4294967295
54,0,0,1,1,4294967295,4294967295
54,0,0,1,3,4294967295,4294967295
54,0,0,3,0,4294967295,4294967295
54,0,0,3,1,4294967295,4294967295
54,0,0,3,3,4294967295,4294967295
54,0,1,0,0,4294967295,4294967295
54,0,1,0,1,4294967295,4294967295
54,0,1,0,3,4294967295,4294967295
54,0,1,1,0,4294967295,4294967295
54,0,1,1,1,4294967295,4294967295
54,0,1,1,3,4294967295,4294967295
54,0,1,3,0,4294967295,4294967295
54,0,1,3,1,4294967295,4294967295
54,0,1,3,3,4294967295,4294967295
54,0,3,0,0,4294967295,4294967295
54,0,3,0,1,4294967295,4294967295
54,0,3,0,3,4294967295,4294967295
54,0,3,1,0,4294967295,4294967295
54,0,3,1,1,4294967295,4294967295
54,0,3,1,3,4294967295,4294967295
54,0,3,3,0,4294967295,4294967295
54,0,3,3,1,4294967295,4294967295
54,0,3,3,3,4294967295,4294967295
54,1,0,0,0,0,0
54,1,0,0,1,0,0
54,1,0,0,3,0,0
54,1,0,1,0,0,0
54,1,0,1,1,0,0
54,1,0,1,3,0,0
54,1,0,3,0,0,0
54,1,0,3,1,0,0
54,1,0,3,3,0,0
54,1,1,0,0,1,1
54,1,1,0,1,1,1
54,1,1,0,3,1,1
54,1,1,1,0,1,1
54,1,1,1,1,1,1
54,1,1,1,3,1,1
54,1,1,3,0,1,1
54,1,1,3,1,1,1
54,1,1,3,3,1,1
54,1,3,0,0,1,1
54,1,3,0,1,1,1
54,1,3,0,3,1,1
54,1,3,1,0,1,1
54,1,3,1,1,1,1
54,1,3,1,3,1,1
54,1,3,3,0,1,1
54,1,3,3,1,1,1
54,1,3,3,3,1,1
54,3,0,0,0,0,0
54,3,0,0,1,0,0
54,3,0,0,3,0,0
54,3,0,1,0,0,0
54,3,0,1,1,0,0
54,3,0,1,3,0,0
54,3,0,3,0,0,0
54,3,0,3,1,0,0
54,3,0,3,3,0,0
54,3,1,0,0,1,1
54,3,1,0,1,1,1
54,3,1,0,3,1,1
54,3,1,1,0,1,1
54,3,1,1,1,1,1
54,3,1,1,3,1,1
54,3,1,3,0,1,1
54,3,1,3,1,1,1
54,3,1,3,3,1,1
54,3,3,0,0,3,3
54,3,3,0,1,3,3
54,3,3,0,3,3,3
54,3,3,1,0,3,3
54,3,3,1,1,3,3
54,3,3,1,3,3,3
54,3,3,3,0,3,3
54,3,3,3,1,3,3
54,3,3,3,3,3,3
55,0,0,0,0,0,0
55,0,0,0,1,0,0
55,0,0,0,3,0,0
55,0,0,1,0,0,0
55,0,0,1,1,0,0
55,0,0,1,3,0,0
55,0,0,3,0,0,0
55,0,0,3,1,0,0
55,0,0,3,3,0,0
55,0,1,0,0,0,0
55,0,1,0,1,0,0
55,0,1,0,3,0,0
55,0,1,1,0,0,0
55,0,1,1,1,0,0
55,0,1,1,3,0,0
55,0,1,3,0,0,0
55,0,1,3,1,0,0
55,0,1,3,3,0,0
55,0,3,0,0,0,0
55,0,3,0,1,0,0
55,0,3,0,3,0,0
55,0,3,1,0,0,0
55,0,3,1,1,0,0
55,0,3,1,3,0,0
55,0,3,3,0,0,0
55,0,3,3,1,0,0
55,0,3,3,3,0,0
55,1,0,0,0,0,0
55,1,0,0,1,0,0
55,1,0,0,3,0,0
55,1,0,1,0,0,0
55,1,0,1,1,0,0
55,1,0,1,3,0,0
55,1,0,3,0,0,0
55,1,0,3,1,0,0
55,1,0,3,3,0,0
55,1,1,0,0,1,1
55,1,1,0,1,1,1
55,1,1,0,3,1,1
55,1,1,1,0,1,1
55,1,1,1,1,1,1
55,1,1,1,3,1,1
55,1,1,3,0,1,1
55,1,1,3,1,1,1
55,1,1,3,3,1,1
55,1,3,0,0,1,1
55,1,3,0,1,1,1
55,1,3,0,3,1,1
55,1,3,1,0,1,1
55,1,3,1,1,1,1
55,1,3,1,3,1,1
55,1,3,3,0,1,1
55,1,3,3,1,1,1
55,1,3,3,3,1,1
55,3,0,0,0,0,0
55,3,0,0,1,0,0
55,3,0,0,3,0,0
55,3,0,1,0,0,0
55,3,0,1,1,0,0
55,3,0,1,3,0,0
55,3,0,3,0,0,0
55,3,0,3,1,0,0
55,3,0,3,3,0,0
55,3,1,0,0,1,1
55,3,1,0,1,1,1
55,3,1,0,3,1,1
55,3,1,1,0,1,1
55,3,1,1,1,1,1
55,3,1,1,3,1,1
55,3,1,3,0,1,1
55,3,1,3,1,1,1
55,3,1,3,3,1,1
55,3,3,0,0,3,3
55,3,3,0,1,3,3
55,3,3,0,3,3,3
55,3,3,1,0,3,3
55,3,3,1,1,3,3
55,3,3,1,3,3,3
55,3,3,3,0,3,3
55,3,3,3,1,3,3
55,3,3,3,3,3,3
56,0,0,0,0,0,0
56,0,0,0,1,0,0
56,0,0,0,3,0,0
56,0,0,1,0,0,0
56,0,0,1,1,0,0
56,0,0,1,3,0,0
56,0,0,3,0,0,0
56,0,0,3,1,0,0
56,0,0,3,3,0,0
56,0,1,0,0,0,0
56,0,1,0,1,0,0
56,0,1,0,3,0,0
56,0,1,1,0,0,0
56,0,1,1,1,0,0
56,0,1,1,3,0,0
56,0,1,3,0,0,0
56,0,1,3,1,0,0
56,0,1,3,3,0,0
56,0,3,0,0,0,0
56,0,3,0,1,0,0
56,0,3,0,3,0,0
56,0,3,1,0,0,0
56,0,3,1,1,0,0
56,0,3,1,3,0,0
56,0,3,3,0,0,0
56,0,3,3,1,0,0
56,0,3,3,3,0,0
56,1,0,0,0,0,0
56,1,0,0,1,0,0
56,1,0,0,3,0,0
56,1,0,1,0,0,0
56,1,0,1,1,0,0
56,1,0,1,3,0,0
56,1,0,3,0,0,0
56,1,0,3,1,0,0
56,1,0,3,3,0,0
56,1,1,0,0,1,1
56,1,1,0,1,1,1
56,1,1,0,3,1,1
56,1,1,1,0,1,1
56,1,1,1,1,1,1
56,1,1,1,3,1,1
56,1,1,3,0,1,1
56,1,1,3,1,1,1
56,1,1,3,3,1,1
56,1,3,0,0,1,1
56,1,3,0,1,1,1
56,1,3,0,3,1,1
56,1,3,1,0,1,1
56,1,3,1,1,1,1
56,1,3,1,3,1,1
56,1,3,3,0,1,1
56,1,3,3,1,1,1
56,1,3,3,3,1,1
56,3,0,0,0,0,0
56,3,0,0,1,0,0
56,3,0,0,3,0,0
56,3,0,1,0,0,0
56,3,0,1,1,0,0
56,3,0,1,3,0,0
56,3,0,3,0,0,0
56,3,0,3,1,0,0
56,3,0,3,3,0,0
56,3,1,0,0,1,1
56,3,1,0,1,1,1
56,3,1,0,3,1,1
56,3,1,1,0,1,1
56,3,1,1,1,1,1
56,3,1,1,3,1,1
56,3,1,3,0,1,1
56,3,1,3,1,1,1
56,3,1,3,3,1,1
56,3,3,0,0,3,3
56,3,3,0,1,3,3
56,3,3,0,3,3,3
56,3,3,1,0,3,3
56,3,3,1,1,3,3
56,3,3,1,3,3,3
56,3,3,3,0,3,3
56,3,3,3,1,3,3
56,3,3,3,3,3,3
57,0,0,0,0,0,0
57,0,0,0,1,0,0
57,0,0,0,3,0,0
57,0,0,1,0,0,0
57,0,0,1,1,0,0
57,0,0,1,3,0,0
57,0,0,3,0,0,0
57,0,0,3,1,0,0
57,0,0,3,3,0,0
57,0,1,0,0,0,0
57,0,1,0,1,0,0
57,0,1,0,3,0,0
57,0,1,1,0,0,0
57,0,1,1,1,0,0
57,0,1,1,3,0,0
57,0,1,3,0,0,0
57,0,1,3,1,0,0
57,0,1,3,3,0,0
57,0,3,0,0,1,1
57,0,3,0,1,1,1
57,0,3,0,3,1,1
57,0,3,1,0,1,1
57,0,3,1,1,1,1
57,0,3,1,3,1,1
57,0,3,3,0,1,1
57,0,3,3,1,1,1
57,0,3,3,3,1,1
57,1,0,0,0,0,0
57,1,0,0,1,0,0
57,1,0,0,3,0,0
57,1,0,1,0,0,0
57,1,0,1,1,0,0
57,1,0,1,3,0,0
57,1,0,3,0,0,0
57,1,0,3,1,0,0
57,1,0,3,3,0,0
57,1,1,0,0,1,1
57,1,1,0,1,1,1
57,1,1,0,3,1,1
57,1,1,1,0,1,1
57,1,1,1,1,1,1
57,1,1,1,3,1,1
57,1,1,3,0,1,1
57,1,1,3,1,1,1
57,1,1,3,3,1,1
57,1,3,0,0,1,1
57,1,3,0,1,1,1
57,1,3,0,3,1,1
57,1,3,1,0,1,1
57,1,3,1,1,1,1
57,1,3,1,3,1,1
57,1,3,3,0,1,1
57,1,3,3,1,1,1
57,1,3,3,3,1,1
57,3,0,0,0,0,0
57,3,0,0,1,0,0
57,3,0,0,3,0,0
57,3,0,1,0,0,0
57,3,0,1,1,0,0
57,3,0,1,3,0,0
57,3,0,3,0,0,0
57,3,0,3,1,0,0
57,3,0,3,3,0,0
57,3,1,0,0,1,1
57,3,1,0,1,1,1
57,3,1,0,3,1,1
57,3,1,1,0,1,1
57,3,1,1,1,1,1
57,3,1,1,3,1,1
57,3,1,3,0,1,1
57,3,1,3,1,1,1
57,3,1,3,3,1,1
57,3,3,0,0,3,3
57,3,3,0,1,3,3
57,3,3,0,3,3,3
57,3,3,1,0,3,3
57,3,3,1,1,3,3
57,3,3,1,3,3,3
57,3,3,3,0,3,3
57,3,3,3,1,3,3
57,3,3,3,3,3,3
58,0,0,0,0,0,0
58,0,0,0,1,0,0
58,0,0,0,3,0,0
58,0,0,1,0,0,0
58,0,0,1,1,0,0
58,0,0,1,3,0,0
58,0,0,3,0,0,0
58,0,0,3,1,0,0
58,0,0,3,3,0,0
58,0,1,0,0,0,0
58,0,1,0,1,0,0
58,0,1,0,3,0,0
58,0,1,1,0,0,0
58,0,1,1,1,0,0
58,0,1,1,3,0,0
58,0,1,3,0,0,0
58,0,1,3,1,0,0
58,0,1,3,3,0,0
58,0,3,0,0,0,0
58,0,3,0,1,0,0
58,0,3,0,3,0,0
58,0,3,1,0,0,0
58,0,3,1,1,0,0
58,0,3,1,3,0,0
58,0,3,3,0,0,0
58,0,3,3,1,0,0
58,0,3,3,3,0,0
58,1,0,0,0,0,0
58,1,0,0,1,0,0
58,1,0,0,3,0,0
58,1,0,1,0,0,0
58,1,0,1,1,0,0
58,1,0,1,3,0,0
58,1,0,3,0,0,0
58,1,0,3,1,0,0
58,1,0,3,3,0,0
58,1,1,0,0,1,1
58,1,1,0,1,1,1
58,1,1,0,3,1,1
58,1,1,1,0,1,1
58,1,1,1,1,1,1
58,1,1,1,3,1,1
58,1,1,3,0,1,1
58,1,1,3,1,1,1
58,1,1,3,3,1,1
58,1,3,0,0,1,1
58,1,3,0,1,1,1
58,1,3,0,3,1,1
58,1,3,1,0,1,1
58,1,3,1,1,1,1
58,1,3,1,3,1,1
58,1,3,3,0,1,1
58,1,3,3,1,1,1
58,1,3,3,3,1,1
58,3,0,0,0,0,0
58,3,0,0,1,0,0
58,3,0,0,3,0,0
58,3,0,1,0,0,0
58,3,0,1,1,0,0
58,3,0,1,3,0,0
58,3,0,3,0,0,0
58,3,0,3,1,0,0
58,3,0,3,3,0,0
58,3,1,0,0,1,1
58,3,1,0,1,1,1
58,3,1,0,3,1,1
58,3,1,1,0,1,1
58,3,1,1,1,1,1
58,3,1,1,3,1,1
58,3,1,3,0,1,1
58,3,1,3,1,1,1
58,3,1,3,3,1,1
58,3,3,0,0,4,4
58,3,3,0,1,4,4
58,3,3,0,3,4,4
58,3,3,1,0,4,4
58,3,3,1,1,4,4
58,3,3,1,3,4,4
58,3,3,3,0,4,4
58,3,3,3,1,4,4
58,3,3,3,3,4,4
59,0,0,0,0,0,0
59,0,0,0,1,0,0
59,0,0,1,0,0,0
59,0,0,1,1,0,0
59,0,0,3,0,0,0
59,0,0,3,1,0,0
59,0,1,0,0,0,0
59,0,1,0,1,0,0
59,0,1,1,0,0,0
59,0,1,1,1,0,0
59,0,1,3,0,0,0
59,0,1,3,1,0,0
59,0,3,0,0,0,0
59,0,3,0,1,0,0
59,0,3,1,0,0,0
59,0,3,1,1,0,0
59,0,3,3,0,0,0
59,0,3,3,1,0,0
59,1,0,0,0,0,0
59,1,0,0,1,0,0
59,1,0,1,0,0,0
59,1,0,1,1,0,0
59,1,0,3,0,0,0
59,1,0,3,1,0,0
59,1,1,0,0,1,1
59,1,1,0,1,1,1
59,1,1,1,0,1,1
59,1,1,1,1,1,1
59,1,1,3,0,1,1
59,1,1,3,1,1,1
59,1,3,0,0,1,1
59,1,3,0,1,1,1
59,1,3,1,0,1,1
59,1,3,1,1,1,1
59,1,3,3,0,1,1
59,1,3,3,1,1,1
59,3,0,0,0,0,0
59,3,0,0,1,0,0
59,3,0,1,0,0,0
59,3,0,1,1,0,0
59,3,0,3,0,0,0
59,3,0,3,1,0,0
59,3,1,0,0,1,1
59,3,1,0,1,1,1
59,3,1,1,0,1,1
59,3,1,1,1,1,1
59,3,1,3,0,1,1
59,3,1,3,1,1,1
59,3,3,0,0,3,3
59,3,3,0,1,3,3
59,3,3,1,0,3,3
59,3,3,1,1,3,3
59,3,3,3,0,3,3
59,3,3,3,1,3,3
60,0,0,0,0,4294967295,4294967295
60,0,0,0,1,4294967295,4294967295
60,0,0,0,3,4294967295,4294967295
60,0,0,1,0,4294967295,4294967295
60,0,0,1,1,4294967295,4294967295
60,0,0,1,3,4294967295,4294967295
60,0,0,3,0,4294967295,4294967295
60,0,0,3,1,4294967295,4294967295
60,0,0,3,3,4294967295,4294967295
60,0,1,0,0,4294967295,4294967295
60,0,1,0,1,4294967295,4294967295
60,0,1,0,3,4294967295,4294967295
60,0,1,1,0,4294967295,4294967295
60,0,1,1,1,4294967295,4294967295
60,0,1,1,3,4294967295,4294967295
60,0,1,3,0,4294967295,4294967295
60,0,1,3,1,4294967295,4294967295
60,0,1,3,3,4294967295,4294967295
60,0,3,0,0,4294967295,4294967295
60,0,3,0,1,4294967295,4294967295
60,0,3,0,3,4294967295,4294967295
60,0,3,1,0,4294967295,4294967295
60,0,3,1,1,4294967295,4294967295
60,0,3,1,3,4294967295,4294967295
60,0,3,3,0,4294967295,4294967295
60,0,3,3,1,4294967295,4294967295
60,0,3,3,3,4294967295,4294967295
60,1,0,0,0,1,1
60,1,0,0,1,1,1
60,1,0,0,3,1,1
60,1,0,1,0,1,1
60,1,0,1,1,1,1
60,1,0,1,3,1,1
60,1,0,3,0,1,1
60,1,0,3,1,1,1
60,1,0,3,3,1,1
60,1,1,0,0,2,2
60,1,1,0,1,2,2
60,1,1,0,3,2,2
60,1,1,1,0,2,2
60,1,1,1,1,2,2
60,1,1,1,3,2,2
60,1,1,3,0,2,2
60,1,1,3,1,2,2
60,1,1,3,3,2,2
60,1,3,0,0,8,8
60,1,3,0,1,8,8
60,1,3,0,3,8,8
60,1,3,1,0,8,8
60,1,3,1,1,8,8
60,1,3,1,3,8,8
60,1,3,3,0,8,8
60,1,3,3,1,8,8
60,1,3,3,3,8,8
60,3,0,0,0,3,3
60,3,0,0,1,3,3
60,3,0,0,3,3,3
60,3,0,1,0,3,3
60,3,0,1,1,3,3
60,3,0,1,3,3,3
60,3,0,3,0,3,3
60,3,0,3,1,3,3
60,3,0,3,3,3,3
60,3,1,0,0,6,6
60,3,1,0,1,6,6
60,3,1,0,3,6,6
60,3,1,1,0,6,6
60,3,1,1,1,6,6
60,3,1,1,3,6,6
60,3,1,3,0,6,6
60,3,1,3,1,6,6
60,3,1,3,3,6,6
60,3,3,0,0,24,24
60,3,3,0,1,24,24
60,3,3,0,3,24,24
60,3,3,1,0,24,24
60,3,3,1,1,24,24
60,3,3,1,3,24,24
60,3,3,3,0,24,24
60,3,3,3,1,24,24
60,3,3,3,3,24,24
61,0,0,0,0,0,0
61,0,0,0,1,0,0
61,0,0,0,3,0,0
61,0,0,1,0,0,0
61,0,0,1,1,0,0
61,0,0,1,3,0,0
61,0,0,3,0,0,0
61,0,0,3,1,0,0
61,0,0,3,3,0,0
61,0,1,0,0,0,0
61,0,1,0,1,0,0
61,0,1,0,3,0,0
61,0,1,1,0,0,0
61,0,1,1,1,0,0
61,0,1,1,3,0,0
61,0,1,3,0,0,0
61,0,1,3,1,0,0
61,0,1,3,3,0,0
61,0,3,0,0,0,0
61,0,3,0,1,0,0
61,0,3,0,3,0,0
61,0,3,1,0,0,0
61,0,3,1,1,0,0
61,0,3,1,3,0,0
61,0,3,3,0,0,0
61,0,3,3,1,0,0
61,0,3,3,3,0,0
61,1,0,0,0,1,1
61,1,0,0,1,1,1
61,1,0,0,3,1,1
61,1,0,1,0,1,1
61,1,0,1,1,1,1
61,1,0,1,3,1,1
61,1,0,3,0,1,1
61,1,0,3,1,1,1
61,1,0,3,3,1,1
61,1,1,0,0,2,2
61,1,1,0,1,2,2
61,1,1,0,3,2,2
61,1,1,1,0,2,2
61,1,1,1,1,2,2
61,1,1,1,3,2,2
61,1,1,3,0,2,2
61,1,1,3,1,2,2
61,1,1,3,3,2,2
61,1,3,0,0,8,8
61,1,3,0,1,8,8
61,1,3,0,3,8,8
61,1,3,1,0,8,8
61,1,3,1,1,8,8
61,1,3,1,3,8,8
61,1,3,3,0,8,8
61,1,3,3,1,8,8
61,1,3,3,3,8,8
61,3,0,0,0,3,3
61,3,0,0,1,3,3
61,3,0,0,3,3,3
61,3,0,1,0,3,3
61,3,0,1,1,3,3
61,3,0,1,3,3,3
61,3,0,3,0,3,3
61,3,0,3,1,3,3
61,3,0,3,3,3,3
61,3,1,0,0,6,6
61,3,1,0,1,6,6
61,3,1,0,3,6,6
61,3,1,1,0,6,6
61,3,1,1,1,6,6
61,3,1,1,3,6,6
61,3,1,3,0,6,6
61,3,1,3,1,6,6
61,3,1,3,3,6,6
61,3,3,0,0,24,24
61,3,3,0,1,24,24
61,3,3,0,3,24,24
61,3,3,1,0,24,24
61,3,3,1,1,24,24
61,3,3,1,3,24,24
61,3,3,3,0,24,24
61,3,3,3,1,24,24
61,3,3,3,3,24,24
62,0,0,0,0,0,0
62,0,0,0,1,0,0
62,0,0,0,3,0,0
62,0,0,1,0,0,0
62,0,0,1,1,0,0
62,0,0,1,3,0,0
62,0,0,3,0,0,0
62,0,0,3,1,0,0
62,0,0,3,3,0,0
62,0,1,0,0,0,0
62,0,1,0,1,0,0
62,0,1,0,3,0,0
62,0,1,1,0,0,0
62,0,1,1,1,0,0
62,0,1,1,3,0,0
62,0,1,3,0,0,0
62,0,1,3,1,0,0
62,0,1,3,3,0,0
62,0,3,0,0,0,0
62,0,3,0,1,0,0
62,0,3,0,3,0,0
62,0,3,1,0,0,0
62,0,3,1,1,0,0
62,0,3,1,3,0,0
62,0,3,3,0,0,0
62,0,3,3,1,0,0
62,0,3,3,3,0,0
62,1,0,0,0,1,1
62,1,0,0,1,1,1
62,1,0,0,3,1,1
62,1,0,1,0,1,1
62,1,0,1,1,1,1
62,1,0,1,3,1,1
62,1,0,3,0,1,1
62,1,0,3,1,1,1
62,1,0,3,3,1,1
62,1,1,0,0,2,2
62,1,1,0,1,2,2
62,1,1,0,3,2,2
62,1,1,1,0,2,2
62,1,1,1,1,2,2
62,1,1,1,3,2,2
62,1,1,3,0,2,2
62,1,1,3,1,2,2
62,1,1,3,3,2,2
62,1,3,0,0,8,8
62,1,3,0,1,8,8
62,1,3,0,3,8,8
62,1,3,1,0,8,8
62,1,3,1,1,8,8
62,1,3,1,3,8,8
62,1,3,3,0,8,8
62,1,3,3,1,8,8
62,1,3,3,3,8,8
62,3,0,0,0,3,3
62,3,0,0,1,3,3
62,3,0,0,3,3,3
62,3,0,1,0,3,3
62,3,0,1,1,3,3
62,3,0,1,3,3,3
62,3,0,3,0,3,3
62,3,0,3,1,3,3
62,3,0,3,3,3,3
62,3,1,0,0,6,6
62,3,1,0,1,6,6
62,3,1,0,3,6,6
62,3,1,1,0,6,6
62,3,1,1,1,6,6
62,3,1,1,3,6,6
62,3,1,3,0,6,6
62,3,1,3,1,6,6
62,3,1,3,3,6,6
62,3,3,0,0,24,24
62,3,3,0,1,24,24
62,3,3,0,3,24,24
62,3,3,1,0,24,24
62,3,3,1,1,24,24
62,3,3,1,3,24,24
62,3,3,3,0,24,24
62,3,3,3,1,24,24
62,3,3,3,3,24,24
63,0,0,0,0,0,0
63,0,0,0,1,0,0
63,0,0,0,3,0,0
63,0,0,1,0,0,0
63,0,0,1,1,0,0
63,0,0,1,3,0,0
63,0,0,3,0,0,0
63,0,0,3,1,0,0
63,0,0,3,3,0,0
63,0,1,0,0,0,0
63,0,1,0,1,0,0
63,0,1,0,3,0,0
63,0,1,1,0,0,0
63,0,1,1,1,0,0
63,0,1,1,3,0,0
63,0,1,3,0,0,0
63,0,1,3,1,0,0
63,0,1,3,3,0,0
63,0,3,0,0,1,1
63,0,3,0,1,1,1
63,0,3,0,3,1,1
63,0,3,1,0,1,1
63,0,3,1,1,1,1
63,0,3,1,3,1,1
63,0,3,3,0,1,1
63,0,3,3,1,1,1
63,0,3,3,3,1,1
63,1,0,0,0,1,1
63,1,0,0,1,1,1
63,1,0,0,3,1,1
63,1,0,1,0,1,1
63,1,0,1,1,1,1
63,1,0,1,3,1,1
63,1,0,3,0,1,1
63,1,0,3,1,1,1
63,1,0,3,3,1,1
63,1,1,0,0,2,2
63,1,1,0,1,2,2
63,1,1,0,3,2,2
63,1,1,1,0,2,2
63,1,1,1,1,2,2
63,1,1,1,3,2,2
63,1,1,3,0,2,2
63,1,1,3,1,2,2
63,1,1,3,3,2,2
63,1,3,0,0,8,8
63,1,3,0,1,8,8
63,1,3,0,3,8,8
63,1,3,1,0,8,8
63,1,3,1,1,8,8
63,1,3,1,3,8,8
63,1,3,3,0,8,8
63,1,3,3,1,8,8
63,1,3,3,3,8,8
63,3,0,0,0,3,3
63,3,0,0,1,3,3
63,3,0,0,3,3,3
63,3,0,1,0,3,3
63,3,0,1,1,3,3
63,3,0,1,3,3,3
63,3,0,3,0,3,3
63,3,0,3,1,3,3
63,3,0,3,3,3,3
63,3,1,0,0,6,6
63,3,1,0,1,6,6
63,3,1,0,3,6,6
63,3,1,1,0,6,6
63,3,1,1,1,6,6
63,3,1,1,3,6,6
63,3,1,3,0,6,6
63,3,1,3,1,6,6
63,3,1,3,3,6,6
63,3,3,0,0,24,24
63,3,3,0,1,24,24
63,3,3,0,3,24,24
63,3,3,1,0,24,24
63,3,3,1,1,24,24
63,3,3,1,3,24,24
63,3,3,3,0,24,24
63,3,3,3,1,24,24
63,3,3,3,3,24,24
64,0,0,0,0,0,0
64,0,0,0,1,0,0
64,0,0,0,3,0,0
64,0,0,1,0,0,0
64,0,0,1,1,0,0
64,0,0,1,3,0,0
64,0,0,3,0,0,0
64,0,0,3,1,0,0
64,0,0,3,3,0,0
64,0,1,0,0,0,0
64,0,1,0,1,0,0
64,0,1,0,3,0,0
64,0,1,1,0,0,0
64,0,1,1,1,0,0
64,0,1,1,3,0,0
64,0,1,3,0,0,0
64,0,1,3,1,0,0
64,0,1,3,3,0,0
64,0,3,0,0,0,0
64,0,3,0,1,0,0
64,0,3,0,3,0,0
64,0,3,1,0,0,0
64,0,3,1,1,0,0
64,0,3,1,3,0,0
64,0,3,3,0,0,0
64,0,3,3,1,0,0
64,0,3,3,3,0,0
64,1,0,0,0,1,1
64,1,0,0,1,1,1
64,1,0,0,3,1,1
64,1,0,1,0,1,1
64,1,0,1,1,1,1
64,1,0,1,3,1,1
64,1,0,3,0,1,1
64,1,0,3,1,1,1
64,1,0,3,3,1,1
64,1,1,0,0,2,2
64,1,1,0,1,2,2
64,1,1,0,3,2,2
64,1,1,1,0,2,2
64,1,1,1,1,2,2
64,1,1,1,3,2,2
64,1,1,3,0,2,2
64,1,1,3,1,2,2
64,1,1,3,3,2,2
64,1,3,0,0,8,8
64,1,3,0,1,8,8
64,1,3,0,3,8,8
64,1,3,1,0,8,8
64,1,3,1,1,8,8
64,1,3,1,3,8,8
64,1,3,3,0,8,8
64,1,3,3,1,8,8
64,1,3,3,3,8,8
64,3,0,0,0,3,3
64,3,0,0,1,3,3
64,3,0,0,3,3,3
64,3,0,1,0,3,3
64,3,0,1,1,3,3
64,3,0,1,3,3,3
64,3,0,3,0,3,3
64,3,0,3,1,3,3
64,3,0,3,3,3,3
64,3,1,0,0,6,6
64,3,1,0,1,6,6
64,3,1,0,3,6,6
64,3,1,1,0,6,6
64,3,1,1,1,6,6
64,3,1,1,3,6,6
64,3,1,3,0,6,6
64,3,1,3,1,6,6
64,3,1,3,3,6,6
64,3,3,0,0,25,25
64,3,3,0,1,25,25
64,3,3,0,3,25,25
64,3,3,1,0,25,25
64,3,3,1,1,25,25
64,3,3,1,3,25,25
64,3,3,3,0,25,25
64,3,3,3,1,25,25
64,3,3,3,3,25,25
65,0,0,0,0,0,0
65,0,0,0,1,0,0
65,0,0,1,0,0,0
65,0,0,1,1,0,0
65,0,0,3,0,0,0
65,0,0,3,1,0,0
65,0,1,0,0,0,0
65,0,1,0,1,0,0
65,0,1,1,0,0,0
65,0,1,1,1,0,0
65,0,1,3,0,0,0
65,0,1,3,1,0,0
65,0,3,0,0,0,0
65,0,3,0,1,0,0
65,0,3,1,0,0,0
65,0,3,1,1,0,0
65,0,3,3,0,0,0
65,0,3,3,1,0,0
65,1,0,0,0,1,1
65,1,0,0,1,1,1
65,1,0,1,0,1,1
65,1,0,1,1,1,1
65,1,0,3,0,1,1
65,1,0,3,1,1,1
65,1,1,0,0,2,2
65,1,1,0,1,2,2
65,1,1,1,0,2,2
65,1,1,1,1,2,2
65,1,1,3,0,2,2
65,1,1,3,1,2,2
65,1,3,0,0,8,8
65,1,3,0,1,8,8
65,1,3,1,0,8,8
65,1,3,1,1,8,8
65,1,3,3,0,8,8
65,1,3,3,1,8,8
65,3,0,0,0,3,3
65,3,0,0,1,3,3
65,3,0,1,0,3,3
65,3,0,1,1,3,3
65,3,0,3,0,3,3
65,3,0,3,1,3,3
65,3,1,0,0,6,6
65,3,1,0,1,6,6
65,3,1,1,0,6,6
65,3,1,1,1,6,6
65,3,1,3,0,6,6
65,3,1,3,1,6,6
65,3,3,0,0,24,24
65,3,3,0,1,24,24
65,3,3,1,0,24,24
65,3,3,1,1,24,24
65,3,3,3,0,24,24
65,3,3,3,1,24,24
66,0,0,0,0,4294967295,4294967295
66,0,0,0,1,4294967295,4294967295
66,0,0,0,3,4294967295,4294967295
66,0,0,1,0,4294967295,4294967295
66,0,0,1,1,4294967295,4294967295
66,0,0,1,3,4294967295,4294967295
66,0,0,3,0,4294967295,4294967295
66,0,0,3,1,4294967295,4294967295
66,0,0,3,3,4294967295,4294967295
66,0,1,0,0,4294967295,4294967295
66,0,1,0,1,4294967295,4294967295
66,0,1,0,3,4294967295,4294967295
66,0,1,1,0,4294967295,4294967295
66,0,1,1,1,4294967295,4294967295
66,0,1,1,3,4294967295,4294967295
66,0,1,3,0,4294967295,4294967295
66,0,1,3,1,4294967295,4294967295
66,0,1,3,3,4294967295,4294967295
66,0,3,0,0,4294967295,4294967295
66,0,3,0,1,4294967295,4294967295
66,0,3,0,3,4294967295,4294967295
66,0,3,1,0,4294967295,4294967295
66,0,3,1,1,4294967295,4294967295
66,0,3,1,3,4294967295,4294967295
66,0,3,3,0,4294967295,4294967295
66,0,3,3,1,4294967295,4294967295
66,0,3,3,3,4294967295,4294967295
66,1,0,0,0,1,1
66,1,0,0,1,1,1
66,1,0,0,3,1,1
66,1,0,1,0,1,1
66,1,0,1,1,1,1
66,1,0,1,3,1,1
66,1,0,3,0,1,1
66,1,0,3,1,1,1
66,1,0,3,3,1,1
66,1,1,0,0,0,0
66,1,1,0,1,0,0
66,1,1,0,3,0,0
66,1,1,1,0,0,0
66,1,1,1,1,0,0
66,1,1,1,3,0,0
66,1,1,3,0,0,0
66,1,1,3,1,0,0
66,1,1,3,3,0,0
66,1,3,0,0,0,0
66,1,3,0,1,0,0
66,1,3,0,3,0,0
66,1,3,1,0,0,0
66,1,3,1,1,0,0
66,1,3,1,3,0,0
66,1,3,3,0,0,0
66,1,3,3,1,0,0
66,1,3,3,3,0,0
66,3,0,0,0,3,3
66,3,0,0,1,3,3
66,3,0,0,3,3,3
66,3,0,1,0,3,3
66,3,0,1,1,3,3
66,3,0,1,3,3,3
66,3,0,3,0,3,3
66,3,0,3,1,3,3
66,3,0,3,3,3,3
66,3,1,0,0,1,1
66,3,1,0,1,1,1
66,3,1,0,3,1,1
66,3,1,1,0,1,1
66,3,1,1,1,1,1
66,3,1,1,3,1,1
66,3,1,3,0,1,1
66,3,1,3,1,1,1
66,3,1,3,3,1,1
66,3,3,0,0,0,0
66,3,3,0,1,0,0
66,3,3,0,3,0,0
66,3,3,1,0,0,0
66,3,3,1,1,0,0
66,3,3,1,3,0,0
66,3,3,3,0,0,0
66,3,3,3,1,0,0
66,3,3,3,3,0,0
67,0,0,0,0,0,0
67,0,0,0,1,0,0
67,0,0,0,3,0,0
67,0,0,1,0,0,0
67,0,0,1,1,0,0
67,0,0,1,3,0,0
67,0,0,3,0,0,0
67,0,0,3,1,0,0
67,0,0,3,3,0,0
67,0,1,0,0,0,0
67,0,1,0,1,0,0
67,0,1,0,3,0,0
67,0,1,1,0,0,0
67,0,1,1,1,0,0
67,0,1,1,3,0,0
67,0,1,3,0,0,0
67,0,1,3,1,0,0
67,0,1,3,3,0,0
67,0,3,0,0,0,0
67,0,3,0,1,0,0
67,0,3,0,3,0,0
67,0,3,1,0,0,0
67,0,3,1,1,0,0
67,0,3,1,3,0,0
67,0,3,3,0,0,0
67,0,3,3,1,0,0
67,0,3,3,3,0,0
67,1,0,0,0,1,1
67,1,0,0,1,1,1
67,1,0,0,3,1,1
67,1,0,1,0,1,1
67,1,0,1,1,1,1
67,1,0,1,3,1,1
67,1,0,3,0,1,1
67,1,0,3,1,1,1
67,1,0,3,3,1,1
67,1,1,0,0,0,0
67,1,1,0,1,0,0
67,1,1,0,3,0,0
67,1,1,1,0,0,0
67,1,1,1,1,0,0
67,1,1,1,3,0,0
67,1,1,3,0,0,0
67,1,1,3,1,0,0
67,1,1,3,3,0,0
67,1,3,0,0,0,0
67,1,3,0,1,0,0
67,1,3,0,3,0,0
67,1,3,1,0,0,0
67,1,3,1,1,0,0
67,1,3,1,3,0,0
67,1,3,3,0,0,0
67,1,3,3,1,0,0
67,1,3,3,3,0,0
67,3,0,0,0,3,3
67,3,0,0,1,3,3
67,3,0,0,3,3,3
67,3,0,1,0,3,3
67,3,0,1,1,3,3
67,3,0,1,3,3,3
67,3,0,3,0,3,3
67,3,0,3,1,3,3
67,3,0,3,3,3,3
67,3,1,0,0,1,1
67,3,1,0,1,1,1
67,3,1,0,3,1,1
67,3,1,1,0,1,1
67,3,1,1,1,1,1
67,3,1,1,3,1,1
67,3,1,3,0,1,1
67,3,1,3,1,1,1
67,3,1,3,3,1,1
67,3,3,0,0,0,0
67,3,3,0,1,0,0
67,3,3,0,3,0,0
67,3,3,1,0,0,0
67,3,3,1,1,0,0
67,3,3,1,3,0,0
67,3,3,3,0,0,0
67,3,3,3,1,0,0
67,3,3,3,3,0,0
68,0,0,0,0,0,0
68,0,0,0,1,0,0
68,0,0,0,3,0,0
68,0,0,1,0,0,0
68,0,0,1,1,0,0
68,0,0,1,3,0,0
68,0,0,3,0,0,0
68,0,0,3,1,0,0
68,0,0,3,3,0,0
68,0,1,0,0,0,0
68,0,1,0,1,0,0
68,0,1,0,3,0,0
68,0,1,1,0,0,0
68,0,1,1,1,0,0
68,0,1,1,3,0,0
68,0,1,3,0,0,0
68,0,1,3,1,0,0
68,0,1,3,3,0,0
68,0,3,0,0,0,0
68,0,3,0,1,0,0
68,0,3,0,3,0,0
68,0,3,1,0,0,0
68,0,3,1,1,0,0
68,0,3,1,3,0,0
68,0,3,3,0,0,0
68,0,3,3,1,0,0
68,0,3,3,3,0,0
68,1,0,0,0,1,1
68,1,0,0,1,1,1
68,1,0,0,3,1,1
68,1,0,1,0,1,1
68,1,0,1,1,1,1
68,1,0,1,3,1,1
68,1,0,3,0,1,1
68,1,0,3,1,1,1
68,1,0,3,3,1,1
68,1,1,0,0,0,0
68,1,1,0,1,0,0
68,1,1,0,3,0,0
68,1,1,1,0,0,0
68,1,1,1,1,0,0
68,1,1,1,3,0,0
68,1,1,3,0,0,0
68,1,1,3,1,0,0
68,1,1,3,3,0,0
68,1,3,0,0,0,0
68,1,3,0,1,0,0
68,1,3,0,3,0,0
68,1,3,1,0,0,0
68,1,3,1,1,0,0
68,1,3,1,3,0,0
68,1,3,3,0,0,0
68,1,3,3,1,0,0
68,1,3,3,3,0,0
68,3,0,0,0,3,3
68,3,0,0,1,3,3
68,3,0,0,3,3,3
68,3,0,1,0,3,3
68,3,0,1,1,3,3
68,3,0,1,3,3,3
68,3,0,3,0,3,3
68,3,0,3,1,3,3
68,3,0,3,3,3,3
68,3,1,0,0,1,1
68,3,1,0,1,1,1
68,3,1,0,3,1,1
68,3,1,1,0,1,1
68,3,1,1,1,1,1
68,3,1,1,3,1,1
68,3,1,3,0,1,1
68,3,1,3,1,1,1
68,3,1,3,3,1,1
68,3,3,0,0,0,0
68,3,3,0,1,0,0
68,3,3,0,3,0,0
68,3,3,1,0,0,0
68,3,3,1,1,0,0
68,3,3,1,3,0,0
68,3,3,3,0,0,0
68,3,3,3,1,0,0
68,3,3,3,3,0,0
69,0,0,0,0,0,0
69,0,0,0,1,0,0
69,0,0,0,3,0,0
69,0,0,1,0,0,0
69,0,0,1,1,0,0
69,0,0,1,3,0,0
69,0,0,3,0,0,0
69,0,0,3,1,0,0
69,0,0,3,3,0,0
69,0,1,0,0,0,0
69,0,1,0,1,0,0
69,0,1,0,3,0,0
69,0,1,1,0,0,0
69,0,1,1,1,0,0
69,0,1,1,3,0,0
69,0,1,3,0,0,0
69,0,1,3,1,0,0
69,0,1,3,3,0,0
69,0,3,0,0,1,1
69,0,3,0,1,1,1
69,0,3,0,3,1,1
69,0,3,1,0,1,1
69,0,3,1,1,1,1
69,0,3,1,3,1,1
69,0,3,3,0,1,1
69,0,3,3,1,1,1
69,0,3,3,3,1,1
69,1,0,0,0,1,1
69,1,0,0,1,1,1
69,1,0,0,3,1,1
69,1,0,1,0,1,1
69,1,0,1,1,1,1
69,1,0,1,3,1,1
69,1,0,3,0,1,1
69,1,0,3,1,1,1
69,1,0,3,3,1,1
69,1,1,0,0,0,0
69,1,1,0,1,0,0
69,1,1,0,3,0,0
69,1,1,1,0,0,0
69,1,1,1,1,0,0
69,1,1,1,3,0,0
69,1,1,3,0,0,0
69,1,1,3,1,0,0
69,1,1,3,3,0,0
69,1,3,0,0,0,0
69,1,3,0,1,0,0
69,1,3,0,3,0,0
69,1,3,1,0,0,0
69,1,3,1,1,0,0
69,1,3,1,3,0,0
69,1,3,3,0,0,0
69,1,3,3,1,0,0
69,1,3,3,3,0,0
69,3,0,0,0,3,3
69,3,0,0,1,3,3
69,3,0,0,3,3,3
69,3,0,1,0,3,3
69,3,0,1,1,3,3
69,3,0,1,3,3,3
69,3,0,3,0,3,3
69,3,0,3,1,3,3
69,3,0,3,3,3,3
69,3,1,0,0,1,1
69,3,1,0,1,1,1
69,3,1,0,3,1,1
69,3,1,1,0,1,1
69,3,1,1,1,1,1
69,3,1,1,3,1,1
69,3,1,3,0,1,1
69,3,1,3,1,1,1
69,3,1,3,3,1,1
69,3,3,0,0,0,0
69,3,3,0,1,0,0
69,3,3,0,3,0,0
69,3,3,1,0,0,0
69,3,3,1,1,0,0
69,3,3,1,3,0,0
69,3,3,3,0,0,0
69,3,3,3,1,0,0
69,3,3,3,3,0,0
70,0,0,0,0,0,0
70,0,0,0,1,0,0
70,0,0,0,3,0,0
70,0,0,1,0,0,0
70,0,0,1,1,0,0
70,0,0,1,3,0,0
70,0,0,3,0,0,0
70,0,0,3,1,0,0
70,0,0,3,3,0,0
70,0,1,0,0,0,0
70,0,1,0,1,0,0
70,0,1,0,3,0,0
70,0,1,1,0,0,0
70,0,1,1,1,0,0
70,0,1,1,3,0,0
70,0,1,3,0,0,0
70,0,1,3,1,0,0
70,0,1,3,3,0,0
70,0,3,0,0,0,0
70,0,3,0,1,0,0
70,0,3,0,3,0,0
70,0,3,1,0,0,0
70,0,3,1,1,0,0
70,0,3,1,3,0,0
70,0,3,3,0,0,0
70,0,3,3,1,0,0
70,0,3,3,3,0,0
70,1,0,0,0,1,1
70,1,0,0,1,1,1
70,1,0,0,3,1,1
70,1,0,1,0,1,1
70,1,0,1,1,1,1
70,1,0,1,3,1,1
70,1,0,3,0,1,1
70,1,0,3,1,1,1
70,1,0,3,3,1,1
70,1,1,0,0,0,0
70,1,1,0,1,0,0
70,1,1,0,3,0,0
70,1,1,1,0,0,0
70,1,1,1,1,0,0
70,1,1,1,3,0,0
70,1,1,3,0,0,0
70,1,1,3,1,0,0
70,1,1,3,3,0,0
70,1,3,0,0,0,0
70,1,3,0,1,0,0
70,1,3,0,3,0,0
70,1,3,1,0,0,0
70,1,3,1,1,0,0
70,1,3,1,3,0,0
70,1,3,3,0,0,0
70,1,3,3,1,0,0
70,1,3,3,3,0,0
70,3,0,0,0,3,3
70,3,0,0,1,3,3
70,3,0,0,3,3,3
70,3,0,1,0,3,3
70,3,0,1,1,3,3
70,3,0,1,3,3,3
70,3,0,3,0,3,3
70,3,0,3,1,3,3
70,3,0,3,3,3,3
70,3,1,0,0,1,1
70,3,1,0,1,1,1
70,3,1,0,3,1,1
70,3,1,1,0,1,1
70,3,1,1,1,1,1
70,3,1,1,3,1,1
70,3,1,3,0,1,1
70,3,1,3,1,1,1
70,3,1,3,3,1,1
70,3,3,0,0,1,1
70,3,3,0,1,1,1
70,3,3,0,3,1,1
70,3,3,1,0,1,1
70,3,3,1,1,1,1
70,3,3,1,3,1,1
70,3,3,3,0,1,1
70,3,3,3,1,1,1
70,3,3,3,3,1,1
71,0,0,0,0,0,0
71,0,0,0,1,0,0
71,0,0,1,0,0,0
71,0,0,1,1,0,0
71,0,0,3,0,0,0
71,0,0,3,1,0,0
71,0,1,0,0,0,0
71,0,1,0,1,0,0
71,0,1,1,0,0,0
71,0,1,1,1,0,0
71,0,1,3,0,0,0
71,0,1,3,1,0,0
71,0,3,0,0,0,0
71,0,3,0,1,0,0
71,0,3,1,0,0,0
71,0,3,1,1,0,0
71,0,3,3,0,0,0
71,0,3,3,1,0,0
71,1,0,0,0,1,1
71,1,0,0,1,1,1
71,1,0,1,0,1,1
71,1,0,1,1,1,1
71,1,0,3,0,1,1
71,1,0,3,1,1,1
71,1,1,0,0,0,0
71,1,1,0,1,0,0
71,1,1,1,0,0,0
71,1,1,1,1,0,0
71,1,1,3,0,0,0
71,1,1,3,1,0,0
71,1,3,0,0,0,0
71,1,3,0,1,0,0
71,1,3,1,0,0,0
71,1,3,1,1,0,0
71,1,3,3,0,0,0
71,1,3,3,1,0,0
71,3,0,0,0,3,3
71,3,0,0,1,3,3
71,3,0,1,0,3,3
71,3,0,1,1,3,3
71,3,0,3,0,3,3
71,3,0,3,1,3,3
71,3,1,0,0,1,1
71,3,1,0,1,1,1
71,3,1,1,0,1,1
71,3,1,1,1,1,1
71,3,1,3,0,1,1
71,3,1,3,1,1,1
71,3,3,0,0,0,0
71,3,3,0,1,0,0
71,3,3,1,0,0,0
71,3,3,1,1,0,0
71,3,3,3,0,0,0
71,3,3,3,1,0,0
72,0,0,0,0,4294967295,4294967295
72,0,0,0,1,4294967295,4294967295
72,0,0,0,3,4294967295,4294967295
72,0,0,1,0,4294967295,4294967295
72,0,0,1,1,4294967295,4294967295
72,0,0,1,3,4294967295,4294967295
72,0,0,3,0,4294967295,4294967295
72,0,0,3,1,4294967295,4294967295
72,0,0,3,3,4294967295,4294967295
72,0,1,0,0,4294967295,4294967295
72,0,1,0,1,4294967295,4294967295
72,0,1,0,3,4294967295,4294967295
72,0,1,1,0,4294967295,4294967295
72,0,1,1,1,4294967295,4294967295
72,0,1,1,3,4294967295,4294967295
72,0,1,3,0,4294967295,4294967295
72,0,1,3,1,4294967295,4294967295
72,0,1,3,3,4294967295,4294967295
72,0,3,0,0,4294967295,4294967295
72,0,3,0,1,4294967295,4294967295
72,0,3,0,3,4294967295,4294967295
72,0,3,1,0,4294967295,4294967295
72,0,3,1,1,4294967295,4294967295
72,0,3,1,3,4294967295,4294967295
72,0,3,3,0,4294967295,4294967295
72,0,3,3,1,4294967295,4294967295
72,0,3,3,3,4294967295,4294967295
72,1,0,0,0,0,0
72,1,0,0,1,0,0
72,1,0,0,3,0,0
72,1,0,1,0,0,0
72,1,0,1,1,0,0
72,1,0,1,3,0,0
72,1,0,3,0,0,0
72,1,0,3,1,0,0
72,1,0,3,3,0,0
72,1,1,0,0,1,1
72,1,1,0,1,1,1
72,1,1,0,3,1,1
72,1,1,1,0,1,1
72,1,1,1,1,1,1
72,1,1,1,3,1,1
72,1,1,3,0,1,1
72,1,1,3,1,1,1
72,1,1,3,3,1,1
72,1,3,0,0,1,1
72,1,3,0,1,1,1
72,1,3,0,3,1,1
72,1,3,1,0,1,1
72,1,3,1,1,1,1
72,1,3,1,3,1,1
72,1,3,3,0,1,1
72,1,3,3,1,1,1
72,1,3,3,3,1,1
72,3,0,0,0,0,0
72,3,0,0,1,0,0
72,3,0,0,3,0,0
72,3,0,1,0,0,0
72,3,0,1,1,0,0
72,3,0,1,3,0,0
72,3,0,3,0,0,0
72,3,0,3,1,0,0
72,3,0,3,3,0,0
72,3,1,0,0,1,1
72,3,1,0,1,1,1
72,3,1,0,3,1,1
72,3,1,1,0,1,1
72,3,1,1,1,1,1
72,3,1,1,3,1,1
72,3,1,3,0,1,1
72,3,1,3,1,1,1
72,3,1,3,3,1,1
72,3,3,0,0,3,3
72,3,3,0,1,3,3
72,3,3,0,3,3,3
72,3,3,1,0,3,3
72,3,3,1,1,3,3
72,3,3,1,3,3,3
72,3,3,3,0,3,3
72,3,3,3,1,3,3
72,3,3,3,3,3,3
73,0,0,0,0,0,0
73,0,0,0,1,0,0
73,0,0,0,3,0,0
73,0,0,1,0,0,0
73,0,0,1,1,0,0
73,0,0,1,3,0,0
73,0,0,3,0,0,0
73,0,0,3,1,0,0
73,0,0,3,3,0,0
73,0,1,0,0,0,0
73,0,1,0,1,0,0
73,0,1,0,3,0,0
73,0,1,1,0,0,0
73,0,1,1,1,0,0
73,0,1,1,3,0,0
73,0,1,3,0,0,0
73,0,1,3,1,0,0
73,0,1,3,3,0,0
73,0,3,0,0,0,0
73,0,3,0,1,0,0
73,0,3,0,3,0,0
73,0,3,1,0,0,0
73,0,3,1,1,0,0
73,0,3,1,3,0,0
73,0,3,3,0,0,0
73,0,3,3,1,0,0
73,0,3,3,3,0,0
73,1,0,0,0,0,0
73,1,0,0,1,0,0
73,1,0,0,3,0,0
73,1,0,1,0,0,0
73,1,0,1,1,0,0
73,1,0,1,3,0,0
73,1,0,3,0,0,0
73,1,0,3,1,0,0
73,1,0,3,3,0,0
73,1,1,0,0,1,1
73,1,1,0,1,1,1
73,1,1,0,3,1,1
73,1,1,1,0,1,1
73,1,1,1,1,1,1
73,1,1,1,3,1,1
73,1,1,3,0,1,1
73,1,1,3,1,1,1
73,1,1,3,3,1,1
73,1,3,0,0,1,1
73,1,3,0,1,1,1
73,1,3,0,3,1,1
73,1,3,1,0,1,1
73,1,3,1,1,1,1
73,1,3,1,3,1,1
73,1,3,3,0,1,1
73,1,3,3,1,1,1
73,1,3,3,3,1,1
73,3,0,0,0,0,0
73,3,0,0,1,0,0
73,3,0,0,3,0,0
73,3,0,1,0,0,0
73,3,0,1,1,0,0
73,3,0,1,3,0,0
73,3,0,3,0,0,0
73,3,0,3,1,0,0
73,3,0,3,3,0,0
73,3,1,0,0,1,1
73,3,1,0,1,1,1
73,3,1,0,3,1,1
73,3,1,1,0,1,1
73,3,1,1,1,1,1
73,3,1,1,3,1,1
73,3,1,3,0,1,1
73,3,1,3,1,1,1
73,3,1,3,3,1,1
73,3,3,0,0,3,3
73,3,3,0,1,3,3
73,3,3,0,3,3,3
73,3,3,1,0,3,3
73,3,3,1,1,3,3
73,3,3,1,3,3,3
73,3,3,3,0,3,3
73,3,3,3,1,3,3
73,3,3,3,3,3,3
74,0,0,0,0,0,0
74,0,0,0,1,0,0
74,0,0,0,3,0,0
74,0,0,1,0,0,0
74,0,0,1,1,0,0
74,0,0,1,3,0,0
74,0,0,3,0,0,0
74,0,0,3,1,0,0
74,0,0,3,3,0,0
74,0,1,0,0,0,0
74,0,1,0,1,0,0
74,0,1,0,3,0,0
74,0,1,1,0,0,0
74,0,1,1,1,0,0
74,0,1,1,3,0,0
74,0,1,3,0,0,0
74,0,1,3,1,0,0
74,0,1,3,3,0,0
74,0,3,0,0,0,0
74,0,3,0,1,0,0
74,0,3,0,3,0,0
74,0,3,1,0,0,0
74,0,3,1,1,0,0
74,0,3,1,3,0,0
74,0,3,3,0,0,0
74,0,3,3,1,0,0
74,0,3,3,3,0,0
74,1,0,0,0,0,0
74,1,0,0,1,0,0
74,1,0,0,3,0,0
74,1,0,1,0,0,0
74,1,0,1,1,0,0
74,1,0,1,3,0,0
74,1,0,3,0,0,0
74,1,0,3,1,0,0
74,1,0,3,3,0,0
74,1,1,0,0,1,1
74,1,1,0,1,1,1
74,1,1,0,3,1,1
74,1,1,1,0,1,1
74,1,1,1,1,1,1
74,1,1,1,3,1,1
74,1,1,3,0,1,1
74,1,1,3,1,1,1
74,1,1,3,3,1,1
74,1,3,0,0,1,1
74,1,3,0,1,1,1
74,1,3,0,3,1,1
74,1,3,1,0,1,1
74,1,3,1,1,1,1
74,1,3,1,3,1,1
74,1,3,3,0,1,1
74,1,3,3,1,1,1
74,1,3,3,3,1,1
74,3,0,0,0,0,0
74,3,0,0,1,0,0
74,3,0,0,3,0,0
74,3,0,1,0,0,0
74,3,0,1,1,0,0
74,3,0,1,3,0,0
74,3,0,3,0,0,0
74,3,0,3,1,0,0
74,3,0,3,3,0,0
74,3,1,0,0,1,1
74,3,1,0,1,1,1
74,3,1,0,3,1,1
74,3,1,1,0,1,1
74,3,1,1,1,1,1
74,3,1,1,3,1,1
74,3,1,3,0,1,1
74,3,1,3,1,1,1
74,3,1,3,3,1,1
74,3,3,0,0,3,3
74,3,3,0,1,3,3
74,3,3,0,3,3,3
74,3,3,1,0,3,3
74,3,3,1,1,3,3
74,3,3,1,3,3,3
74,3,3,3,0,3,3
74,3,3,3,1,3,3
74,3,3,3,3,3,3
75,0,0,0,0,0,0
75,0,0,0,1,0,0
75,0,0,0,3,0,0
75,0,0,1,0,0,0
75,0,0,1,1,0,0
75,0,0,1,3,0,0
75,0,0,3,0,0,0
75,0,0,3,1,0,0
75,0,0,3,3,0,0
75,0,1,0,0,0,0
75,0,1,0,1,0,0
75,0,1,0,3,0,0
75,0,1,1,0,0,0
75,0,1,1,1,0,0
75,0,1,1,3,0,0
75,0,1,3,0,0,0
75,0,1,3,1,0,0
75,0,1,3,3,0,0
75,0,3,0,0,1,1
75,0,3,0,1,1,1
75,0,3,0,3,1,1
75,0,3,1,0,1,1
75,0,3,1,1,1,1
75,0,3,1,3,1,1
75,0,3,3,0,1,1
75,0,3,3,1,1,1
75,0,3,3,3,1,1
75,1,0,0,0,0,0
75,1,0,0,1,0,0
75,1,0,0,3,0,0
75,1,0,1,0,0,0
75,1,0,1,1,0,0
75,1,0,1,3,0,0
75,1,0,3,0,0,0
75,1,0,3,1,0,0
75,1,0,3,3,0,0
75,1,1,0,0,1,1
75,1,1,0,1,1,1
75,1,1,0,3,1,1
75,1,1,1,0,1,1
75,1,1,1,1,1,1
75,1,1,1,3,1,1
75,1,1,3,0,1,1
75,1,1,3,1,1,1
75,1,1,3,3,1,1
75,1,3,0,0,1,1
75,1,3,0,1,1,1
75,1,3,0,3,1,1
75,1,3,1,0,1,1
75,1,3,1,1,1,1
75,1,3,1,3,1,1
75,1,3,3,0,1,1
75,1,3,3,1,1,1
75,1,3,3,3,1,1
75,3,0,0,0,0,0
75,3,0,0,1,0,0
75,3,0,0,3,0,0
75,3,0,1,0,0,0
75,3,0,1,1,0,0
75,3,0,1,3,0,0
75,3,0,3,0,0,0
75,3,0,3,1,0,0
75,3,0,3,3,0,0
75,3,1,0,0,1,1
75,3,1,0,1,1,1
75,3,1,0,3,1,1
75,3,1,1,0,1,1
75,3,1,1,1,1,1
75,3,1,1,3,1,1
75,3,1,3,0,1,1
75,3,1,3,1,1,1
75,3,1,3,3,1,1
75,3,3,0,0,3,3
75,3,3,0,1,3,3
75,3,3,0,3,3,3
75,3,3,1,0,3,3
75,3,3,1,1,3,3
75,3,3,1,3,3,3
75,3,3,3,0,3,3
75,3,3,3,1,3,3
75,3,3,3,3,3,3
76,0,0,0,0,0,0
76,0,0,0,1,0,0
76,0,0,0,3,0,0
76,0,0,1,0,0,0
76,0,0,1,1,0,0
76,0,0,1,3,0,0
76,0,0,3,0,0,0
76,0,0,3,1,0,0
76,0,0,3,3,0,0
76,0,1,0,0,0,0
76,0,1,0,1,0,0
76,0,1,0,3,0,0
76,0,1,1,0,0,0
76,0,1,1,1,0,0
76,0,1,1,3,0,0
76,0,1,3,0,0,0
76,0,1,3,1,0,0
76,0,1,3,3,0,0
76,0,3,0,0,0,0
76,0,3,0,1,0,0
76,0,3,0,3,0,0
76,0,3,1,0,0,0
76,0,3,1,1,0,0
76,0,3,1,3,0,0
76,0,3,3,0,0,0
76,0,3,3,1,0,0
76,0,3,3,3,0,0
76,1,0,0,0,0,0
76,1,0,0,1,0,0
76,1,0,0,3,0,0
76,1,0,1,0,0,0
76,1,0,1,1,0,0
76,1,0,1,3,0,0
76,1,0,3,0,0,0
76,1,0,3,1,0,0
76,1,0,3,3,0,0
76,1,1,0,0,1,1
76,1,1,0,1,1,1
76,1,1,0,3,1,1
76,1,1,1,0,1,1
76,1,1,1,1,1,1
76,1,1,1,3,1,1
76,1,1,3,0,1,1
76,1,1,3,1,1,1
76,1,1,3,3,1,1
76,1,3,0,0,1,1
76,1,3,0,1,1,1
76,1,3,0,3,1,1
76,1,3,1,0,1,1
76,1,3,1,1,1,1
76,1,3,1,3,1,1
76,1,3,3,0,1,1
76,1,3,3,1,1,1
76,1,3,3,3,1,1
76,3,0,0,0,0,0
76,3,0,0,1,0,0
76,3,0,0,3,0,0
76,3,0,1,0,0,0
76,3,0,1,1,0,0
76,3,0,1,3,0,0
76,3,0,3,0,0,0
76,3,0,3,1,0,0
76,3,0,3,3,0,0
76,3,1,0,0,1,1
76,3,1,0,1,1,1
76,3,1,0,3,1,1
76,3,1,1,0,1,1
76,3,1,1,1,1,1
76,3,1,1,3,1,1
76,3,1,3,0,1,1
76,3,1,3,1,1,1
76,3,1,3,3,1,1
76,3,3,0,0,4,4
76,3,3,0,1,4,4
76,3,3,0,3,4,4
76,3,3,1,0,4,4
76,3,3,1,1,4,4
76,3,3,1,3,4,4
76,3,3,3,0,4,4
76,3,3,3,1,4,4
76,3,3,3,3,4,4
77,0,0,0,0,0,0
77,0,0,0,1,0,0
77,0,0,1,0,0,0
77,0,0,1,1,0,0
77,0,0,3,0,0,0
77,0,0,3,1,0,0
77,0,1,0,0,0,0
77,0,1,0,1,0,0
77,0,1,1,0,0,0
77,0,1,1,1,0,0
77,0,1,3,0,0,0
77,0,1,3,1,0,0
77,0,3,0,0,0,0
77,0,3,0,1,0,0
77,0,3,1,0,0,0
77,0,3,1,1,0,0
77,0,3,3,0,0,0
77,0,3,3,1,0,0
77,1,0,0,0,0,0
77,1,0,0,1,0,0
77,1,0,1,0,0,0
77,1,0,1,1,0,0
77,1,0,3,0,0,0
77,1,0,3,1,0,0
77,1,1,0,0,1,1
77,1,1,0,1,1,1
77,1,1,1,0,1,1
77,1,1,1,1,1,1
77,1,1,3,0,1,1
77,1,1,3,1,1,1
77,1,3,0,0,1,1
77,1,3,0,1,1,1
77,1,3,1,0,1,1
77,1,3,1,1,1,1
77,1,3,3,0,1,1
77,1,3,3,1,1,1
77,3,0,0,0,0,0
77,3,0,0,1,0,0
77,3,0,1,0,0,0
77,3,0,1,1,0,0
77,3,0,3,0,0,0
77,3,0,3,1,0,0
77,3,1,0,0,1,1
77,3,1,0,1,1,1
77,3,1,1,0,1,1
77,3,1,1,1,1,1
77,3,1,3,0,1,1
77,3,1,3,1,1,1
77,3,3,0,0,3,3
77,3,3,0,1,3,3
77,3,3,1,0,3,3
77,3,3,1,1,3,3
77,3,3,3,0,3,3
77,3,3,3,1,3,3
78,0,0,0,0,4294967295,4294967295
78,0,0,0,1,4294967295,4294967295
78,0,0,0,3,4294967295,4294967295
78,0,0,1,0,4294967295,4294967295
78,0,0,1,1,4294967295,4294967295
78,0,0,1,3,4294967295,4294967295
78,0,0,3,0,4294967295,4294967295
78,0,0,3,1,4294967295,4294967295
78,0,0,3,3,4294967295,4294967295
78,0,1,0,0,0,0
78,0,1,0,1,0,0
78,0,1,0,3,0,0
78,0,1,1,0,0,0
78,0,1,1,1,0,0
78,0,1,1,3,0,0
78,0,1,3,0,0,0
78,0,1,3,1,0,0
78,0,1,3,3,0,0
78,0,3,0,0,2,2
78,0,3,0,1,2,2
78,0,3,0,3,2,2
78,0,3,1,0,2,2
78,0,3,1,1,2,2
78,0,3,1,3,2,2
78,0,3,3,0,2,2
78,0,3,3,1,2,2
78,0,3,3,3,2,2
78,1,0,0,0,1,1
78,1,0,0,1,1,1
78,1,0,0,3,1,1
78,1,0,1,0,1,1
78,1,0,1,1,1,1
78,1,0,1,3,1,1
78,1,0,3,0,1,1
78,1,0,3,1,1,1
78,1,0,3,3,1,1
78,1,1,0,0,1,1
78,1,1,0,1,1,1
78,1,1,0,3,1,1
78,1,1,1,0,1,1
78,1,1,1,1,1,1
78,1,1,1,3,1,1
78,1,1,3,0,1,1
78,1,1,3,1,1,1
78,1,1,3,3,1,1
78,1,3,0,0,3,3
78,1,3,0,1,3,3
78,1,3,0,3,3,3
78,1,3,1,0,3,3
78,1,3,1,1,3,3
78,1,3,1,3,3,3
78,1,3,3,0,3,3
78,1,3,3,1,3,3
78,1,3,3,3,3,3
78,3,0,0,0,3,3
78,3,0,0,1,3,3
78,3,0,0,3,3,3
78,3,0,1,0,3,3
78,3,0,1,1,3,3
78,3,0,1,3,3,3
78,3,0,3,0,3,3
78,3,0,3,1,3,3
78,3,0,3,3,3,3
78,3,1,0,0,3,3
78,3,1,0,1,3,3
78,3,1,0,3,3,3
78,3,1,1,0,3,3
78,3,1,1,1,3,3
78,3,1,1,3,3,3
78,3,1,3,0,3,3
78,3,1,3,1,3,3
78,3,1,3,3,3,3
78,3,3,0,0,3,3
78,3,3,0,1,3,3
78,3,3,0,3,3,3
78,3,3,1,0,3,3
78,3,3,1,1,3,3
78,3,3,1,3,3,3
78,3,3,3,0,3,3
78,3,3,3,1,3,3
78,3,3,3,3,3,3
79,0,0,0,0,0,0
79,0,0,0,1,0,0
79,0,0,0,3,0,0
79,0,0,1,0,0,0
79,0,0,1,1,0,0
79,0,0,1,3,0,0
79,0,0,3,0,0,0
79,0,0,3,1,0,0
79,0,0,3,3,0,0
79,0,1,0,0,1,1
79,0,1,0,1,1,1
79,0,1,0,3,1,1
79,0,1,1,0,1,1
79,0,1,1,1,1,1
79,0,1,1,3,1,1
79,0,1,3,0,1,1
79,0,1,3,1,1,1
79,0,1,3,3,1,1
79,0,3,0,0,3,3
79,0,3,0,1,3,3
79,0,3,0,3,3,3
79,0,3,1,0,3,3
79,0,3,1,1,3,3
79,0,3,1,3,3,3
79,0,3,3,0,3,3
79,0,3,3,1,3,3
79,0,3,3,3,3,3
79,1,0,0,0,1,1
79,1,0,0,1,1,1
79,1,0,0,3,1,1
79,1,0,1,0,1,1
79,1,0,1,1,1,1
79,1,0,1,3,1,1
79,1,0,3,0,1,1
79,1,0,3,1,1,1
79,1,0,3,3,1,1
79,1,1,0,0,1,1
79,1,1,0,1,1,1
79,1,1,0,3,1,1
79,1,1,1,0,1,1
79,1,1,1,1,1,1
79,1,1,1,3,1,1
79,1,1,3,0,1,1
79,1,1,3,1,1,1
79,1,1,3,3,1,1
79,1,3,0,0,3,3
79,1,3,0,1,3,3
79,1,3,0,3,3,3
79,1,3,1,0,3,3
79,1,3,1,1,3,3
79,1,3,1,3,3,3
79,1,3,3,0,3,3
79,1,3,3,1,3,3
79,1,3,3,3,3,3
79,3,0,0,0,3,3
79,3,0,0,1,3,3
79,3,0,0,3,3,3
79,3,0,1,0,3,3
79,3,0,1,1,3,3
79,3,0,1,3,3,3
79,3,0,3,0,3,3
79,3,0,3,1,3,3
79,3,0,3,3,3,3
79,3,1,0,0,3,3
79,3,1,0,1,3,3
79,3,1,0,3,3,3
79,3,1,1,0,3,3
79,3,1,1,1,3,3
79,3,1,1,3,3,3
79,3,1,3,0,3,3
79,3,1,3,1,3,3
79,3,1,3,3,3,3
79,3,3,0,0,3,3
79,3,3,0,1,3,3
79,3,3,0,3,3,3
79,3,3,1,0,3,3
79,3,3,1,1,3,3
79,3,3,1,3,3,3
79,3,3,3,0,3,3
79,3,3,3,1,3,3
79,3,3,3,3,3,3
80,0,0,0,0,0,0
80,0,0,0,1,0,0
80,0,0,0,3,0,0
80,0,0,1,0,0,0
80,0,0,1,1,0,0
80,0,0,1,3,0,0
80,0,0,3,0,0,0
80,0,0,3,1,0,0
80,0,0,3,3,0,0
80,0,1,0,0,1,1
80,0,1,0,1,1,1
80,0,1,0,3,1,1
80,0,1,1,0,1,1
80,0,1,1,1,1,1
80,0,1,1,3,1,1
80,0,1,3,0,1,1
80,0,1,3,1,1,1
80,0,1,3,3,1,1
80,0,3,0,0,3,3
80,0,3,0,1,3,3
80,0,3,0,3,3,3
80,0,3,1,0,3,3
80,0,3,1,1,3,3
80,0,3,1,3,3,3
80,0,3,3,0,3,3
80,0,3,3,1,3,3
80,0,3,3,3,3,3
80,1,0,0,0,1,1
80,1,0,0,1,1,1
80,1,0,0,3,1,1
80,1,0,1,0,1,1
80,1,0,1,1,1,1
80,1,0,1,3,1,1
80,1,0,3,0,1,1
80,1,0,3,1,1,1
80,1,0,3,3,1,1
80,1,1,0,0,1,1
80,1,1,0,1,1,1
80,1,1,0,3,1,1
80,1,1,1,0,1,1
80,1,1,1,1,1,1
80,1,1,1,3,1,1
80,1,1,3,0,1,1
80,1,1,3,1,1,1
80,1,1,3,3,1,1
80,1,3,0,0,3,3
80,1,3,0,1,3,3
80,1,3,0,3,3,3
80,1,3,1,0,3,3
80,1,3,1,1,3,3
80,1,3,1,3,3,3
80,1,3,3,0,3,3
80,1,3,3,1,3,3
80,1,3,3,3,3,3
80,3,0,0,0,3,3
80,3,0,0,1,3,3
80,3,0,0,3,3,3
80,3,0,1,0,3,3
80,3,0,1,1,3,3
80,3,0,1,3,3,3
80,3,0,3,0,3,3
80,3,0,3,1,3,3
80,3,0,3,3,3,3
80,3,1,0,0,3,3
80,3,1,0,1,3,3
80,3,1,0,3,3,3
80,3,1,1,0,3,3
80,3,1,1,1,3,3
80,3,1,1,3,3,3
80,3,1,3,0,3,3
80,3,1,3,1,3,3
80,3,1,3,3,3,3
80,3,3,0,0,3,3
80,3,3,0,1,3,3
80,3,3,0,3,3,3
80,3,3,1,0,3,3
80,3,3,1,1,3,3
80,3,3,1,3,3,3
80,3,3,3,0,3,3
80,3,3,3,1,3,3
80,3,3,3,3,3,3
81,0,0,0,0,0,0
81,0,0,0,1,0,0
81,0,0,0,3,0,0
81,0,0,1,0,0,0
81,0,0,1,1,0,0
81,0,0,1,3,0,0
81,0,0,3,0,0,0
81,0,0,3,1,0,0
81,0,0,3,3,0,0
81,0,1,0,0,1,1
81,0,1,0,1,1,1
81,0,1,0,3,1,1
81,0,1,1,0,1,1
81,0,1,1,1,1,1
81,0,1,1,3,1,1
81,0,1,3,0,1,1
81,0,1,3,1,1,1
81,0,1,3,3,1,1
81,0,3,0,0,4,4
81,0,3,0,1,4,4
81,0,3,0,3,4,4
81,0,3,1,0,4,4
81,0,3,1,1,4,4
81,0,3,1,3,4,4
81,0,3,3,0,4,4
81,0,3,3,1,4,4
81,0,3,3,3,4,4
81,1,0,0,0,1,1
81,1,0,0,1,1,1
81,1,0,0,3,1,1
81,1,0,1,0,1,1
81,1,0,1,1,1,1
81,1,0,1,3,1,1
81,1,0,3,0,1,1
81,1,0,3,1,1,1
81,1,0,3,3,1,1
81,1,1,0,0,1,1
81,1,1,0,1,1,1
81,1,1,0,3,1,1
81,1,1,1,0,1,1
81,1,1,1,1,1,1
81,1,1,1,3,1,1
81,1,1,3,0,1,1
81,1,1,3,1,1,1
81,1,1,3,3,1,1
81,1,3,0,0,3,3
81,1,3,0,1,3,3
81,1,3,0,3,3,3
81,1,3,1,0,3,3
81,1,3,1,1,3,3
81,1,3,1,3,3,3
81,1,3,3,0,3,3
81,1,3,3,1,3,3
81,1,3,3,3,3,3
81,3,0,0,0,3,3
81,3,0,0,1,3,3
81,3,0,0,3,3,3
81,3,0,1,0,3,3
81,3,0,1,1,3,3
81,3,0,1,3,3,3
81,3,0,3,0,3,3
81,3,0,3,1,3,3
81,3,0,3,3,3,3
81,3,1,0,0,3,3
81,3,1,0,1,3,3
81,3,1,0,3,3,3
81,3,1,1,0,3,3
81,3,1,1,1,3,3
81,3,1,1,3,3,3
81,3,1,3,0,3,3
81,3,1,3,1,3,3
81,3,1,3,3,3,3
81,3,3,0,0,3,3
81,3,3,0,1,3,3
81,3,3,0,3,3,3
81,3,3,1,0,3,3
81,3,3,1,1,3,3
81,3,3,1,3,3,3
81,3,3,3,0,3,3
81,3,3,3,1,3,3
81,3,3,3,3,3,3
82,0,0,0,0,0,0
82,0,0,0,1,0,0
82,0,0,0,3,0,0
82,0,0,1,0,0,0
82,0,0,1,1,0,0
82,0,0,1,3,0,0
82,0,0,3,0,0,0
82,0,0,3,1,0,0
82,0,0,3,3,0,0
82,0,1,0,0,1,1
82,0,1,0,1,1,1
82,0,1,0,3,1,1
82,0,1,1,0,1,1
82,0,1,1,1,1,1
82,0,1,1,3,1,1
82,0,1,3,0,1,1
82,0,1,3,1,1,1
82,0,1,3,3,1,1
82,0,3,0,0,3,3
82,0,3,0,1,3,3
82,0,3,0,3,3,3
82,0,3,1,0,3,3
82,0,3,1,1,3,3
82,0,3,1,3,3,3
82,0,3,3,0,3,3
82,0,3,3,1,3,3
82,0,3,3,3,3,3
82,1,0,0,0,1,1
82,1,0,0,1,1,1
82,1,0,0,3,1,1
82,1,0,1,0,1,1
82,1,0,1,1,1,1
82,1,0,1,3,1,1
82,1,0,3,0,1,1
82,1,0,3,1,1,1
82,1,0,3,3,1,1
82,1,1,0,0,1,1
82,1,1,0,1,1,1
82,1,1,0,3,1,1
82,1,1,1,0,1,1
82,1,1,1,1,1,1
82,1,1,1,3,1,1
82,1,1,3,0,1,1
82,1,1,3,1,1,1
82,1,1,3,3,1,1
82,1,3,0,0,3,3
82,1,3,0,1,3,3
82,1,3,0,3,3,3
82,1,3,1,0,3,3
82,1,3,1,1,3,3
82,1,3,1,3,3,3
82,1,3,3,0,3,3
82,1,3,3,1,3,3
82,1,3,3,3,3,3
82,3,0,0,0,3,3
82,3,0,0,1,3,3
82,3,0,0,3,3,3
82,3,0,1,0,3,3
82,3,0,1,1,3,3
82,3,0,1,3,3,3
82,3,0,3,0,3,3
82,3,0,3,1,3,3
82,3,0,3,3,3,3
82,3,1,0,0,3,3
82,3,1,0,1,3,3
82,3,1,0,3,3,3
82,3,1,1,0,3,3
82,3,1,1,1,3,3
82,3,1,1,3,3,3
82,3,1,3,0,3,3
82,3,1,3,1,3,3
82,3,1,3,3,3,3
82,3,3,0,0,4,4
82,3,3,0,1,4,4
82,3,3,0,3,4,4
82,3,3,1,0,4,4
82,3,3,1,1,4,4
82,3,3,1,3,4,4
82,3,3,3,0,4,4
82,3,3,3,1,4,4
82,3,3,3,3,4,4
83,0,0,0,0,0,0
83,0,0,0,1,0,0
83,0,0,1,0,0,0
83,0,0,1,1,0,0
83,0,0,3,0,0,0
83,0,0,3,1,0,0
83,0,1,0,0,1,1
83,0,1,0,1,1,1
83,0,1,1,0,1,1
83,0,1,1,1,1,1
83,0,1,3,0,1,1
83,0,1,3,1,1,1
83,0,3,0,0,3,3
83,0,3,0,1,3,3
83,0,3,1,0,3,3
83,0,3,1,1,3,3
83,0,3,3,0,3,3
83,0,3,3,1,3,3
83,1,0,0,0,1,1
83,1,0,0,1,1,1
83,1,0,1,0,1,1
83,1,0,1,1,1,1
83,1,0,3,0,1,1
83,1,0,3,1,1,1
83,1,1,0,0,1,1
83,1,1,0,1,1,1
83,1,1,1,0,1,1
83,1,1,1,1,1,1
83,1,1,3,0,1,1
83,1,1,3,1,1,1
83,1,3,0,0,3,3
83,1,3,0,1,3,3
83,1,3,1,0,3,3
83,1,3,1,1,3,3
83,1,3,3,0,3,3
83,1,3,3,1,3,3
83,3,0,0,0,3,3
83,3,0,0,1,3,3
83,3,0,1,0,3,3
83,3,0,1,1,3,3
83,3,0,3,0,3,3
83,3,0,3,1,3,3
83,3,1,0,0,3,3
83,3,1,0,1,3,3
83,3,1,1,0,3,3
83,3,1,1,1,3,3
83,3,1,3,0,3,3
83,3,1,3,1,3,3
83,3,3,0,0,3,3
83,3,3,0,1,3,3
83,3,3,1,0,3,3
83,3,3,1,1,3,3
83,3,3,3,0,3,3
83,3,3,3,1,3,3
84,0,0,0,0,4294967295,4294967295
84,0,0,0,1,4294967295,4294967295
84,0,0,0,3,4294967295,4294967295
84,0,0,1,0,4294967295,4294967295
84,0,0,1,1,4294967295,4294967295
84,0,0,1,3,4294967295,4294967295
84,0,0,3,0,4294967295,4294967295
84,0,0,3,1,4294967295,4294967295
84,0,0,3,3,4294967295,4294967295
84,0,1,0,0,0,0
84,0,1,0,1,0,0
84,0,1,0,3,0,0
84,0,1,1,0,0,0
84,0,1,1,1,0,0
84,0,1,1,3,0,0
84,0,1,3,0,0,0
84,0,1,3,1,0,0
84,0,1,3,3,0,0
84,0,3,0,0,2,2
84,0,3,0,1,2,2
84,0,3,0,3,2,2
84,0,3,1,0,2,2
84,0,3,1,1,2,2
84,0,3,1,3,2,2
84,0,3,3,0,2,2
84,0,3,3,1,2,2
84,0,3,3,3,2,2
84,1,0,0,0,1,1
84,1,0,0,1,1,1
84,1,0,0,3,1,1
84,1,0,1,0,1,1
84,1,0,1,1,1,1
84,1,0,1,3,1,1
84,1,0,3,0,1,1
84,1,0,3,1,1,1
84,1,0,3,3,1,1
84,1,1,0,0,0,0
84,1,1,0,1,0,0
84,1,1,0,3,0,0
84,1,1,1,0,0,0
84,1,1,1,1,0,0
84,1,1,1,3,0,0
84,1,1,3,0,0,0
84,1,1,3,1,0,0
84,1,1,3,3,0,0
84,1,3,0,0,2,2
84,1,3,0,1,2,2
84,1,3,0,3,2,2
84,1,3,1,0,2,2
84,1,3,1,1,2,2
84,1,3,1,3,2,2
84,1,3,3,0,2,2
84,1,3,3,1,2,2
84,1,3,3,3,2,2
84,3,0,0,0,3,3
84,3,0,0,1,3,3
84,3,0,0,3,3,3
84,3,0,1,0,3,3
84,3,0,1,1,3,3
84,3,0,1,3,3,3
84,3,0,3,0,3,3
84,3,0,3,1,3,3
84,3,0,3,3,3,3
84,3,1,0,0,2,2
84,3,1,0,1,2,2
84,3,1,0,3,2,2
84,3,1,1,0,2,2
84,3,1,1,1,2,2
84,3,1,1,3,2,2
84,3,1,3,0,2,2
84,3,1,3,1,2,2
84,3,1,3,3,2,2
84,3,3,0,0,0,0
84,3,3,0,1,0,0
84,3,3,0,3,0,0
84,3,3,1,0,0,0
84,3,3,1,1,0,0
84,3,3,1,3,0,0
84,3,3,3,0,0,0
84,3,3,3,1,0,0
84,3,3,3,3,0,0
85,0,0,0,0,0,0
85,0,0,0,1,0,0
85,0,0,0,3,0,0
85,0,0,1,0,0,0
85,0,0,1,1,0,0
85,0,0,1,3,0,0
85,0,0,3,0,0,0
85,0,0,3,1,0,0
85,0,0,3,3,0,0
85,0,1,0,0,1,1
85,0,1,0,1,1,1
85,0,1,0,3,1,1
85,0,1,1,0,1,1
85,0,1,1,1,1,1
85,0,1,1,3,1,1
85,0,1,3,0,1,1
85,0,1,3,1,1,1
85,0,1,3,3,1,1
85,0,3,0,0,3,3
85,0,3,0,1,3,3
85,0,3,0,3,3,3
85,0,3,1,0,3,3
85,0,3,1,1,3,3
85,0,3,1,3,3,3
85,0,3,3,0,3,3
85,0,3,3,1,3,3
85,0,3,3,3,3,3
85,1,0,0,0,1,1
85,1,0,0,1,1,1
85,1,0,0,3,1,1
85,1,0,1,0,1,1
85,1,0,1,1,1,1
85,1,0,1,3,1,1
85,1,0,3,0,1,1
85,1,0,3,1,1,1
85,1,0,3,3,1,1
85,1,1,0,0,0,0
85,1,1,0,1,0,0
85,1,1,0,3,0,0
85,1,1,1,0,0,0
85,1,1,1,1,0,0
85,1,1,1,3,0,0
85,1,1,3,0,0,0
85,1,1,3,1,0,0
85,1,1,3,3,0,0
85,1,3,0,0,2,2
85,1,3,0,1,2,2
85,1,3,0,3,2,2
85,1,3,1,0,2,2
85,1,3,1,1,2,2
85,1,3,1,3,2,2
85,1,3,3,0,2,2
85,1,3,3,1,2,2
85,1,3,3,3,2,2
85,3,0,0,0,3,3
85,3,0,0,1,3,3
85,3,0,0,3,3,3
85,3,0,1,0,3,3
85,3,0,1,1,3,3
85,3,0,1,3,3,3
85,3,0,3,0,3,3
85,3,0,3,1,3,3
85,3,0,3,3,3,3
85,3,1,0,0,2,2
85,3,1,0,1,2,2
85,3,1,0,3,2,2
85,3,1,1,0,2,2
85,3,1,1,1,2,2
85,3,1,1,3,2,2
85,3,1,3,0,2,2
85,3,1,3,1,2,2
85,3,1,3,3,2,2
85,3,3,0,0,0,0
85,3,3,0,1,0,0
85,3,3,0,3,0,0
85,3,3,1,0,0,0
85,3,3,1,1,0,0
85,3,3,1,3,0,0
85,3,3,3,0,0,0
85,3,3,3,1,0,0
85,3,3,3,3,0,0
86,0,0,0,0,0,0
86,0,0,0,1,0,0
86,0,0,0,3,0,0
86,0,0,1,0,0,0
86,0,0,1,1,0,0
86,0,0,1,3,0,0
86,0,0,3,0,0,0
86,0,0,3,1,0,0
86,0,0,3,3,0,0
86,0,1,0,0,1,1
86,0,1,0,1,1,1
86,0,1,0,3,1,1
86,0,1,1,0,1,1
86,0,1,1,1,1,1
86,0,1,1,3,1,1
86,0,1,3,0,1,1
86,0,1,3,1,1,1
86,0,1,3,3,1,1
86,0,3,0,0,3,3
86,0,3,0,1,3,3
86,0,3,0,3,3,3
86,0,3,1,0,3,3
86,0,3,1,1,3,3
86,0,3,1,3,3,3
86,0,3,3,0,3,3
86,0,3,3,1,3,3
86,0,3,3,3,3,3
86,1,0,0,0,1,1
86,1,0,0,1,1,1
86,1,0,0,3,1,1
86,1,0,1,0,1,1
86,1,0,1,1,1,1
86,1,0,1,3,1,1
86,1,0,3,0,1,1
86,1,0,3,1,1,1
86,1,0,3,3,1,1
86,1,1,0,0,0,0
86,1,1,0,1,0,0
86,1,1,0,3,0,0
86,1,1,1,0,0,0
86,1,1,1,1,0,0
86,1,1,1,3,0,0
86,1,1,3,0,0,0
86,1,1,3,1,0,0
86,1,1,3,3,0,0
86,1,3,0,0,2,2
86,1,3,0,1,2,2
86,1,3,0,3,2,2
86,1,3,1,0,2,2
86,1,3,1,1,2,2
86,1,3,1,3,2,2
86,1,3,3,0,2,2
86,1,3,3,1,2,2
86,1,3,3,3,2,2
86,3,0,0,0,3,3
86,3,0,0,1,3,3
86,3,0,0,3,3,3
86,3,0,1,0,3,3
86,3,0,1,1,3,3
86,3,0,1,3,3,3
86,3,0,3,0,3,3
86,3,0,3,1,3,3
86,3,0,3,3,3,3
86,3,1,0,0,2,2
86,3,1,0,1,2,2
86,3,1,0,3,2,2
86,3,1,1,0,2,2
86,3,1,1,1,2,2
86,3,1,1,3,2,2
86,3,1,3,0,2,2
86,3,1,3,1,2,2
86,3,1,3,3,2,2
86,3,3,0,0,0,0
86,3,3,0,1,0,0
86,3,3,0,3,0,0
86,3,3,1,0,0,0
86,3,3,1,1,0,0
86,3,3,1,3,0,0
86,3,3,3,0,0,0
86,3,3,3,1,0,0
86,3,3,3,3,0,0
87,0,0,0,0,0,0
87,0,0,0,1,0,0
87,0,0,0,3,0,0
87,0,0,1,0,0,0
87,0,0,1,1,0,0
87,0,0,1,3,0,0
87,0,0,3,0,0,0
87,0,0,3,1,0,0
87,0,0,3,3,0,0
87,0,1,0,0,1,1
87,0,1,0,1,1,1
87,0,1,0,3,1,1
87,0,1,1,0,1,1
87,0,1,1,1,1,1
87,0,1,1,3,1,1
87,0,1,3,0,1,1
87,0,1,3,1,1,1
87,0,1,3,3,1,1
87,0,3,0,0,4,4
87,0,3,0,1,4,4
87,0,3,0,3,4,4
87,0,3,1,0,4,4
87,0,3,1,1,4,4
87,0,3,1,3,4,4
87,0,3,3,0,4,4
87,0,3,3,1,4,4
87,0,3,3,3,4,4
87,1,0,0,0,1,1
87,1,0,0,1,1,1
87,1,0,0,3,1,1
87,1,0,1,0,1,1
87,1,0,1,1,1,1
87,1,0,1,3,1,1
87,1,0,3,0,1,1
87,1,0,3,1,1,1
87,1,0,3,3,1,1
87,1,1,0,0,0,0
87,1,1,0,1,0,0
87,1,1,0,3,0,0
87,1,1,1,0,0,0
87,1,1,1,1,0,0
87,1,1,1,3,0,0
87,1,1,3,0,0,0
87,1,1,3,1,0,0
87,1,1,3,3,0,0
87,1,3,0,0,2,2
87,1,3,0,1,2,2
87,1,3,0,3,2,2
87,1,3,1,0,2,2
87,1,3,1,1,2,2
87,1,3,1,3,2,2
87,1,3,3,0,2,2
87,1,3,3,1,2,2
87,1,3,3,3,2,2
87,3,0,0,0,3,3
87,3,0,0,1,3,3
87,3,0,0,3,3,3
87,3,0,1,0,3,3
87,3,0,1,1,3,3
87,3,0,1,3,3,3
87,3,0,3,0,3,3
87,3,0,3,1,3,3
87,3,0,3,3,3,3
87,3,1,0,0,2,2
87,3,1,0,1,2,2
87,3,1,0,3,2,2
87,3,1,1,0,2,2
87,3,1,1,1,2,2
87,3,1,1,3,2,2
87,3,1,3,0,2,2
87,3,1,3,1,2,2
87,3,1,3,3,2,2
87,3,3,0,0,0,0
87,3,3,0,1,0,0
87,3,3,0,3,0,0
87,3,3,1,0,0,0
87,3,3,1,1,0,0
87,3,3,1,3,0,0
87,3,3,3,0,0,0
87,3,3,3,1,0,0
87,3,3,3,3,0,0
88,0,0,0,0,0,0
88,0,0,0,1,0,0
88,0,0,0,3,0,0
88,0,0,1,0,0,0
88,0,0,1,1,0,0
88,0,0,1,3,0,0
88,0,0,3,0,0,0
88,0,0,3,1,0,0
88,0,0,3,3,0,0
88,0,1,0,0,1,1
88,0,1,0,1,1,1
88,0,1,0,3,1,1
88,0,1,1,0,1,1
88,0,1,1,1,1,1
88,0,1,1,3,1,1
88,0,1,3,0,1,1
88,0,1,3,1,1,1
88,0,1,3,3,1,1
88,0,3,0,0,3,3
88,0,3,0,1,3,3
88,0,3,0,3,3,3
88,0,3,1,0,3,3
88,0,3,1,1,3,3
88,0,3,1,3,3,3
88,0,3,3,0,3,3
88,0,3,3,1,3,3
88,0,3,3,3,3,3
88,1,0,0,0,1,1
88,1,0,0,1,1,1
88,1,0,0,3,1,1
88,1,0,1,0,1,1
88,1,0,1,1,1,1
88,1,0,1,3,1,1
88,1,0,3,0,1,1
88,1,0,3,1,1,1
88,1,0,3,3,1,1
88,1,1,0,0,0,0
88,1,1,0,1,0,0
88,1,1,0,3,0,0
88,1,1,1,0,0,0
88,1,1,1,1,0,0
88,1,1,1,3,0,0
88,1,1,3,0,0,0
88,1,1,3,1,0,0
88,1,1,3,3,0,0
88,1,3,0,0,2,2
88,1,3,0,1,2,2
88,1,3,0,3,2,2
88,1,3,1,0,2,2
88,1,3,1,1,2,2
88,1,3,1,3,2,2
88,1,3,3,0,2,2
88,1,3,3,1,2,2
88,1,3,3,3,2,2
88,3,0,0,0,3,3
88,3,0,0,1,3,3
88,3,0,0,3,3,3
88,3,0,1,0,3,3
88,3,0,1,1,3,3
88,3,0,1,3,3,3
88,3,0,3,0,3,3
88,3,0,3,1,3,3
88,3,0,3,3,3,3
88,3,1,0,0,2,2
88,3,1,0,1,2,2
88,3,1,0,3,2,2
88,3,1,1,0,2,2
88,3,1,1,1,2,2
88,3,1,1,3,2,2
88,3,1,3,0,2,2
88,3,1,3,1,2,2
88,3,1,3,3,2,2
88,3,3,0,0,1,1
88,3,3,0,1,1,1
88,3,3,0,3,1,1
88,3,3,1,0,1,1
88,3,3,1,1,1,1
88,3,3,1,3,1,1
88,3,3,3,0,1,1
88,3,3,3,1,1,1
88,3,3,3,3,1,1
89,0,0,0,0,0,0
89,0,0,0,1,0,0
89,0,0,1,0,0,0
89,0,0,1,1,0,0
89,0,0,3,0,0,0
89,0,0,3,1,0,0
89,0,1,0,0,1,1
89,0,1,0,1,1,1
89,0,1,1,0,1,1
89,0,1,1,1,1,1
89,0,1,3,0,1,1
89,0,1,3,1,1,1
89,0,3,0,0,3,3
89,0,3,0,1,3,3
89,0,3,1,0,3,3
89,0,3,1,1,3,3
89,0,3,3,0,3,3
89,0,3,3,1,3,3
89,1,0,0,0,1,1
89,1,0,0,1,1,1
89,1,0,1,0,1,1
89,1,0,1,1,1,1
89,1,0,3,0,1,1
89,1,0,3,1,1,1
89,1,1,0,0,0,0
89,1,1,0,1,0,0
89,1,1,1,0,0,0
89,1,1,1,1,0,0
89,1,1,3,0,0,0
89,1,1,3,1,0,0
89,1,3,0,0,2,2
89,1,3,0,1,2,2
89,1,3,1,0,2,2
89,1,3,1,1,2,2
89,1,3,3,0,2,2
89,1,3,3,1,2,2
89,3,0,0,0,3,3
89,3,0,0,1,3,3
89,3,0,1,0,3,3
89,3,0,1,1,3,3
89,3,0,3,0,3,3
89,3,0,3,1,3,3
89,3,1,0,0,2,2
89,3,1,0,1,2,2
89,3,1,1,0,2,2
89,3,1,1,1,2,2
89,3,1,3,0,2,2
89,3,1,3,1,2,2
89,3,3,0,0,0,0
89,3,3,0,1,0,0
89,3,3,1,0,0,0
89,3,3,1,1,0,0
89,3,3,3,0,0,0
89,3,3,3,1,0,0
90,0,0,0,0,4294967295,4294967295
90,0,0,0,1,4294967295,4294967295
90,0,0,0,3,4294967295,4294967295
90,0,0,1,0,4294967295,4294967295
90,0,0,1,1,4294967295,4294967295
90,0,0,1,3,4294967295,4294967295
90,0,0,3,0,4294967295,4294967295
90,0,0,3,1,4294967295,4294967295
90,0,0,3,3,4294967295,4294967295
90,0,1,0,0,4294967295,4294967295
90,0,1,0,1,4294967295,4294967295
90,0,1,0,3,4294967295,4294967295
90,0,1,1,0,4294967295,4294967295
90,0,1,1,1,4294967295,4294967295
90,0,1,1,3,4294967295,4294967295
90,0,1,3,0,4294967295,4294967295
90,0,1,3,1,4294967295,4294967295
90,0,1,3,3,4294967295,4294967295
90,0,3,0,0,4294967295,4294967295
90,0,3,0,1,4294967295,4294967295
90,0,3,0,3,4294967295,4294967295
90,0,3,1,0,4294967295,4294967295
90,0,3,1,1,4294967295,4294967295
90,0,3,1,3,4294967295,4294967295
90,0,3,3,0,4294967295,4294967295
90,0,3,3,1,4294967295,4294967295
90,0,3,3,3,4294967295,4294967295
90,1,0,0,0,1,1
90,1,0,0,1,1,1
90,1,0,0,3,1,1
90,1,0,1,0,1,1
90,1,0,1,1,1,1
90,1,0,1,3,1,1
90,1,0,3,0,1,1
90,1,0,3,1,1,1
90,1,0,3,3,1,1
90,1,1,0,0,1,1
90,1,1,0,1,1,1
90,1,1,0,3,1,1
90,1,1,1,0,1,1
90,1,1,1,1,1,1
90,1,1,1,3,1,1
90,1,1,3,0,1,1
90,1,1,3,1,1,1
90,1,1,3,3,1,1
90,1,3,0,0,0,0
90,1,3,0,1,0,0
90,1,3,0,3,0,0
90,1,3,1,0,0,0
90,1,3,1,1,0,0
90,1,3,1,3,0,0
90,1,3,3,0,0,0
90,1,3,3,1,0,0
90,1,3,3,3,0,0
90,3,0,0,0,3,3
90,3,0,0,1,3,3
90,3,0,0,3,3,3
90,3,0,1,0,3,3
90,3,0,1,1,3,3
90,3,0,1,3,3,3
90,3,0,3,0,3,3
90,3,0,3,1,3,3
90,3,0,3,3,3,3
90,3,1,0,0,3,3
90,3,1,0,1,3,3
90,3,1,0,3,3,3
90,3,1,1,0,3,3
90,3,1,1,1,3,3
90,3,1,1,3,3,3
90,3,1,3,0,3,3
90,3,1,3,1,3,3
90,3,1,3,3,3,3
90,3,3,0,0,1,1
90,3,3,0,1,1,1
90,3,3,0,3,1,1
90,3,3,1,0,1,1
90,3,3,1,1,1,1
90,3,3,1,3,1,1
90,3,3,3,0,1,1
90,3,3,3,1,1,1
90,3,3,3,3,1,1
91,0,0,0,0,0,0
91,0,0,0,1,0,0
91,0,0,0,3,0,0
91,0,0,1,0,0,0
91,0,0,1,1,0,0
91,0,0,1,3,0,0
91,0,0,3,0,0,0
91,0,0,3,1,0,0
91,0,0,3,3,0,0
91,0,1,0,0,0,0
91,0,1,0,1,0,0
91,0,1,0,3,0,0
91,0,1,1,0,0,0
91,0,1,1,1,0,0
91,0,1,1,3,0,0
91,0,1,3,0,0,0
91,0,1,3,1,0,0
91,0,1,3,3,0,0
91,0,3,0,0,0,0
91,0,3,0,1,0,0
91,0,3,0,3,0,0
91,0,3,1,0,0,0
91,0,3,1,1,0,0
91,0,3,1,3,0,0
91,0,3,3,0,0,0
91,0,3,3,1,0,0
91,0,3,3,3,0,0
91,1,0,0,0,1,1
91,1,0,0,1,1,1
91,1,0,0,3,1,1
91,1,0,1,0,1,1
91,1,0,1,1,1,1
91,1,0,1,3,1,1
91,1,0,3,0,1,1
91,1,0,3,1,1,1
91,1,0,3,3,1,1
91,1,1,0,0,1,1
91,1,1,0,1,1,1
91,1,1,0,3,1,1
91,1,1,1,0,1,1
91,1,1,1,1,1,1
91,1,1,1,3,1,1
91,1,1,3,0,1,1
91,1,1,3,1,1,1
91,1,1,3,3,1,1
91,1,3,0,0,0,0
91,1,3,0,1,0,0
91,1,3,0,3,0,0
91,1,3,1,0,0,0
91,1,3,1,1,0,0
91,1,3,1,3,0,0
91,1,3,3,0,0,0
91,1,3,3,1,0,0
91,1,3,3,3,0,0
91,3,0,0,0,3,3
91,3,0,0,1,3,3
91,3,0,0,3,3,3
91,3,0,1,0,3,3
91,3,0,1,1,3,3
91,3,0,1,3,3,3
91,3,0,3,0,3,3
91,3,0,3,1,3,3
91,3,0,3,3,3,3
91,3,1,0,0,3,3
91,3,1,0,1,3,3
91,3,1,0,3,3,3
91,3,1,1,0,3,3
91,3,1,1,1,3,3
91,3,1,1,3,3,3
91,3,1,3,0,3,3
91,3,1,3,1,3,3
91,3,1,3,3,3,3
91,3,3,0,0,1,1
91,3,3,0,1,1,1
91,3,3,0,3,1,1
91,3,3,1,0,1,1
91,3,3,1,1,1,1
91,3,3,1,3,1,1
91,3,3,3,0,1,1
91,3,3,3,1,1,1
91,3,3,3,3,1,1
92,0,0,0,0,0,0
92,0,0,0,1,0,0
92,0,0,0,3,0,0
92,0,0,1,0,0,0
92,0,0,1,1,0,0
92,0,0,1,3,0,0
92,0,0,3,0,0,0
92,0,0,3,1,0,0
92,0,0,3,3,0,0
92,0,1,0,0,0,0
92,0,1,0,1,0,0
92,0,1,0,3,0,0
92,0,1,1,0,0,0
92,0,1,1,1,0,0
92,0,1,1,3,0,0
92,0,1,3,0,0,0
92,0,1,3,1,0,0
92,0,1,3,3,0,0
92,0,3,0,0,0,0
92,0,3,0,1,0,0
92,0,3,0,3,0,0
92,0,3,1,0,0,0
92,0,3,1,1,0,0
92,0,3,1,3,0,0
92,0,3,3,0,0,0
92,0,3,3,1,0,0
92,0,3,3,3,0,0
92,1,0,0,0,1,1
92,1,0,0,1,1,1
92,1,0,0,3,1,1
92,1,0,1,0,1,1
92,1,0,1,1,1,1
92,1,0,1,3,1,1
92,1,0,3,0,1,1
92,1,0,3,1,1,1
92,1,0,3,3,1,1
92,1,1,0,0,1,1
92,1,1,0,1,1,1
92,1,1,0,3,1,1
92,1,1,1,0,1,1
92,1,1,1,1,1,1
92,1,1,1,3,1,1
92,1,1,3,0,1,1
92,1,1,3,1,1,1
92,1,1,3,3,1,1
92,1,3,0,0,0,0
92,1,3,0,1,0,0
92,1,3,0,3,0,0
92,1,3,1,0,0,0
92,1,3,1,1,0,0
92,1,3,1,3,0,0
92,1,3,3,0,0,0
92,1,3,3,1,0,0
92,1,3,3,3,0,0
92,3,0,0,0,3,3
92,3,0,0,1,3,3
92,3,0,0,3,3,3
92,3,0,1,0,3,3
92,3,0,1,1,3,3
92,3,0,1,3,3,3
92,3,0,3,0,3,3
92,3,0,3,1,3,3
92,3,0,3,3,3,3
92,3,1,0,0,3,3
92,3,1,0,1,3,3
92,3,1,0,3,3,3
92,3,1,1,0,3,3
92,3,1,1,1,3,3
92,3,1,1,3,3,3
92,3,1,3,0,3,3
92,3,1,3,1,3,3
92,3,1,3,3,3,3
92,3,3,0,0,1,1
92,3,3,0,1,1,1
92,3,3,0,3,1,1
92,3,3,1,0,1,1
92,3,3,1,1,1,1
92,3,3,1,3,1,1
92,3,3,3,0,1,1
92,3,3,3,1,1,1
92,3,3,3,3,1,1
93,0,0,0,0,0,0
93,0,0,0,1,0,0
93,0,0,0,3,0,0
93,0,0,1,0,0,0
93,0,0,1,1,0,0
93,0,0,1,3,0,0
93,0,0,3,0,0,0
93,0,0,3,1,0,0
93,0,0,3,3,0,0
93,0,1,0,0,0,0
93,0,1,0,1,0,0
93,0,1,0,3,0,0
93,0,1,1,0,0,0
93,0,1,1,1,0,0
93,0,1,1,3,0,0
93,0,1,3,0,0,0
93,0,1,3,1,0,0
93,0,1,3,3,0,0
93,0,3,0,0,1,1
93,0,3,0,1,1,1
93,0,3,0,3,1,1
93,0,3,1,0,1,1
93,0,3,1,1,1,1
93,0,3,1,3,1,1
93,0,3,3,0,1,1
93,0,3,3,1,1,1
93,0,3,3,3,1,1
93,1,0,0,0,1,1
93,1,0,0,1,1,1
93,1,0,0,3,1,1
93,1,0,1,0,1,1
93,1,0,1,1,1,1
93,1,0,1,3,1,1
93,1,0,3,0,1,1
93,1,0,3,1,1,1
93,1,0,3,3,1,1
93,1,1,0,0,1,1
93,1,1,0,1,1,1
93,1,1,0,3,1,1
93,1,1,1,0,1,1
93,1,1,1,1,1,1
93,1,1,1,3,1,1
93,1,1,3,0,1,1
93,1,1,3,1,1,1
93,1,1,3,3,1,1
93,1,3,0,0,0,0
93,1,3,0,1,0,0
93,1,3,0,3,0,0
93,1,3,1,0,0,0
93,1,3,1,1,0,0
93,1,3,1,3,0,0
93,1,3,3,0,0,0
93,1,3,3,1,0,0
93,1,3,3,3,0,0
93,3,0,0,0,3,3
93,3,0,0,1,3,3
93,3,0,0,3,3,3
93,3,0,1,0,3,3
93,3,0,1,1,3,3
93,3,0,1,3,3,3
93,3,0,3,0,3,3
93,3,0,3,1,3,3
93,3,0,3,3,3,3
93,3,1,0,0,3,3
93,3,1,0,1,3,3
93,3,1,0,3,3,3
93,3,1,1,0,3,3
93,3,1,1,1,3,3
93,3,1,1,3,3,3
93,3,1,3,0,3,3
93,3,1,3,1,3,3
93,3,1,3,3,3,3
93,3,3,0,0,1,1
93,3,3,0,1,1,1
93,3,3,0,3,1,1
93,3,3,1,0,1,1
93,3,3,1,1,1,1
93,3,3,1,3,1,1
93,3,3,3,0,1,1
93,3,3,3,1,1,1
93,3,3,3,3,1,1
94,0,0,0,0,0,0
94,0,0,0,1,0,0
94,0,0,0,3,0,0
94,0,0,1,0,0,0
94,0,0,1,1,0,0
94,0,0,1,3,0,0
94,0,0,3,0,0,0
94,0,0,3,1,0,0
94,0,0,3,3,0,0
94,0,1,0,0,0,0
94,0,1,0,1,0,0
94,0,1,0,3,0,0
94,0,1,1,0,0,0
94,0,1,1,1,0,0
94,0,1,1,3,0,0
94,0,1,3,0,0,0
94,0,1,3,1,0,0
94,0,1,3,3,0,0
94,0,3,0,0,0,0
94,0,3,0,1,0,0
94,0,3,0,3,0,0
94,0,3,1,0,0,0
94,0,3,1,1,0,0
94,0,3,1,3,0,0
94,0,3,3,0,0,0
94,0,3,3,1,0,0
94,0,3,3,3,0,0
94,1,0,0,0,1,1
94,1,0,0,1,1,1
94,1,0,0,3,1,1
94,1,0,1,0,1,1
94,1,0,1,1,1,1
94,1,0,1,3,1,1
94,1,0,3,0,1,1
94,1,0,3,1,1,1
94,1,0,3,3,1,1
94,1,1,0,0,1,1
94,1,1,0,1,1,1
94,1,1,0,3,1,1
94,1,1,1,0,1,1
94,1,1,1,1,1,1
94,1,1,1,3,1,1
94,1,1,3,0,1,1
94,1,1,3,1,1,1
94,1,1,3,3,1,1
94,1,3,0,0,0,0
94,1,3,0,1,0,0
94,1,3,0,3,0,0
94,1,3,1,0,0,0
94,1,3,1,1,0,0
94,1,3,1,3,0,0
94,1,3,3,0,0,0
94,1,3,3,1,0,0
94,1,3,3,3,0,0
94,3,0,0,0,3,3
94,3,0,0,1,3,3
94,3,0,0,3,3,3
94,3,0,1,0,3,3
94,3,0,1,1,3,3
94,3,0,1,3,3,3
94,3,0,3,0,3,3
94,3,0,3,1,3,3
94,3,0,3,3,3,3
94,3,1,0,0,3,3
94,3,1,0,1,3,3
94,3,1,0,3,3,3
94,3,1,1,0,3,3
94,3,1,1,1,3,3
94,3,1,1,3,3,3
94,3,1,3,0,3,3
94,3,1,3,1,3,3
94,3,1,3,3,3,3
94,3,3,0,0,2,2
94,3,3,0,1,2,2
94,3,3,0,3,2,2
94,3,3,1,0,2,2
94,3,3,1,1,2,2
94,3,3,1,3,2,2
94,3,3,3,0,2,2
94,3,3,3,1,2,2
94,3,3,3,3,2,2
95,0,0,0,0,0,0
95,0,0,0,1,0,0
95,0,0,1,0,0,0
95,0,0,1,1,0,0
95,0,0,3,0,0,0
95,0,0,3,1,0,0
95,0,1,0,0,0,0
95,0,1,0,1,0,0
95,0,1,1,0,0,0
95,0,1,1,1,0,0
95,0,1,3,0,0,0
95,0,1,3,1,0,0
95,0,3,0,0,0,0
95,0,3,0,1,0,0
95,0,3,1,0,0,0
95,0,3,1,1,0,0
95,0,3,3,0,0,0
95,0,3,3,1,0,0
95,1,0,0,0,1,1
95,1,0,0,1,1,1
95,1,0,1,0,1,1
95,1,0,1,1,1,1
95,1,0,3,0,1,1
95,1,0,3,1,1,1
95,1,1,0,0,1,1
95,1,1,0,1,1,1
95,1,1,1,0,1,1
95,1,1,1,1,1,1
95,1,1,3,0,1,1
95,1,1,3,1,1,1
95,1,3,0,0,0,0
95,1,3,0,1,0,0
95,1,3,1,0,0,0
95,1,3,1,1,0,0
95,1,3,3,0,0,0
95,1,3,3,1,0,0
95,3,0,0,0,3,3
95,3,0,0,1,3,3
95,3,0,1,0,3,3
95,3,0,1,1,3,3
95,3,0,3,0,3,3
95,3,0,3,1,3,3
95,3,1,0,0,3,3
95,3,1,0,1,3,3
95,3,1,1,0,3,3
95,3,1,1,1,3,3
95,3,1,3,0,3,3
95,3,1,3,1,3,3
95,3,3,0,0,1,1
95,3,3,0,1,1,1
95,3,3,1,0,1,1
95,3,3,1,1,1,1
95,3,3,3,0,1,1
95,3,3,3,1,1,1
96,0,0,0,0,0,0
96,0,0,0,1,0,0
96,0,0,0,3,0,0
96,0,0,1,0,0,0
96,0,0,1,1,0,0
96,0,0,1,3,0,0
96,0,0,3,0,0,0
96,0,0,3,1,0,0
96,0,0,3,3,0,0
96,0,1,0,0,0,0
96,0,1,0,1,0,0
96,0,1,0,3,0,0
96,0,1,1,0,0,0
96,0,1,1,1,0,0
96,0,1,1,3,0,0
96,0,1,3,0,0,0
96,0,1,3,1,0,0
96,0,1,3,3,0,0
96,0,3,0,0,0,0
96,0,3,0,1,0,0
96,0,3,0,3,0,0
96,0,3,1,0,0,0
96,0,3,1,1,0,0
96,0,3,1,3,0,0
96,0,3,3,0,0,0
96,0,3,3,1,0,0
96,0,3,3,3,0,0
96,1,0,0,0,2,2
96,1,0,0,1,2,2
96,1,0,0,3,2,2
96,1,0,1,0,2,2
96,1,0,1,1,2,2
96,1,0,1,3,2,2
96,1,0,3,0,2,2
96,1,0,3,1,2,2
96,1,0,3,3,2,2
96,1,1,0,0,1,1
96,1,1,0,1,1,1
96,1,1,0,3,1,1
96,1,1,1,0,1,1
96,1,1,1,1,1,1
96,1,1,1,3,1,1
96,1,1,3,0,1,1
96,1,1,3,1,1,1
96,1,1,3,3,1,1
96,1,3,0,0,2,2
96,1,3,0,1,2,2
96,1,3,0,3,2,2
96,1,3,1,0,2,2
96,1,3,1,1,2,2
96,1,3,1,3,2,2
96,1,3,3,0,2,2
96,1,3,3,1,2,2
96,1,3,3,3,2,2
96,3,0,0,0,4,4
96,3,0,0,1,4,4
96,3,0,0,3,4,4
96,3,0,1,0,4,4
96,3,0,1,1,4,4
96,3,0,1,3,4,4
96,3,0,3,0,4,4
96,3,0,3,1,4,4
96,3,0,3,3,4,4
96,3,1,0,0,3,3
96,3,1,0,1,3,3
96,3,1,0,3,3,3
96,3,1,1,0,3,3
96,3,1,1,1,3,3
96,3,1,1,3,3,3
96,3,1,3,0,3,3
96,3,1,3,1,3,3
96,3,1,3,3,3,3
96,3,3,0,0,1,1
96,3,3,0,1,1,1
96,3,3,0,3,1,1
96,3,3,1,0,1,1
96,3,3,1,1,1,1
96,3,3,1,3,1,1
96,3,3,3,0,1,1
96,3,3,3,1,1,1
96,3,3,3,3,1,1
97,0,0,0,0,1,1
97,0,0,0,1,1,1
97,0,0,0,3,1,1
97,0,0,1,0,1,1
97,0,0,1,1,1,1
97,0,0,1,3,1,1
97,0,0,3,0,1,1
97,0,0,3,1,1,1
97,0,0,3,3,1,1
97,0,1,0,0,1,1
97,0,1,0,1,1,1
97,0,1,0,3,1,1
97,0,1,1,0,1,1
97,0,1,1,1,1,1
97,0,1,1,3,1,1
97,0,1,3,0,1,1
97,0,1,3,1,1,1
97,0,1,3,3,1,1
97,0,3,0,0,1,1
97,0,3,0,1,1,1
97,0,3,0,3,1,1
97,0,3,1,0,1,1
97,0,3,1,1,1,1
97,0,3,1,3,1,1
97,0,3,3,0,1,1
97,0,3,3,1,1,1
97,0,3,3,3,1,1
97,1,0,0,0,2,2
97,1,0,0,1,2,2
97,1,0,0,3,2,2
97,1,0,1,0,2,2
97,1,0,1,1,2,2
97,1,0,1,3,2,2
97,1,0,3,0,2,2
97,1,0,3,1,2,2
97,1,0,3,3,2,2
97,1,1,0,0,1,1
97,1,1,0,1,1,1
97,1,1,0,3,1,1
97,1,1,1,0,1,1
97,1,1,1,1,1,1
97,1,1,1,3,1,1
97,1,1,3,0,1,1
97,1,1,3,1,1,1
97,1,1,3,3,1,1
97,1,3,0,0,2,2
97,1,3,0,1,2,2
97,1,3,0,3,2,2
97,1,3,1,0,2,2
97,1,3,1,1,2,2
97,1,3,1,3,2,2
97,1,3,3,0,2,2
97,1,3,3,1,2,2
97,1,3,3,3,2,2
97,3,0,0,0,4,4
97,3,0,0,1,4,4
97,3,0,0,3,4,4
97,3,0,1,0,4,4
97,3,0,1,1,4,4
97,3,0,1,3,4,4
97,3,0,3,0,4,4
97,3,0,3,1,4,4
97,3,0,3,3,4,4
97,3,1,0,0,3,3
97,3,1,0,1,3,3
97,3,1,0,3,3,3
97,3,1,1,0,3,3
97,3,1,1,1,3,3
97,3,1,1,3,3,3
97,3,1,3,0,3,3
97,3,1,3,1,3,3
97,3,1,3,3,3,3
97,3,3,0,0,1,1
97,3,3,0,1,1,1
97,3,3,0,3,1,1
97,3,3,1,0,1,1
97,3,3,1,1,1,1
97,3,3,1,3,1,1
97,3,3,3,0,1,1
97,3,3,3,1,1,1
97,3,3,3,3,1,1
98,0,0,0,0,1,1
98,0,0,0,1,1,1
98,0,0,0,3,1,1
98,0,0,1,0,1,1
98,0,0,1,1,1,1
98,0,0,1,3,1,1
98,0,0,3,0,1,1
98,0,0,3,1,1,1
98,0,0,3,3,1,1
98,0,1,0,0,1,1
98,0,1,0,1,1,1
98,0,1,0,3,1,1
98,0,1,1,0,1,1
98,0,1,1,1,1,1
98,0,1,1,3,1,1
98,0,1,3,0,1,1
98,0,1,3,1,1,1
98,0,1,3,3,1,1
98,0,3,0,0,1,1
98,0,3,0,1,1,1
98,0,3,0,3,1,1
98,0,3,1,0,1,1
98,0,3,1,1,1,1
98,0,3,1,3,1,1
98,0,3,3,0,1,1
98,0,3,3,1,1,1
98,0,3,3,3,1,1
98,1,0,0,0,2,2
98,1,0,0,1,2,2
98,1,0,0,3,2,2
98,1,0,1,0,2,2
98,1,0,1,1,2,2
98,1,0,1,3,2,2
98,1,0,3,0,2,2
98,1,0,3,1,2,2
98,1,0,3,3,2,2
98,1,1,0,0,1,1
98,1,1,0,1,1,1
98,1,1,0,3,1,1
98,1,1,1,0,1,1
98,1,1,1,1,1,1
98,1,1,1,3,1,1
98,1,1,3,0,1,1
98,1,1,3,1,1,1
98,1,1,3,3,1,1
98,1,3,0,0,2,2
98,1,3,0,1,2,2
98,1,3,0,3,2,2
98,1,3,1,0,2,2
98,1,3,1,1,2,2
98,1,3,1,3,2,2
98,1,3,3,0,2,2
98,1,3,3,1,2,2
98,1,3,3,3,2,2
98,3,0,0,0,4,4
98,3,0,0,1,4,4
98,3,0,0,3,4,4
98,3,0,1,0,4,4
98,3,0,1,1,4,4
98,3,0,1,3,4,4
98,3,0,3,0,4,4
98,3,0,3,1,4,4
98,3,0,3,3,4,4
98,3,1,0,0,3,3
98,3,1,0,1,3,3
98,3,1,0,3,3,3
98,3,1,1,0,3,3
98,3,1,1,1,3,3
98,3,1,1,3,3,3
98,3,1,3,0,3,3
98,3,1,3,1,3,3
98,3,1,3,3,3,3
98,3,3,0,0,1,1
98,3,3,0,1,1,1
98,3,3,0,3,1,1
98,3,3,1,0,1,1
98,3,3,1,1,1,1
98,3,3,1,3,1,1
98,3,3,3,0,1,1
98,3,3,3,1,1,1
98,3,3,3,3,1,1
99,0,0,0,0,1,1
99,0,0,0,1,1,1
99,0,0,0,3,1,1
99,0,0,1,0,1,1
99,0,0,1,1,1,1
99,0,0,1,3,1,1
99,0,0,3,0,1,1
99,0,0,3,1,1,1
99,0,0,3,3,1,1
99,0,1,0,0,1,1
99,0,1,0,1,1,1
99,0,1,0,3,1,1
99,0,1,1,0,1,1
99,0,1,1,1,1,1
99,0,1,1,3,1,1
99,0,1,3,0,1,1
99,0,1,3,1,1,1
99,0,1,3,3,1,1
99,0,3,0,0,2,2
99,0,3,0,1,2,2
99,0,3,0,3,2,2
99,0,3,1,0,2,2
99,0,3,1,1,2,2
99,0,3,1,3,2,2
99,0,3,3,0,2,2
99,0,3,3,1,2,2
99,0,3,3,3,2,2
99,1,0,0,0,2,2
99,1,0,0,1,2,2
99,1,0,0,3,2,2
99,1,0,1,0,2,2
99,1,0,1,1,2,2
99,1,0,1,3,2,2
99,1,0,3,0,2,2
99,1,0,3,1,2,2
99,1,0,3,3,2,2
99,1,1,0,0,1,1
99,1,1,0,1,1,1
99,1,1,0,3,1,1
99,1,1,1,0,1,1
99,1,1,1,1,1,1
99,1,1,1,3,1,1
99,1,1,3,0,1,1
99,1,1,3,1,1,1
99,1,1,3,3,1,1
99,1,3,0,0,2,2
99,1,3,0,1,2,2
99,1,3,0,3,2,2
99,1,3,1,0,2,2
99,1,3,1,1,2,2
99,1,3,1,3,2,2
99,1,3,3,0,2,2
99,1,3,3,1,2,2
99,1,3,3,3,2,2
99,3,0,0,0,4,4
99,3,0,0,1,4,4
99,3,0,0,3,4,4
99,3,0,1,0,4,4
99,3,0,1,1,4,4
99,3,0,1,3,4,4
99,3,0,3,0,4,4
99,3,0,3,1,4,4
99,3,0,3,3,4,4
99,3,1,0,0,3,3
99,3,1,0,1,3,3
99,3,1,0,3,3,3
99,3,1,1,0,3,3
99,3,1,1,1,3,3
99,3,1,1,3,3,3
99,3,1,3,0,3,3
99,3,1,3,1,3,3
99,3,1,3,3,3,3
99,3,3,0,0,1,1
99,3,3,0,1,1,1
99,3,3,0,3,1,1
99,3,3,1,0,1,1
99,3,3,1,1,1,1
99,3,3,1,3,1,1
99,3,3,3,0,1,1
99,3,3,3,1,1,1
99,3,3,3,3,1,1
100,0,0,0,0,1,1
100,0,0,0,1,1,1
100,0,0,0,3,1,1
100,0,0,1,0,1,1
100,0,0,1,1,1,1
100,0,0,1,3,1,1
100,0,0,3,0,1,1
100,0,0,3,1,1,1
100,0,0,3,3,1,1
100,0,1,0,0,1,1
100,0,1,0,1,1,1
100,0,1,0,3,1,1
100,0,1,1,0,1,1
100,0,1,1,1,1,1
100,0,1,1,3,1,1
100,0,1,3,0,1,1
100,0,1,3,1,1,1
100,0,1,3,3,1,1
100,0,3,0,0,1,1
100,0,3,0,1,1,1
100,0,3,0,3,1,1
100,0,3,1,0,1,1
100,0,3,1,1,1,1
100,0,3,1,3,1,1
100,0,3,3,0,1,1
100,0,3,3,1,1,1
100,0,3,3,3,1,1
100,1,0,0,0,2,2
100,1,0,0,1,2,2
100,1,0,0,3,2,2
100,1,0,1,0,2,2
100,1,0,1,1,2,2
100,1,0,1,3,2,2
100,1,0,3,0,2,2
100,1,0,3,1,2,2
100,1,0,3,3,2,2
100,1,1,0,0,1,1
100,1,1,0,1,1,1
100,1,1,0,3,1,1
100,1,1,1,0,1,1
100,1,1,1,1,1,1
100,1,1,1,3,1,1
100,1,1,3,0,1,1
100,1,1,3,1,1,1
100,1,1,3,3,1,1
100,1,3,0,0,2,2
100,1,3,0,1,2,2
100,1,3,0,3,2,2
100,1,3,1,0,2,2
100,1,3,1,1,2,2
100,1,3,1,3,2,2
100,1,3,3,0,2,2
100,1,3,3,1,2,2
100,1,3,3,3,2,2
100,3,0,0,0,4,4
100,3,0,0,1,4,4
100,3,0,0,3,4,4
100,3,0,1,0,4,4
100,3,0,1,1,4,4
100,3,0,1,3,4,4
100,3,0,3,0,4,4
100,3,0,3,1,4,4
100,3,0,3,3,4,4
100,3,1,0,0,3,3
100,3,1,0,1,3,3
100,3,1,0,3,3,3
100,3,1,1,0,3,3
100,3,1,1,1,3,3
100,3,1,1,3,3,3
100,3,1,3,0,3,3
100,3,1,3,1,3,3
100,3,1,3,3,3,3
100,3,3,0,0,2,2
100,3,3,0,1,2,2
100,3,3,0,3,2,2
100,3,3,1,0,2,2
100,3,3,1,1,2,2
100,3,3,1,3,2,2
100,3,3,3,0,2,2
100,3,3,3,1,2,2
100,3,3,3,3,2,2
101,0,0,0,0,1,1
101,0,0,0,1,1,1
101,0,0,1,0,1,1
101,0,0,1,1,1,1
101,0,0,3,0,1,1
101,0,0,3,1,1,1
101,0,1,0,0,1,1
101,0,1,0,1,1,1
101,0,1,1,0,1,1
101,0,1,1,1,1,1
101,0,1,3,0,1,1
101,0,1,3,1,1,1
101,0,3,0,0,1,1
101,0,3,0,1,1,1
101,0,3,1,0,1,1
101,0,3,1,1,1,1
101,0,3,3,0,1,1
101,0,3,3,1,1,1
101,1,0,0,0,2,2
101,1,0,0,1,2,2
101,1,0,1,0,2,2
101,1,0,1,1,2,2
101,1,0,3,0,2,2
101,1,0,3,1,2,2
101,1,1,0,0,1,1
101,1,1,0,1,1,1
101,1,1,1,0,1,1
101,1,1,1,1,1,1
101,1,1,3,0,1,1
101,1,1,3,1,1,1
101,1,3,0,0,2,2
101,1,3,0,1,2,2
101,1,3,1,0,2,2
101,1,3,1,1,2,2
101,1,3,3,0,2,2
101,1,3,3,1,2,2
101,3,0,0,0,4,4
101,3,0,0,1,4,4
101,3,0,1,0,4,4
101,3,0,1,1,4,4
101,3,0,3,0,4,4
101,3,0,3,1,4,4
101,3,1,0,0,3,3
101,3,1,0,1,3,3
101,3,1,1,0,3,3
101,3,1,1,1,3,3
101,3,1,3,0,3,3
101,3,1,3,1,3,3
101,3,3,0,0,1,1
101,3,3,0,1,1,1
101,3,3,1,0,1,1
101,3,3,1,1,1,1
101,3,3,3,0,1,1
101,3,3,3,1,1,1
102,0,0,0,0,0,0
102,0,0,0,1,0,0
102,0,0,0,3,0,0
102,0,0,1,0,1,1
102,0,0,1,1,1,1
102,0,0,1,3,1,1
102,0,0,3,0,1,1
102,0,0,3,1,1,1
102,0,0,3,3,1,1
102,0,1,0,0,0,0
102,0,1,0,1,0,0
102,0,1,0,3,0,0
102,0,1,1,0,0,0
102,0,1,1,1,0,0
102,0,1,1,3,0,0
102,0,1,3,0,0,0
102,0,1,3,1,0,0
102,0,1,3,3,0,0
102,0,3,0,0,2,2
102,0,3,0,1,2,2
102,0,3,0,3,2,2
102,0,3,1,0,2,2
102,0,3,1,1,2,2
102,0,3,1,3,2,2
102,0,3,3,0,2,2
102,0,3,3,1,2,2
102,0,3,3,3,2,2
102,1,0,0,0,2,2
102,1,0,0,1,2,2
102,1,0,0,3,2,2
102,1,0,1,0,3,3
102,1,0,1,1,3,3
102,1,0,1,3,3,3
102,1,0,3,0,3,3
102,1,0,3,1,3,3
102,1,0,3,3,3,3
102,1,1,0,0,2,2
102,1,1,0,1,2,2
102,1,1,0,3,2,2
102,1,1,1,0,2,2
102,1,1,1,1,2,2
102,1,1,1,3,2,2
102,1,1,3,0,2,2
102,1,1,3,1,2,2
102,1,1,3,3,2,2
102,1,3,0,0,4,4
102,1,3,0,1,4,4
102,1,3,0,3,4,4
102,1,3,1,0,4,4
102,1,3,1,1,4,4
102,1,3,1,3,4,4
102,1,3,3,0,4,4
102,1,3,3,1,4,4
102,1,3,3,3,4,4
102,3,0,0,0,4,4
102,3,0,0,1,4,4
102,3,0,0,3,4,4
102,3,0,1,0,5,5
102,3,0,1,1,5,5
102,3,0,1,3,5,5
102,3,0,3,0,5,5
102,3,0,3,1,5,5
102,3,0,3,3,5,5
102,3,1,0,0,4,4
102,3,1,0,1,4,4
102,3,1,0,3,4,4
102,3,1,1,0,4,4
102,3,1,1,1,4,4
102,3,1,1,3,4,4
102,3,1,3,0,4,4
102,3,1,3,1,4,4
102,3,1,3,3,4,4
102,3,3,0,0,6,6
102,3,3,0,1,6,6
102,3,3,0,3,6,6
102,3,3,1,0,6,6
102,3,3,1,1,6,6
102,3,3,1,3,6,6
102,3,3,3,0,6,6
102,3,3,3,1,6,6
102,3,3,3,3,6,6
103,0,0,0,0,1,1
103,0,0,0,1,1,1
103,0,0,0,3,1,1
103,0,0,1,0,2,2
103,0,0,1,1,2,2
103,0,0,1,3,2,2
103,0,0,3,0,2,2
103,0,0,3,1,2,2
103,0,0,3,3,2,2
103,0,1,0,0,1,1
103,0,1,0,1,1,1
103,0,1,0,3,1,1
103,0,1,1,0,1,1
103,0,1,1,1,1,1
103,0,1,1,3,1,1
103,0,1,3,0,1,1
103,0,1,3,1,1,1
103,0,1,3,3,1,1
103,0,3,0,0,3,3
103,0,3,0,1,3,3
103,0,3,0,3,3,3
103,0,3,1,0,3,3
103,0,3,1,1,3,3
103,0,3,1,3,3,3
103,0,3,3,0,3,3
103,0,3,3,1,3,3
103,0,3,3,3,3,3
103,1,0,0,0,2,2
103,1,0,0,1,2,2
103,1,0,0,3,2,2
103,1,0,1,0,3,3
103,1,0,1,1,3,3
103,1,0,1,3,3,3
103,1,0,3,0,3,3
103,1,0,3,1,3,3
103,1,0,3,3,3,3
103,1,1,0,0,2,2
103,1,1,0,1,2,2
103,1,1,0,3,2,2
103,1,1,1,0,2,2
103,1,1,1,1,2,2
103,1,1,1,3,2,2
103,1,1,3,0,2,2
103,1,1,3,1,2,2
103,1,1,3,3,2,2
103,1,3,0,0,4,4
103,1,3,0,1,4,4
103,1,3,0,3,4,4
103,1,3,1,0,4,4
103,1,3,1,1,4,4
103,1,3,1,3,4,4
103,1,3,3,0,4,4
103,1,3,3,1,4,4
103,1,3,3,3,4,4
103,3,0,0,0,4,4
103,3,0,0,1,4,4
103,3,0,0,3,4,4
103,3,0,1,0,5,5
103,3,0,1,1,5,5
103,3,0,1,3,5,5
103,3,0,3,0,5,5
103,3,0,3,1,5,5
103,3,0,3,3,5,5
103,3,1,0,0,4,4
103,3,1,0,1,4,4
103,3,1,0,3,4,4
103,3,1,1,0,4,4
103,3,1,1,1,4,4
103,3,1,1,3,4,4
103,3,1,3,0,4,4
103,3,1,3,1,4,4
103,3,1,3,3,4,4
103,3,3,0,0,6,6
103,3,3,0,1,6,6
103,3,3,0,3,6,6
103,3,3,1,0,6,6
103,3,3,1,1,6,6
103,3,3,1,3,6,6
103,3,3,3,0,6,6
103,3,3,3,1,6,6
103,3,3,3,3,6,6
104,0,0,0,0,1,1
104,0,0,0,1,1,1
104,0,0,0,3,1,1
104,0,0,1,0,2,2
104,0,0,1,1,2,2
104,0,0,1,3,2,2
104,0,0,3,0,2,2
104,0,0,3,1,2,2
104,0,0,3,3,2,2
104,0,1,0,0,1,1
104,0,1,0,1,1,1
104,0,1,0,3,1,1
104,0,1,1,0,1,1
104,0,1,1,1,1,1
104,0,1,1,3,1,1
104,0,1,3,0,1,1
104,0,1,3,1,1,1
104,0,1,3,3,1,1
104,0,3,0,0,3,3
104,0,3,0,1,3,3
104,0,3,0,3,3,3
104,0,3,1,0,3,3
104,0,3,1,1,3,3
104,0,3,1,3,3,3
104,0,3,3,0,3,3
104,0,3,3,1,3,3
104,0,3,3,3,3,3
104,1,0,0,0,2,2
104,1,0,0,1,2,2
104,1,0,0,3,2,2
104,1,0,1,0,3,3
104,1,0,1,1,3,3
104,1,0,1,3,3,3
104,1,0,3,0,3,3
104,1,0,3,1,3,3
104,1,0,3,3,3,3
104,1,1,0,0,2,2
104,1,1,0,1,2,2
104,1,1,0,3,2,2
104,1,1,1,0,2,2
104,1,1,1,1,2,2
104,1,1,1,3,2,2
104,1,1,3,0,2,2
104,1,1,3,1,2,2
104,1,1,3,3,2,2
104,1,3,0,0,4,4
104,1,3,0,1,4,4
104,1,3,0,3,4,4
104,1,3,1,0,4,4
104,1,3,1,1,4,4
104,1,3,1,3,4,4
104,1,3,3,0,4,4
104,1,3,3,1,4,4
104,1,3,3,3,4,4
104,3,0,0,0,4,4
104,3,0,0,1,4,4
104,3,0,0,3,4,4
104,3,0,1,0,5,5
104,3,0,1,1,5,5
104,3,0,1,3,5,5
104,3,0,3,0,5,5
104,3,0,3,1,5,5
104,3,0,3,3,5,5
104,3,1,0,0,4,4
104,3,1,0,1,4,4
104,3,1,0,3,4,4
104,3,1,1,0,4,4
104,3,1,1,1,4,4
104,3,1,1,3,4,4
104,3,1,3,0,4,4
104,3,1,3,1,4,4
104,3,1,3,3,4,4
104,3,3,0,0,6,6
104,3,3,0,1,6,6
104,3,3,0,3,6,6
104,3,3,1,0,6,6
104,3,3,1,1,6,6
104,3,3,1,3,6,6
104,3,3,3,0,6,6
104,3,3,3,1,6,6
104,3,3,3,3,6,6
105,0,0,0,0,1,1
105,0,0,0,1,1,1
105,0,0,0,3,1,1
105,0,0,1,0,2,2
105,0,0,1,1,2,2
105,0,0,1,3,2,2
105,0,0,3,0,2,2
105,0,0,3,1,2,2
105,0,0,3,3,2,2
105,0,1,0,0,1,1
105,0,1,0,1,1,1
105,0,1,0,3,1,1
105,0,1,1,0,1,1
105,0,1,1,1,1,1
105,0,1,1,3,1,1
105,0,1,3,0,1,1
105,0,1,3,1,1,1
105,0,1,3,3,1,1
105,0,3,0,0,4,4
105,0,3,0,1,4,4
105,0,3,0,3,4,4
105,0,3,1,0,4,4
105,0,3,1,1,4,4
105,0,3,1,3,4,4
105,0,3,3,0,4,4
105,0,3,3,1,4,4
105,0,3,3,3,4,4
105,1,0,0,0,2,2
105,1,0,0,1,2,2
105,1,0,0,3,2,2
105,1,0,1,0,3,3
105,1,0,1,1,3,3
105,1,0,1,3,3,3
105,1,0,3,0,3,3
105,1,0,3,1,3,3
105,1,0,3,3,3,3
105,1,1,0,0,2,2
105,1,1,0,1,2,2
105,1,1,0,3,2,2
105,1,1,1,0,2,2
105,1,1,1,1,2,2
105,1,1,1,3,2,2
105,1,1,3,0,2,2
105,1,1,3,1,2,2
105,1,1,3,3,2,2
105,1,3,0,0,4,4
105,1,3,0,1,4,4
105,1,3,0,3,4,4
105,1,3,1,0,4,4
105,1,3,1,1,4,4
105,1,3,1,3,4,4
105,1,3,3,0,4,4
105,1,3,3,1,4,4
105,1,3,3,3,4,4
105,3,0,0,0,4,4
105,3,0,0,1,4,4
105,3,0,0,3,4,4
105,3,0,1,0,5,5
105,3,0,1,1,5,5
105,3,0,1,3,5,5
105,3,0,3,0,5,5
105,3,0,3,1,5,5
105,3,0,3,3,5,5
105,3,1,0,0,4,4
105,3,1,0,1,4,4
105,3,1,0,3,4,4
105,3,1,1,0,4,4
105,3,1,1,1,4,4
105,3,1,1,3,4,4
105,3,1,3,0,4,4
105,3,1,3,1,4,4
105,3,1,3,3,4,4
105,3,3,0,0,6,6
105,3,3,0,1,6,6
105,3,3,0,3,6,6
105,3,3,1,0,6,6
105,3,3,1,1,6,6
105,3,3,1,3,6,6
105,3,3,3,0,6,6
105,3,3,3,1,6,6
105,3,3,3,3,6,6
106,0,0,0,0,1,1
106,0,0,0,1,1,1
106,0,0,0,3,1,1
106,0,0,1,0,2,2
106,0,0,1,1,2,2
106,0,0,1,3,2,2
106,0,0,3,0,2,2
106,0,0,3,1,2,2
106,0,0,3,3,2,2
106,0,1,0,0,1,1
106,0,1,0,1,1,1
106,0,1,0,3,1,1
106,0,1,1,0,1,1
106,0,1,1,1,1,1
106,0,1,1,3,1,1
106,0,1,3,0,1,1
106,0,1,3,1,1,1
106,0,1,3,3,1,1
106,0,3,0,0,3,3
106,0,3,0,1,3,3
106,0,3,0,3,3,3
106,0,3,1,0,3,3
106,0,3,1,1,3,3
106,0,3,1,3,3,3
106,0,3,3,0,3,3
106,0,3,3,1,3,3
106,0,3,3,3,3,3
106,1,0,0,0,2,2
106,1,0,0,1,2,2
106,1,0,0,3,2,2
106,1,0,1,0,3,3
106,1,0,1,1,3,3
106,1,0,1,3,3,3
106,1,0,3,0,3,3
106,1,0,3,1,3,3
106,1,0,3,3,3,3
106,1,1,0,0,2,2
106,1,1,0,1,2,2
106,1,1,0,3,2,2
106,1,1,1,0,2,2
106,1,1,1,1,2,2
106,1,1,1,3,2,2
106,1,1,3,0,2,2
106,1,1,3,1,2,2
106,1,1,3,3,2,2
106,1,3,0,0,4,4
106,1,3,0,1,4,4
106,1,3,0,3,4,4
106,1,3,1,0,4,4
106,1,3,1,1,4,4
106,1,3,1,3,4,4
106,1,3,3,0,4,4
106,1,3,3,1,4,4
106,1,3,3,3,4,4
106,3,0,0,0,4,4
106,3,0,0,1,4,4
106,3,0,0,3,4,4
106,3,0,1,0,5,5
106,3,0,1,1,5,5
106,3,0,1,3,5,5
106,3,0,3,0,5,5
106,3,0,3,1,5,5
106,3,0,3,3,5,5
106,3,1,0,0,4,4
106,3,1,0,1,4,4
106,3,1,0,3,4,4
106,3,1,1,0,4,4
106,3,1,1,1,4,4
106,3,1,1,3,4,4
106,3,1,3,0,4,4
106,3,1,3,1,4,4
106,3,1,3,3,4,4
106,3,3,0,0,7,7
106,3,3,0,1,7,7
106,3,3,0,3,7,7
106,3,3,1,0,7,7
106,3,3,1,1,7,7
106,3,3,1,3,7,7
106,3,3,3,0,7,7
106,3,3,3,1,7,7
106,3,3,3,3,7,7
107,0,0,0,0,1,1
107,0,0,0,1,1,1
107,0,0,1,0,2,2
107,0,0,1,1,2,2
107,0,0,3,0,2,2
107,0,0,3,1,2,2
107,0,1,0,0,1,1
107,0,1,0,1,1,1
107,0,1,1,0,1,1
107,0,1,1,1,1,1
107,0,1,3,0,1,1
107,0,1,3,1,1,1
107,0,3,0,0,3,3
107,0,3,0,1,3,3
107,0,3,1,0,3,3
107,0,3,1,1,3,3
107,0,3,3,0,3,3
107,0,3,3,1,3,3
107,1,0,0,0,2,2
107,1,0,0,1,2,2
107,1,0,1,0,3,3
107,1,0,1,1,3,3
107,1,0,3,0,3,3
107,1,0,3,1,3,3
107,1,1,0,0,2,2
107,1,1,0,1,2,2
107,1,1,1,0,2,2
107,1,1,1,1,2,2
107,1,1,3,0,2,2
107,1,1,3,1,2,2
107,1,3,0,0,4,4
107,1,3,0,1,4,4
107,1,3,1,0,4,4
107,1,3,1,1,4,4
107,1,3,3,0,4,4
107,1,3,3,1,4,4
107,3,0,0,0,4,4
107,3,0,0,1,4,4
107,3,0,1,0,5,5
107,3,0,1,1,5,5
107,3,0,3,0,5,5
107,3,0,3,1,5,5
107,3,1,0,0,4,4
107,3,1,0,1,4,4
107,3,1,1,0,4,4
107,3,1,1,1,4,4
107,3,1,3,0,4,4
107,3,1,3,1,4,4
107,3,3,0,0,6,6
107,3,3,0,1,6,6
107,3,3,1,0,6,6
107,3,3,1,1,6,6
107,3,3,3,0,6,6
107,3,3,3,1,6,6
108,0,0,0,0,4294967295,4294967295
108,0,0,0,1,4294967295,4294967295
108,0,0,0,3,4294967295,4294967295
108,0,0,1,0,0,0
108,0,0,1,1,0,0
108,0,0,1,3,0,0
108,0,0,3,0,2,2
108,0,0,3,1,2,2
108,0,0,3,3,2,2
108,0,1,0,0,4294967295,4294967295
108,0,1,0,1,4294967295,4294967295
108,0,1,0,3,4294967295,4294967295
108,0,1,1,0,0,0
108,0,1,1,1,0,0
108,0,1,1,3,0,0
108,0,1,3,0,2,2
108,0,1,3,1,2,2
108,0,1,3,3,2,2
108,0,3,0,0,4294967295,4294967295
108,0,3,0,1,4294967295,4294967295
108,0,3,0,3,4294967295,4294967295
108,0,3,1,0,0,0
108,0,3,1,1,0,0
108,0,3,1,3,0,0
108,0,3,3,0,2,2
108,0,3,3,1,2,2
108,0,3,3,3,2,2
108,1,0,0,0,1,1
108,1,0,0,1,1,1
108,1,0,0,3,1,1
108,1,0,1,0,2,2
108,1,0,1,1,2,2
108,1,0,1,3,2,2
108,1,0,3,0,4,4
108,1,0,3,1,4,4
108,1,0,3,3,4,4
108,1,1,0,0,1,1
108,1,1,0,1,1,1
108,1,1,0,3,1,1
108,1,1,1,0,2,2
108,1,1,1,1,2,2
108,1,1,1,3,2,2
108,1,1,3,0,4,4
108,1,1,3,1,4,4
108,1,1,3,3,4,4
108,1,3,0,0,1,1
108,1,3,0,1,1,1
108,1,3,0,3,1,1
108,1,3,1,0,2,2
108,1,3,1,1,2,2
108,1,3,1,3,2,2
108,1,3,3,0,4,4
108,1,3,3,1,4,4
108,1,3,3,3,4,4
108,3,0,0,0,3,3
108,3,0,0,1,3,3
108,3,0,0,3,3,3
108,3,0,1,0,4,4
108,3,0,1,1,4,4
108,3,0,1,3,4,4
108,3,0,3,0,6,6
108,3,0,3,1,6,6
108,3,0,3,3,6,6
108,3,1,0,0,3,3
108,3,1,0,1,3,3
108,3,1,0,3,3,3
108,3,1,1,0,4,4
108,3,1,1,1,4,4
108,3,1,1,3,4,4
108,3,1,3,0,6,6
108,3,1,3,1,6,6
108,3,1,3,3,6,6
108,3,3,0,0,3,3
108,3,3,0,1,3,3
108,3,3,0,3,3,3
108,3,3,1,0,4,4
108,3,3,1,1,4,4
108,3,3,1,3,4,4
108,3,3,3,0,6,6
108,3,3,3,1,6,6
108,3,3,3,3,6,6
109,0,0,0,0,0,0
109,0,0,0,1,0,0
109,0,0,0,3,0,0
109,0,0,1,0,1,1
109,0,0,1,1,1,1
109,0,0,1,3,1,1
109,0,0,3,0,3,3
109,0,0,3,1,3,3
109,0,0,3,3,3,3
109,0,1,0,0,0,0
109,0,1,0,1,0,0
109,0,1,0,3,0,0
109,0,1,1,0,1,1
109,0,1,1,1,1,1
109,0,1,1,3,1,1
109,0,1,3,0,3,3
109,0,1,3,1,3,3
109,0,1,3,3,3,3
109,0,3,0,0,0,0
109,0,3,0,1,0,0
109,0,3,0,3,0,0
109,0,3,1,0,1,1
109,0,3,1,1,1,1
109,0,3,1,3,1,1
109,0,3,3,0,3,3
109,0,3,3,1,3,3
109,0,3,3,3,3,3
109,1,0,0,0,1,1
109,1,0,0,1,1,1
109,1,0,0,3,1,1
109,1,0,1,0,2,2
109,1,0,1,1,2,2
109,1,0,1,3,2,2
109,1,0,3,0,4,4
109,1,0,3,1,4,4
109,1,0,3,3,4,4
109,1,1,0,0,1,1
109,1,1,0,1,1,1
109,1,1,0,3,1,1
109,1,1,1,0,2,2
109,1,1,1,1,2,2
109,1,1,1,3,2,2
109,1,1,3,0,4,4
109,1,1,3,1,4,4
109,1,1,3,3,4,4
109,1,3,0,0,1,1
109,1,3,0,1,1,1
109,1,3,0,3,1,1
109,1,3,1,0,2,2
109,1,3,1,1,2,2
109,1,3,1,3,2,2
109,1,3,3,0,4,4
109,1,3,3,1,4,4
109,1,3,3,3,4,4
109,3,0,0,0,3,3
109,3,0,0,1,3,3
109,3,0,0,3,3,3
109,3,0,1,0,4,4
109,3,0,1,1,4,4
109,3,0,1,3,4,4
109,3,0,3,0,6,6
109,3,0,3,1,6,6
109,3,0,3,3,6,6
109,3,1,0,0,3,3
109,3,1,0,1,3,3
109,3,1,0,3,3,3
109,3,1,1,0,4,4
109,3,1,1,1,4,4
109,3,1,1,3,4,4
109,3,1,3,0,6,6
109,3,1,3,1,6,6
109,3,1,3,3,6,6
109,3,3,0,0,3,3
109,3,3,0,1,3,3
109,3,3,0,3,3,3
109,3,3,1,0,4,4
109,3,3,1,1,4,4
109,3,3,1,3,4,4
109,3,3,3,0,6,6
109,3,3,3,1,6,6
109,3,3,3,3,6,6
110,0,0,0,0,0,0
110,0,0,0,1,0,0
110,0,0,0,3,0,0
110,0,0,1,0,1,1
110,0,0,1,1,1,1
110,0,0,1,3,1,1
110,0,0,3,0,3,3
110,0,0,3,1,3,3
110,0,0,3,3,3,3
110,0,1,0,0,0,0
110,0,1,0,1,0,0
110,0,1,0,3,0,0
110,0,1,1,0,1,1
110,0,1,1,1,1,1
110,0,1,1,3,1,1
110,0,1,3,0,3,3
110,0,1,3,1,3,3
110,0,1,3,3,3,3
110,0,3,0,0,0,0
110,0,3,0,1,0,0
110,0,3,0,3,0,0
110,0,3,1,0,1,1
110,0,3,1,1,1,1
110,0,3,1,3,1,1
110,0,3,3,0,3,3
110,0,3,3,1,3,3
110,0,3,3,3,3,3
110,1,0,0,0,1,1
110,1,0,0,1,1,1
110,1,0,0,3,1,1
110,1,0,1,0,2,2
110,1,0,1,1,2,2
110,1,0,1,3,2,2
110,1,0,3,0,4,4
110,1,0,3,1,4,4
110,1,0,3,3,4,4
110,1,1,0,0,1,1
110,1,1,0,1,1,1
110,1,1,0,3,1,1
110,1,1,1,0,2,2
110,1,1,1,1,2,2
110,1,1,1,3,2,2
110,1,1,3,0,4,4
110,1,1,3,1,4,4
110,1,1,3,3,4,4
110,1,3,0,0,1,1
110,1,3,0,1,1,1
110,1,3,0,3,1,1
110,1,3,1,0,2,2
110,1,3,1,1,2,2
110,1,3,1,3,2,2
110,1,3,3,0,4,4
110,1,3,3,1,4,4
110,1,3,3,3,4,4
110,3,0,0,0,3,3
110,3,0,0,1,3,3
110,3,0,0,3,3,3
110,3,0,1,0,4,4
110,3,0,1,1,4,4
110,3,0,1,3,4,4
110,3,0,3,0,6,6
110,3,0,3,1,6,6
110,3,0,3,3,6,6
110,3,1,0,0,3,3
110,3,1,0,1,3,3
110,3,1,0,3,3,3
110,3,1,1,0,4,4
110,3,1,1,1,4,4
110,3,1,1,3,4,4
110,3,1,3,0,6,6
110,3,1,3,1,6,6
110,3,1,3,3,6,6
110,3,3,0,0,3,3
110,3,3,0,1,3,3
110,3,3,0,3,3,3
110,3,3,1,0,4,4
110,3,3,1,1,4,4
110,3,3,1,3,4,4
110,3,3,3,0,6,6
110,3,3,3,1,6,6
110,3,3,3,3,6,6
111,0,0,0,0,0,0
111,0,0,0,1,0,0
111,0,0,0,3,0,0
111,0,0,1,0,1,1
111,0,0,1,1,1,1
111,0,0,1,3,1,1
111,0,0,3,0,3,3
111,0,0,3,1,3,3
111,0,0,3,3,3,3
111,0,1,0,0,0,0
111,0,1,0,1,0,0
111,0,1,0,3,0,0
111,0,1,1,0,1,1
111,0,1,1,1,1,1
111,0,1,1,3,1,1
111,0,1,3,0,3,3
111,0,1,3,1,3,3
111,0,1,3,3,3,3
111,0,3,0,0,1,1
111,0,3,0,1,1,1
111,0,3,0,3,1,1
111,0,3,1,0,2,2
111,0,3,1,1,2,2
111,0,3,1,3,2,2
111,0,3,3,0,4,4
111,0,3,3,1,4,4
111,0,3,3,3,4,4
111,1,0,0,0,1,1
111,1,0,0,1,1,1
111,1,0,0,3,1,1
111,1,0,1,0,2,2
111,1,0,1,1,2,2
111,1,0,1,3,2,2
111,1,0,3,0,4,4
111,1,0,3,1,4,4
111,1,0,3,3,4,4
111,1,1,0,0,1,1
111,1,1,0,1,1,1
111,1,1,0,3,1,1
111,1,1,1,0,2,2
111,1,1,1,1,2,2
111,1,1,1,3,2,2
111,1,1,3,0,4,4
111,1,1,3,1,4,4
111,1,1,3,3,4,4
111,1,3,0,0,1,1
111,1,3,0,1,1,1
111,1,3,0,3,1,1
111,1,3,1,0,2,2
111,1,3,1,1,2,2
111,1,3,1,3,2,2
111,1,3,3,0,4,4
111,1,3,3,1,4,4
111,1,3,3,3,4,4
111,3,0,0,0,3,3
111,3,0,0,1,3,3
111,3,0,0,3,3,3
111,3,0,1,0,4,4
111,3,0,1,1,4,4
111,3,0,1,3,4,4
111,3,0,3,0,6,6
111,3,0,3,1,6,6
111,3,0,3,3,6,6
111,3,1,0,0,3,3
111,3,1,0,1,3,3
111,3,1,0,3,3,3
111,3,1,1,0,4,4
111,3,1,1,1,4,4
111,3,1,1,3,4,4
111,3,1,3,0,6,6
111,3,1,3,1,6,6
111,3,1,3,3,6,6
111,3,3,0,0,3,3
111,3,3,0,1,3,3
111,3,3,0,3,3,3
111,3,3,1,0,4,4
111,3,3,1,1,4,4
111,3,3,1,3,4,4
111,3,3,3,0,6,6
111,3,3,3,1,6,6
111,3,3,3,3,6,6
112,0,0,0,0,0,0
112,0,0,0,1,0,0
112,0,0,0,3,0,0
112,0,0,1,0,1,1
112,0,0,1,1,1,1
112,0,0,1,3,1,1
112,0,0,3,0,3,3
112,0,0,3,1,3,3
112,0,0,3,3,3,3
112,0,1,0,0,0,0
112,0,1,0,1,0,0
112,0,1,0,3,0,0
112,0,1,1,0,1,1
112,0,1,1,1,1,1
112,0,1,1,3,1,1
112,0,1,3,0,3,3
112,0,1,3,1,3,3
112,0,1,3,3,3,3
112,0,3,0,0,0,0
112,0,3,0,1,0,0
112,0,3,0,3,0,0
112,0,3,1,0,1,1
112,0,3,1,1,1,1
112,0,3,1,3,1,1
112,0,3,3,0,3,3
112,0,3,3,1,3,3
112,0,3,3,3,3,3
112,1,0,0,0,1,1
112,1,0,0,1,1,1
112,1,0,0,3,1,1
112,1,0,1,0,2,2
112,1,0,1,1,2,2
112,1,0,1,3,2,2
112,1,0,3,0,4,4
112,1,0,3,1,4,4
112,1,0,3,3,4,4
112,1,1,0,0,1,1
112,1,1,0,1,1,1
112,1,1,0,3,1,1
112,1,1,1,0,2,2
112,1,1,1,1,2,2
112,1,1,1,3,2,2
112,1,1,3,0,4,4
112,1,1,3,1,4,4
112,1,1,3,3,4,4
112,1,3,0,0,1,1
112,1,3,0,1,1,1
112,1,3,0,3,1,1
112,1,3,1,0,2,2
112,1,3,1,1,2,2
112,1,3,1,3,2,2
112,1,3,3,0,4,4
112,1,3,3,1,4,4
112,1,3,3,3,4,4
112,3,0,0,0,3,3
112,3,0,0,1,3,3
112,3,0,0,3,3,3
112,3,0,1,0,4,4
112,3,0,1,1,4,4
112,3,0,1,3,4,4
112,3,0,3,0,6,6
112,3,0,3,1,6,6
112,3,0,3,3,6,6
112,3,1,0,0,3,3
112,3,1,0,1,3,3
112,3,1,0,3,3,3
112,3,1,1,0,4,4
112,3,1,1,1,4,4
112,3,1,1,3,4,4
112,3,1,3,0,6,6
112,3,1,3,1,6,6
112,3,1,3,3,6,6
112,3,3,0,0,4,4
112,3,3,0,1,4,4
112,3,3,0,3,4,4
112,3,3,1,0,5,5
112,3,3,1,1,5,5
112,3,3,1,3,5,5
112,3,3,3,0,7,7
112,3,3,3,1,7,7
112,3,3,3,3,7,7
113,0,0,0,0,0,0
113,0,0,0,1,0,0
113,0,0,1,0,1,1
113,0,0,1,1,1,1
113,0,0,3,0,3,3
113,0,0,3,1,3,3
113,0,1,0,0,0,0
113,0,1,0,1,0,0
113,0,1,1,0,1,1
113,0,1,1,1,1,1
113,0,1,3,0,3,3
113,0,1,3,1,3,3
113,0,3,0,0,0,0
113,0,3,0,1,0,0
113,0,3,1,0,1,1
113,0,3,1,1,1,1
113,0,3,3,0,3,3
113,0,3,3,1,3,3
113,1,0,0,0,1,1
113,1,0,0,1,1,1
113,1,0,1,0,2,2
113,1,0,1,1,2,2
113,1,0,3,0,4,4
113,1,0,3,1,4,4
113,1,1,0,0,1,1
113,1,1,0,1,1,1
113,1,1,1,0,2,2
113,1,1,1,1,2,2
113,1,1,3,0,4,4
113,1,1,3,1,4,4
113,1,3,0,0,1,1
113,1,3,0,1,1,1
113,1,3,1,0,2,2
113,1,3,1,1,2,2
113,1,3,3,0,4,4
113,1,3,3,1,4,4
113,3,0,0,0,3,3
113,3,0,0,1,3,3
113,3,0,1,0,4,4
113,3,0,1,1,4,4
113,3,0,3,0,6,6
113,3,0,3,1,6,6
113,3,1,0,0,3,3
113,3,1,0,1,3,3
113,3,1,1,0,4,4
113,3,1,1,1,4,4
113,3,1,3,0,6,6
113,3,1,3,1,6,6
113,3,3,0,0,3,3
113,3,3,0,1,3,3
113,3,3,1,0,4,4
113,3,3,1,1,4,4
113,3,3,3,0,6,6
113,3,3,3,1,6,6
114,0,0,0,0,4294967295,4294967295
114,0,0,0,1,4294967295,4294967295
114,0,0,0,3,4294967295,4294967295
114,0,0,1,0,4294967295,4294967295
114,0,0,1,1,4294967295,4294967295
114,0,0,1,3,4294967295,4294967295
114,0,0,3,0,4294967295,4294967295
114,0,0,3,1,4294967295,4294967295
114,0,0,3,3,4294967295,4294967295
114,0,1,0,0,0,0
114,0,1,0,1,0,0
114,0,1,0,3,0,0
114,0,1,1,0,0,0
114,0,1,1,1,0,0
114,0,1,1,3,0,0
114,0,1,3,0,0,0
114,0,1,3,1,0,0
114,0,1,3,3,0,0
114,0,3,0,0,2,2
114,0,3,0,1,2,2
114,0,3,0,3,2,2
114,0,3,1,0,2,2
114,0,3,1,1,2,2
114,0,3,1,3,2,2
114,0,3,3,0,2,2
114,0,3,3,1,2,2
114,0,3,3,3,2,2
114,1,0,0,0,1,1
114,1,0,0,1,1,1
114,1,0,0,3,1,1
114,1,0,1,0,1,1
114,1,0,1,1,1,1
114,1,0,1,3,1,1
114,1,0,3,0,1,1
114,1,0,3,1,1,1
114,1,0,3,3,1,1
114,1,1,0,0,0,0
114,1,1,0,1,0,0
114,1,1,0,3,0,0
114,1,1,1,0,2,2
114,1,1,1,1,2,2
114,1,1,1,3,2,2
114,1,1,3,0,2,2
114,1,1,3,1,2,2
114,1,1,3,3,2,2
114,1,3,0,0,2,2
114,1,3,0,1,2,2
114,1,3,0,3,2,2
114,1,3,1,0,4,4
114,1,3,1,1,4,4
114,1,3,1,3,4,4
114,1,3,3,0,4,4
114,1,3,3,1,4,4
114,1,3,3,3,4,4
114,3,0,0,0,3,3
114,3,0,0,1,3,3
114,3,0,0,3,3,3
114,3,0,1,0,3,3
114,3,0,1,1,3,3
114,3,0,1,3,3,3
114,3,0,3,0,3,3
114,3,0,3,1,3,3
114,3,0,3,3,3,3
114,3,1,0,0,2,2
114,3,1,0,1,2,2
114,3,1,0,3,2,2
114,3,1,1,0,4,4
114,3,1,1,1,4,4
114,3,1,1,3,4,4
114,3,1,3,0,4,4
114,3,1,3,1,4,4
114,3,1,3,3,4,4
114,3,3,0,0,0,0
114,3,3,0,1,0,0
114,3,3,0,3,0,0
114,3,3,1,0,6,6
114,3,3,1,1,6,6
114,3,3,1,3,6,6
114,3,3,3,0,6,6
114,3,3,3,1,6,6
114,3,3,3,3,6,6
115,0,0,0,0,0,0
115,0,0,0,1,0,0
115,0,0,0,3,0,0
115,0,0,1,0,0,0
115,0,0,1,1,0,0
115,0,0,1,3,0,0
115,0,0,3,0,0,0
115,0,0,3,1,0,0
115,0,0,3,3,0,0
115,0,1,0,0,1,1
115,0,1,0,1,1,1
115,0,1,0,3,1,1
115,0,1,1,0,1,1
115,0,1,1,1,1,1
115,0,1,1,3,1,1
115,0,1,3,0,1,1
115,0,1,3,1,1,1
115,0,1,3,3,1,1
115,0,3,0,0,3,3
115,0,3,0,1,3,3
115,0,3,0,3,3,3
115,0,3,1,0,3,3
115,0,3,1,1,3,3
115,0,3,1,3,3,3
115,0,3,3,0,3,3
115,0,3,3,1,3,3
115,0,3,3,3,3,3
115,1,0,0,0,1,1
115,1,0,0,1,1,1
115,1,0,0,3,1,1
115,1,0,1,0,1,1
115,1,0,1,1,1,1
115,1,0,1,3,1,1
115,1,0,3,0,1,1
115,1,0,3,1,1,1
115,1,0,3,3,1,1
115,1,1,0,0,0,0
115,1,1,0,1,0,0
115,1,1,0,3,0,0
115,1,1,1,0,2,2
115,1,1,1,1,2,2
115,1,1,1,3,2,2
115,1,1,3,0,2,2
115,1,1,3,1,2,2
115,1,1,3,3,2,2
115,1,3,0,0,2,2
115,1,3,0,1,2,2
115,1,3,0,3,2,2
115,1,3,1,0,4,4
115,1,3,1,1,4,4
115,1,3,1,3,4,4
115,1,3,3,0,4,4
115,1,3,3,1,4,4
115,1,3,3,3,4,4
115,3,0,0,0,3,3
115,3,0,0,1,3,3
115,3,0,0,3,3,3
115,3,0,1,0,3,3
115,3,0,1,1,3,3
115,3,0,1,3,3,3
115,3,0,3,0,3,3
115,3,0,3,1,3,3
115,3,0,3,3,3,3
115,3,1,0,0,2,2
115,3,1,0,1,2,2
115,3,1,0,3,2,2
115,3,1,1,0,4,4
115,3,1,1,1,4,4
115,3,1,1,3,4,4
115,3,1,3,0,4,4
115,3,1,3,1,4,4
115,3,1,3,3,4,4
115,3,3,0,0,0,0
115,3,3,0,1,0,0
115,3,3,0,3,0,0
115,3,3,1,0,6,6
115,3,3,1,1,6,6
115,3,3,1,3,6,6
115,3,3,3,0,6,6
115,3,3,3,1,6,6
115,3,3,3,3,6,6
116,0,0,0,0,0,0
116,0,0,0,1,0,0
116,0,0,0,3,0,0
116,0,0,1,0,0,0
116,0,0,1,1,0,0
116,0,0,1,3,0,0
116,0,0,3,0,0,0
116,0,0,3,1,0,0
116,0,0,3,3,0,0
116,0,1,0,0,1,1
116,0,1,0,1,1,1
116,0,1,0,3,1,1
116,0,1,1,0,1,1
116,0,1,1,1,1,1
116,0,1,1,3,1,1
116,0,1,3,0,1,1
116,0,1,3,1,1,1
116,0,1,3,3,1,1
116,0,3,0,0,3,3
116,0,3,0,1,3,3
116,0,3,0,3,3,3
116,0,3,1,0,3,3
116,0,3,1,1,3,3
116,0,3,1,3,3,3
116,0,3,3,0,3,3
116,0,3,3,1,3,3
116,0,3,3,3,3,3
116,1,0,0,0,1,1
116,1,0,0,1,1,1
116,1,0,0,3,1,1
116,1,0,1,0,1,1
116,1,0,1,1,1,1
116,1,0,1,3,1,1
116,1,0,3,0,1,1
116,1,0,3,1,1,1
116,1,0,3,3,1,1
116,1,1,0,0,0,0
116,1,1,0,1,0,0
116,1,1,0,3,0,0
116,1,1,1,0,2,2
116,1,1,1,1,2,2
116,1,1,1,3,2,2
116,1,1,3,0,2,2
116,1,1,3,1,2,2
116,1,1,3,3,2,2
116,1,3,0,0,2,2
116,1,3,0,1,2,2
116,1,3,0,3,2,2
116,1,3,1,0,4,4
116,1,3,1,1,4,4
116,1,3,1,3,4,4
116,1,3,3,0,4,4
116,1,3,3,1,4,4
116,1,3,3,3,4,4
116,3,0,0,0,3,3
116,3,0,0,1,3,3
116,3,0,0,3,3,3
116,3,0,1,0,3,3
116,3,0,1,1,3,3
116,3,0,1,3,3,3
116,3,0,3,0,3,3
116,3,0,3,1,3,3
116,3,0,3,3,3,3
116,3,1,0,0,2,2
116,3,1,0,1,2,2
116,3,1,0,3,2,2
116,3,1,1,0,4,4
116,3,1,1,1,4,4
116,3,1,1,3,4,4
116,3,1,3,0,4,4
116,3,1,3,1,4,4
116,3,1,3,3,4,4
116,3,3,0,0,0,0
116,3,3,0,1,0,0
116,3,3,0,3,0,0
116,3,3,1,0,6,6
116,3,3,1,1,6,6
116,3,3,1,3,6,6
116,3,3,3,0,6,6
116,3,3,3,1,6,6
116,3,3,3,3,6,6
117,0,0,0,0,0,0
117,0,0,0,1,0,0
117,0,0,0,3,0,0
117,0,0,1,0,0,0
117,0,0,1,1,0,0
117,0,0,1,3,0,0
117,0,0,3,0,0,0
117,0,0,3,1,0,0
117,0,0,3,3,0,0
117,0,1,0,0,1,1
117,0,1,0,1,1,1
117,0,1,0,3,1,1
117,0,1,1,0,1,1
117,0,1,1,1,1,1
117,0,1,1,3,1,1
117,0,1,3,0,1,1
117,0,1,3,1,1,1
117,0,1,3,3,1,1
117,0,3,0,0,4,4
117,0,3,0,1,4,4
117,0,3,0,3,4,4
117,0,3,1,0,4,4
117,0,3,1,1,4,4
117,0,3,1,3,4,4
117,0,3,3,0,4,4
117,0,3,3,1,4,4
117,0,3,3,3,4,4
117,1,0,0,0,1,1
117,1,0,0,1,1,1
117,1,0,0,3,1,1
117,1,0,1,0,1,1
117,1,0,1,1,1,1
117,1,0,1,3,1,1
117,1,0,3,0,1,1
117,1,0,3,1,1,1
117,1,0,3,3,1,1
117,1,1,0,0,0,0
117,1,1,0,1,0,0
117,1,1,0,3,0,0
117,1,1,1,0,2,2
117,1,1,1,1,2,2
117,1,1,1,3,2,2
117,1,1,3,0,2,2
117,1,1,3,1,2,2
117,1,1,3,3,2,2
117,1,3,0,0,2,2
117,1,3,0,1,2,2
117,1,3,0,3,2,2
117,1,3,1,0,4,4
117,1,3,1,1,4,4
117,1,3,1,3,4,4
117,1,3,3,0,4,4
117,1,3,3,1,4,4
117,1,3,3,3,4,4
117,3,0,0,0,3,3
117,3,0,0,1,3,3
117,3,0,0,3,3,3
117,3,0,1,0,3,3
117,3,0,1,1,3,3
117,3,0,1,3,3,3
117,3,0,3,0,3,3
117,3,0,3,1,3,3
117,3,0,3,3,3,3
117,3,1,0,0,2,2
117,3,1,0,1,2,2
117,3,1,0,3,2,2
117,3,1,1,0,4,4
117,3,1,1,1,4,4
117,3,1,1,3,4,4
117,3,1,3,0,4,4
117,3,1,3,1,4,4
117,3,1,3,3,4,4
117,3,3,0,0,0,0
117,3,3,0,1,0,0
117,3,3,0,3,0,0
117,3,3,1,0,6,6
117,3,3,1,1,6,6
117,3,3,1,3,6,6
117,3,3,3,0,6,6
117,3,3,3,1,6,6
117,3,3,3,3,6,6
118,0,0,0,0,0,0
118,0,0,0,1,0,0
118,0,0,0,3,0,0
118,0,0,1,0,0,0
118,0,0,1,1,0,0
118,0,0,1,3,0,0
118,0,0,3,0,0,0
118,0,0,3,1,0,0
118,0,0,3,3,0,0
118,0,1,0,0,1,1
118,0,1,0,1,1,1
118,0,1,0,3,1,1
118,0,1,1,0,1,1
118,0,1,1,1,1,1
118,0,1,1,3,1,1
118,0,1,3,0,1,1
118,0,1,3,1,1,1
118,0,1,3,3,1,1
118,0,3,0,0,3,3
118,0,3,0,1,3,3
118,0,3,0,3,3,3
118,0,3,1,0,3,3
118,0,3,1,1,3,3
118,0,3,1,3,3,3
118,0,3,3,0,3,3
118,0,3,3,1,3,3
118,0,3,3,3,3,3
118,1,0,0,0,1,1
118,1,0,0,1,1,1
118,1,0,0,3,1,1
118,1,0,1,0,1,1
118,1,0,1,1,1,1
118,1,0,1,3,1,1
118,1,0,3,0,1,1
118,1,0,3,1,1,1
118,1,0,3,3,1,1
118,1,1,0,0,0,0
118,1,1,0,1,0,0
118,1,1,0,3,0,0
118,1,1,1,0,2,2
118,1,1,1,1,2,2
118,1,1,1,3,2,2
118,1,1,3,0,2,2
118,1,1,3,1,2,2
118,1,1,3,3,2,2
118,1,3,0,0,2,2
118,1,3,0,1,2,2
118,1,3,0,3,2,2
118,1,3,1,0,4,4
118,1,3,1,1,4,4
118,1,3,1,3,4,4
118,1,3,3,0,4,4
118,1,3,3,1,4,4
118,1,3,3,3,4,4
118,3,0,0,0,3,3
118,3,0,0,1,3,3
118,3,0,0,3,3,3
118,3,0,1,0,3,3
118,3,0,1,1,3,3
118,3,0,1,3,3,3
118,3,0,3,0,3,3
118,3,0,3,1,3,3
118,3,0,3,3,3,3
118,3,1,0,0,2,2
118,3,1,0,1,2,2
118,3,1,0,3,2,2
118,3,1,1,0,4,4
118,3,1,1,1,4,4
118,3,1,1,3,4,4
118,3,1,3,0,4,4
118,3,1,3,1,4,4
118,3,1,3,3,4,4
118,3,3,0,0,1,1
118,3,3,0,1,1,1
118,3,3,0,3,1,1
118,3,3,1,0,7,7
118,3,3,1,1,7,7
118,3,3,1,3,7,7
118,3,3,3,0,7,7
118,3,3,3,1,7,7
118,3,3,3,3,7,7
119,0,0,0,0,0,0
119,0,0,0,1,0,0
119,0,0,1,0,0,0
119,0,0,1,1,0,0
119,0,0,3,0,0,0
119,0,0,3,1,0,0
119,0,1,0,0,1,1
119,0,1,0,1,1,1
119,0,1,1,0,1,1
119,0,1,1,1,1,1
119,0,1,3,0,1,1
119,0,1,3,1,1,1
119,0,3,0,0,3,3
119,0,3,0,1,3,3
119,0,3,1,0,3,3
119,0,3,1,1,3,3
119,0,3,3,0,3,3
119,0,3,3,1,3,3
119,1,0,0,0,1,1
119,1,0,0,1,1,1
119,1,0,1,0,1,1
119,1,0,1,1,1,1
119,1,0,3,0,1,1
119,1,0,3,1,1,1
119,1,1,0,0,0,0
119,1,1,0,1,0,0
119,1,1,1,0,2,2
119,1,1,1,1,2,2
119,1,1,3,0,2,2
119,1,1,3,1,2,2
119,1,3,0,0,2,2
119,1,3,0,1,2,2
119,1,3,1,0,4,4
119,1,3,1,1,4,4
119,1,3,3,0,4,4
119,1,3,3,1,4,4
119,3,0,0,0,3,3
119,3,0,0,1,3,3
119,3,0,1,0,3,3
119,3,0,1,1,3,3
119,3,0,3,0,3,3
119,3,0,3,1,3,3
119,3,1,0,0,2,2
119,3,1,0,1,2,2
119,3,1,1,0,4,4
119,3,1,1,1,4,4
119,3,1,3,0,4,4
119,3,1,3,1,4,4
119,3,3,0,0,0,0
119,3,3,0,1,0,0
119,3,3,1,0,6,6
119,3,3,1,1,6,6
119,3,3,3,0,6,6
119,3,3,3,1,6,6
